,fft_low_freq_ratio,fft_mid_freq_ratio,fft_high_freq_ratio,fft_spectral_centroid,synth_r_p2_x_mean,synth_r_p2_y_mean,synth_r_p2_d_mean,synth_r_p4_x_mean,synth_r_p4_y_mean,synth_r_p4_d_mean,synth_r_p8_x_mean,synth_r_p8_y_mean,synth_r_p8_d_mean,synth_r_fft_highfreq_ratio,synth_g_p2_x_mean,synth_g_p2_y_mean,synth_g_p2_d_mean,synth_g_p4_x_mean,synth_g_p4_y_mean,synth_g_p4_d_mean,synth_g_p8_x_mean,synth_g_p8_y_mean,synth_g_p8_d_mean,synth_g_fft_highfreq_ratio,synth_b_p2_x_mean,synth_b_p2_y_mean,synth_b_p2_d_mean,synth_b_p4_x_mean,synth_b_p4_y_mean,synth_b_p4_d_mean,synth_b_p8_x_mean,synth_b_p8_y_mean,synth_b_p8_d_mean,synth_b_fft_highfreq_ratio,LL3_energy,LL3_entropy,LH3_energy,LH3_absmean,LH3_entropy,HL3_energy,HL3_absmean,HL3_entropy,HH3_energy,HH3_absmean,HH3_entropy,LH2_energy,LH2_absmean,LH2_entropy,HL2_energy,HL2_absmean,HL2_entropy,HH2_energy,HH2_absmean,HH2_entropy,LH1_energy,LH1_absmean,LH1_entropy,HL1_energy,HL1_absmean,HL1_entropy,HH1_energy,HH1_absmean,HH1_entropy,detail_energy_ratio,lbp_bin_0,lbp_bin_1,lbp_bin_2,lbp_bin_3,lbp_bin_4,lbp_bin_5,lbp_bin_6,lbp_bin_7,lbp_bin_8,lbp_bin_nonuniform,lbp_entropy,lbp_uniformity,lbp_dominant_bin,lbp_mean_code,lbp_std_code,lbp_nonuniform_ratio,mfr_absmean,mfr_std,mfr_energy,mfr_kurtosis,mfr_entropy,dct_ac_mean_abs,dct_ac_energy,dct_ac_kurtosis,dct_sparsity_ratio,dct_low_freq_ratio,dct_mid_freq_ratio,dct_high_freq_ratio,dct_anisotropy,dct_benford_ssd,dct_block_var_mean,ela_q95_mean,ela_q90_mean,ela_q75_mean,ela_q60_mean,ela_q90_energy,ela_slope_q90_q75,ela_ratio_q90_q75,ela_q90_gini,phase_corr_q90,phase_corr_q75,phase_diff_energy_q90,phase_hf_stability_q90,grid_h_ratio,grid_v_ratio,grid_strength,grid_anisotropy
fft_low_freq_ratio,1.0,-0.9881624549786752,-0.8951986026461324,-0.9709046722780049,-0.21643227613773403,-0.2278475977121336,-0.46727537968166905,-0.42799815427972804,-0.4469238095082178,-0.5033341454388427,-0.370843052706774,-0.36476444688048776,-0.4403873315539004,-0.08717563712337409,-0.23937789733159287,-0.23920306144283587,-0.4523003165249998,-0.46506650989737275,-0.4571267407188352,-0.5083610924969656,-0.3762882418413113,-0.3691263257313822,-0.4246397545865621,-0.07291005298955003,-0.19984407077980956,-0.19880534367199587,-0.4619644175467774,-0.4340939844858687,-0.42460880648094373,-0.5019096691351524,-0.37557689585633985,-0.36695756946363345,-0.42149810653638453,-0.038006755632584904,0.13656676133511556,0.060106276087203744,-0.2565761600383956,-0.3315450118948332,-0.2540553382060355,-0.3023425562827012,-0.39318660314855525,-0.33488942186269843,-0.47784105599357457,-0.5125041391359159,-0.3360148718124328,-0.4674261229535365,-0.5247706596562227,-0.3058232502924614,-0.49051942333691406,-0.5700388766853242,-0.37722409910922233,-0.6401106860893673,-0.6515379241333042,-0.37901085488078995,-0.631754221770042,-0.6573852964384422,-0.336197355971009,-0.6430341070292857,-0.6897686524582527,-0.3946275766020706,-0.6724700241599504,-0.6955557796448851,-0.38724384531775147,-0.410577475080845,-0.5522986171258392,-0.5605381984076264,-0.19635651990995823,0.1724573226224749,0.325891963426777,0.4499669493230592,0.2689777323702715,-0.3522423399460773,0.13126417562498896,-0.48688384848047284,-0.2636898731048252,0.17287043541027852,0.047307667558576724,-0.08953401339869821,-0.5274925327263441,-0.48688384848047284,-0.7596382290159157,-0.7668989692928437,-0.7522493668890403,0.29296839594302954,-0.516959548631319,-0.7058419509849518,-0.534889277419455,0.5290451021663363,0.47071752239570697,0.6839908528049617,-0.7094482077925477,-0.5062289410926425,0.014154137524233749,-0.026324906986965817,-0.5355799980379148,-0.5394275975112575,-0.6085481206401342,-0.6665822970238112,-0.6874743869516552,-0.5800328186894979,-0.7002582852907866,0.38646221546790827,0.2282894131215956,-0.5131570267304332,-0.5248148704660854,0.5019849799716067,-0.5037711672213678,-0.011939562672483587,0.05110316067041712,0.02389450282183951,-0.00340652593386462
fft_mid_freq_ratio,-0.9881624549786752,1.0,0.8162313219967028,0.9651021276537594,0.1880389727719453,0.19985975247843918,0.45451496887618714,0.38979537966552813,0.40295417123335636,0.4576760695147547,0.3291467177386537,0.317961383972431,0.4085318241079102,0.12340960504855693,0.21129610498123758,0.2116717760158475,0.44092948655568714,0.42822630190508293,0.41089114365546414,0.46323925462697435,0.335450907600201,0.3224200656210217,0.39586940359833805,0.11077388836229657,0.1759853313262229,0.16969468583618613,0.44920035053960927,0.4003061317209225,0.3778482417905191,0.4577392666886351,0.3350711087296814,0.3199396587796174,0.3906936300915707,0.07998675438678078,-0.15578237976961679,-0.052132068756515944,0.2900309771226234,0.37017467039096325,0.27727365092067097,0.3267117068124643,0.422199291645035,0.3552658244838708,0.5104419593303227,0.540645406229043,0.34845152998703394,0.5002729033239214,0.5548452780784799,0.32421448237913886,0.5141227808610567,0.5919050356656181,0.3925602580167262,0.6492125376449015,0.6542372040377098,0.3821689403436128,0.6331026093463146,0.6556136532016249,0.3485036280744409,0.6389974616241417,0.6827837866924078,0.4043845661927859,0.61781156590168,0.6467757463824788,0.3851140488090258,0.45323017591239245,0.4980360573579442,0.5230643365614889,0.2160872285285616,-0.10775781607967747,-0.25740120432763147,-0.4132717104618402,-0.2626100922309282,0.2953084339926934,-0.15336049775143296,0.4256633219115228,0.2547758570985995,-0.16871473775806345,-0.05706190186539878,0.029487814493422783,0.47337488196500715,0.4256633219115228,0.7115866988496282,0.7252752179562151,0.704687621267786,-0.2942488810949789,0.4973238428279552,0.6991934863634898,0.5583783421206835,-0.5400150818222056,-0.4582369119763427,-0.6085627235927527,0.6474052609043418,0.40599464149510134,-0.009473226021222173,-0.011263370421875064,0.5591248957737872,0.5271065699650523,0.5880401883543622,0.6381335159955229,0.6581819828576849,0.5537790545473236,0.6619223723066899,-0.35685942467143833,-0.24031827661343982,0.4634017630233314,0.47846866782823966,-0.4522790057697024,0.4513323403023717,0.001821715389637159,-0.060148144052319816,-0.03657908860295684,0.014859793322516086
fft_high_freq_ratio,-0.8951986026461324,0.8162313219967028,1.0,0.8526210666700202,0.2687910902513161,0.27743979986848843,0.43930491065836075,0.4794063297829337,0.5124508378072355,0.5659142576217725,0.440355552561796,0.44995843189957513,0.47163172255006686,-0.0302197221073956,0.2876379873634964,0.2858883973044421,0.4223774518118318,0.50735675586566,0.527816331326826,0.5686837877332905,0.4425473829806198,0.4534319603581879,0.4491135574811108,-0.0472345144555876,0.24133873350698654,0.25570185667590567,0.43474390228346094,0.4718280318237155,0.5013496707079979,0.5603663901516945,0.4409718825076328,0.45247045219569626,0.452318458001396,-0.0892373031954664,-0.061735359452323064,-0.07490533875316796,0.12367510325176587,0.17317592504146942,0.1512430576886472,0.18946585113295059,0.25417557715907807,0.2290817651361593,0.3166229409250633,0.3594167525803162,0.2531159329099632,0.3069433090576936,0.36435936052423645,0.2098283248376178,0.3536749770412712,0.4271727780697451,0.28016602792791045,0.5245722249817298,0.5530087395750702,0.31708201091216,0.5399030880672725,0.5710304660393141,0.2536517187291732,0.5652567628884128,0.6140511248868704,0.3113548570081662,0.737654564038693,0.740449908387452,0.33953056457330333,0.22952056951715033,0.633059780729366,0.5913805053500512,0.11170693777706366,-0.3364084850374783,-0.47950033971512857,-0.493937507362563,-0.25003672067640076,0.4686098703090127,-0.0488026982862442,0.5969633298433078,0.25288282859942535,-0.16088139221706385,-0.012386589484776155,0.2515090497459762,0.6112854884381077,0.5969633298433078,0.7934963884597941,0.7810734584021972,0.7857130670094539,-0.24847044669776933,0.5020467964714809,0.6269098939335362,0.39220095289276463,-0.42353892034356655,-0.4414552954049061,-0.8079088621621339,0.7909381380800121,0.7269528891087457,-0.02578254712510087,0.13185648808545458,0.3926333347302546,0.5001379518487247,0.5834209721944627,0.6564459389581629,0.6768808189518843,0.5755666786083545,0.7141571779979048,-0.4186682056543441,-0.16156940293853794,0.5862723570821244,0.5864039630948016,-0.5765121686784354,0.5859888178903838,0.03967039475496525,-0.017714095650291167,0.016280629276410667,-0.03034008483436755
fft_spectral_centroid,-0.9709046722780049,0.9651021276537594,0.8526210666700202,1.0,0.21623021319189042,0.2145450524638246,0.452408616970176,0.4143206778218675,0.4265589781915142,0.49453822948153464,0.34012861247042336,0.3286461635130114,0.43932172869660097,0.046567377643976456,0.2302042755187711,0.22098755254762448,0.44152831336717036,0.4412871075533756,0.4329590896261884,0.5034387506578628,0.3461916781673322,0.33266910231885033,0.4299281138278179,0.032360012862508905,0.19909315761206625,0.18758010637870925,0.45219014419721737,0.4248123758083467,0.4105921648985395,0.4992635195274114,0.3452320980888864,0.3307429890686327,0.4268355486808548,-0.002763740118576793,-0.1560244983149686,-0.05460725201635219,0.3301556106594718,0.40312463861543507,0.27848825657476506,0.38318473643896933,0.4713227774781747,0.35967524651029176,0.5199266846631752,0.5515447439087753,0.3437142812902187,0.502184342732276,0.5571016975452383,0.31631465403236614,0.5289289090297162,0.6067069902825825,0.3907380914890328,0.6289425935775176,0.6431791967830404,0.37426803604561387,0.6253341705775871,0.6498411974122205,0.33103145797187505,0.6386594734046531,0.6866510321305579,0.3940705951780435,0.6407937088595472,0.6644814991306234,0.3658560601821185,0.4848551755827289,0.49765875424452016,0.5053410007784149,0.1724155277476117,-0.12602729133940832,-0.23877976167375817,-0.4111112517431682,-0.2907126146900403,0.2902769390645204,-0.15767503158760268,0.43739561649692443,0.20852900014191472,-0.12345819814498982,-0.004310838048210624,0.04014592818487933,0.46499865191304884,0.43739561649692443,0.706703554886701,0.7183860320274112,0.6988705752739216,-0.27378709535548107,0.4747008624742344,0.7124904783822096,0.5838577089277757,-0.5363555728617511,-0.47072142501490677,-0.5638415262914975,0.581157453412434,0.4273693077287478,0.004090550891300299,0.02346534862849673,0.5843495137061372,0.5431053137479398,0.6046076793849984,0.654840793292158,0.6740189302800853,0.5765017132153716,0.6774404458462897,-0.356528161609693,-0.2287487114308344,0.5107878365887936,0.5162904842516014,-0.5009174454140891,0.5011913596775499,0.008504545539524296,-0.056990050318214115,-0.028879707452429404,0.029635337911491418
synth_r_p2_x_mean,-0.21643227613773403,0.1880389727719453,0.2687910902513161,0.21623021319189042,1.0,0.6055910862819894,0.24031973575661394,0.3081447290239585,0.22958825185747017,0.2564748203499439,0.1000020660376076,0.13470796929419554,0.24618515414895045,-0.018609967203463213,0.9438499525769475,0.577174275960203,0.22966398008996977,0.19146285247631345,0.1727758947805442,0.2461499843463756,0.10563728753435324,0.13341826862974507,0.23717088280528975,-0.03306291454100932,0.9106258838092272,0.581683904075434,0.22834317220217273,0.2780845863127388,0.23194579457449227,0.2701286357541167,0.09905221700325617,0.13129723259389428,0.23380515518975314,-0.06330636633527283,0.1768515033060101,-0.0073793909766739765,0.08316226451612264,0.03131650059107531,-0.10279467121348047,0.17556143327127002,0.14364043380204763,-0.017592950817554073,0.15308727494882607,0.10352949374269274,-0.07157198403723183,0.12154758661383185,0.06732491008217413,-0.11722757654158436,0.21986434120703288,0.16807952758724645,-0.03857629190381903,0.2200495061463911,0.15287954052946964,-0.09335324151640519,0.19571272729042566,0.1159605072737702,-0.17599875390590358,0.2716902383718341,0.20165269766496974,-0.08771415158497037,0.2848566368332985,0.20889659296218535,-0.17736590215799505,0.05278542851917416,0.05374000562650162,0.08303682776606998,-0.19757143645555514,-0.23612485848140605,-0.2300765954636082,-0.09215681172883392,0.08293855979379783,0.26346771765121596,0.17435536205263297,0.10349509090464255,0.03636472844100175,-0.059398421533145764,-0.06680216795973766,0.255528377140022,0.10757027131562452,0.10349509090464255,0.22294412530528637,0.2899435624932874,0.29767084157441515,0.09118766823658006,-0.033130197570900556,0.2087214557508467,0.20830566910164658,-0.05945406087850085,-0.07026749627501218,-0.23758802759254846,0.22396100986100845,0.23746645742345965,0.057925601554202746,0.09680193094545754,0.20840397807342168,0.14235198391650655,0.15045185064235056,0.16754624561190087,0.17710109118397416,0.20996495223470488,0.17988838753302763,-0.07733926663512196,0.13951689231855163,0.3869095520378803,0.372076425701424,-0.38715594232764383,0.39189170939570855,0.09345544978360845,0.046138099387906244,0.07925293596227553,0.09174769957615984
synth_r_p2_y_mean,-0.2278475977121336,0.19985975247843918,0.27743979986848843,0.2145450524638246,0.6055910862819894,1.0,0.23760161404835964,0.29384642604466854,0.26895246816239365,0.26617357266638836,0.11057555402151725,0.13476755499126786,0.25462760048980354,-0.014487908767476285,0.5798061622405674,0.9461643763738321,0.22120748003913765,0.22446157323568883,0.20669689154546847,0.25179450160482253,0.1133076325323615,0.13269637483939595,0.2508856820939369,-0.028301094706580984,0.5784763439977137,0.9137233945063679,0.22578614059982582,0.2904570533543054,0.2718461973542087,0.2737435996758988,0.10766824507537913,0.13347975025364683,0.254819309430649,-0.05657115992991568,0.18338932962052756,0.008060232448049208,0.11674262290840888,0.07600068179321644,-0.029887927941991736,0.13877721776835406,0.10973483381848086,-0.016808173438785594,0.16576803444871924,0.11435321853835805,-0.03866100946628587,0.17622230222770027,0.12475016947612938,-0.04007160275166257,0.20326437289287924,0.14798912486275143,-0.03777001252000733,0.24983018984783978,0.1761015442784748,-0.061642685319154886,0.25331463588058734,0.1757039655500036,-0.09251039244533756,0.24913721671085298,0.18166358962919363,-0.08982962488180929,0.31083529201905424,0.2330143934313241,-0.14183379853934147,0.041732799686379815,0.06073786812959362,0.06686988009542899,-0.16967837789262483,-0.21462590649970256,-0.22652461669483773,-0.08635504950010943,0.10310654403762755,0.23453193431557878,0.1619047416939181,0.10438672588851727,0.0684138237565526,-0.08926353460016019,-0.0924987345453968,0.24253319333432297,0.11405982566759765,0.10438672588851727,0.24507484281695768,0.309239488454369,0.3153707265965707,0.05206438677646568,-0.003398452303293974,0.22753728940636003,0.21977001616724856,-0.07813931945846463,-0.07474365729408373,-0.2445589545946043,0.23373310831497088,0.23565479916683768,0.004210074881212413,0.06963364640252914,0.21991289882690593,0.1370298534787428,0.1507339871321973,0.17442460062211135,0.18629093196676663,0.20751947556675232,0.19638891758027952,-0.12390199355493796,0.13832531763361874,0.3817751430316185,0.36797597218397765,-0.3807076679699962,0.38548325432187963,0.03694809043150509,0.04273491839178795,0.04404588698629222,0.00015514606140205938
synth_r_p2_d_mean,-0.46727537968166905,0.45451496887618714,0.43930491065836075,0.452408616970176,0.24031973575661394,0.23760161404835964,1.0,0.32243308062184894,0.334453205390767,0.4382335364558446,0.28204530361816904,0.29849726604256105,0.5152399018731735,0.011367503621618869,0.24594791302037158,0.2539648647967978,0.9517268431200608,0.335870172665788,0.3453477234933916,0.4447935180231859,0.28753815008002537,0.30007109031532186,0.4893174696749483,-0.004286507354706952,0.20331572727383787,0.21914848380682592,0.9199564615499607,0.31806137832902226,0.31473213038537534,0.43923917597237244,0.2885170539918094,0.29991568025638643,0.49696014274170114,-0.03148820113880487,-0.009705555010762137,0.07947541898270497,0.3223675271898882,0.35153945691065525,0.1794812662546294,0.3133459494507757,0.3696169853353854,0.2437034734199652,0.5352487409123746,0.5262766743222852,0.2708952974486459,0.4151060245854676,0.44092521466247003,0.21347380466552873,0.40123958041117946,0.4457319055691791,0.25706463965078885,0.6323665742303077,0.5993337111118853,0.2930569025118168,0.5079734616801707,0.5186819631710013,0.23949155381358014,0.477357410322985,0.5076411046619342,0.2692810819927098,0.6105369823643553,0.5991046109315388,0.28407129806878173,0.34031101066095854,0.407885953675101,0.3758506341322698,0.18542415650577895,-0.11576252349026198,-0.23031479301099725,-0.37821639618567776,-0.16229101498663623,0.1877849725047302,-0.09340074708257207,0.38790388668953935,0.24436556571779827,-0.18192344258485,-0.08564861691872157,0.08120729735286322,0.413018296416375,0.38790388668953935,0.5346837678661462,0.5508205290670734,0.5152143419448318,-0.18077923740420593,0.344511929859349,0.5860864235037389,0.4902187433523982,-0.37547782609210295,-0.3588457681379048,-0.4332866989446918,0.4197693592344758,0.4019802937500132,-0.10766594614862136,-0.0563982712506516,0.4905485028993138,0.41499173797238453,0.47547963739677607,0.5307395780840647,0.5495321757153581,0.4494818157477681,0.5715521015956138,-0.35732624102240784,-0.13970591653244852,0.5360791653237549,0.5506623965573996,-0.5266346824792498,0.5274941570673873,0.029057735900838797,-0.030434745908154502,0.005246911165717366,-0.1348250928276549
synth_r_p4_x_mean,-0.42799815427972804,0.38979537966552813,0.4794063297829337,0.4143206778218675,0.3081447290239585,0.29384642604466854,0.32243308062184894,1.0,0.4908854754122941,0.45509361306095675,0.4338807145162688,0.4574163592384395,0.38153753465448736,-0.005716771925861919,0.25903560099320067,0.25392321169626453,0.3139281010797179,0.8559605435366789,0.44653954625044473,0.4468561350004931,0.4323633724071936,0.45389302367821366,0.3532163974990974,-0.024277197911055565,0.2462766863778293,0.22722087050149295,0.323142859030969,0.8146683764947071,0.4482896139786742,0.43606972055948995,0.4215256357992464,0.451448477166375,0.35731867103098747,-0.061956587154315304,0.010764480656871292,0.06046760824870749,0.2357584157277116,0.23474928270639941,0.09368843960161428,0.2945783717408025,0.316865153075731,0.1862637558832859,0.3066014166375331,0.3265132156924186,0.1979960586962462,0.3221480462898018,0.32889827180714926,0.1350463812257164,0.37101139462328103,0.39661364717899095,0.21492146826286057,0.39593584904660145,0.41489952371520933,0.23379082119448935,0.4320135576495761,0.4288436521158697,0.16308167297334192,0.4757177839250534,0.48729893448320816,0.23775603713968635,0.5075831674457131,0.5193375976703556,0.243902974740283,0.2345287036696329,0.4278018616958748,0.3978362421693721,0.08625792537725421,-0.18519909943072602,-0.2964607640389879,-0.3501948210613731,-0.194057766889544,0.2726110687997768,-0.0471215609089545,0.4014766730463556,0.2303066181047791,-0.16829625880365617,-0.07028345572383508,0.14517903070754523,0.42679157282815267,0.4014766730463556,0.5492681525748416,0.5685819276182823,0.5511739257984314,-0.16418205783070117,0.33224996927653927,0.5056933424985872,0.4118884509846976,-0.3019008199489805,-0.3511713590978602,-0.4227528300275451,0.4093072058873027,0.3929121175994333,-0.014002155884891626,0.05889401556990659,0.4119181132514163,0.4348005158554151,0.47591349470652194,0.5026404129178574,0.5070756702624396,0.47317862315954645,0.5016914963931958,-0.21317151438061607,-0.09881492380562865,0.4862977972124617,0.4822720961865056,-0.47938996519856536,0.48403154314913477,0.1152641826910604,0.02063216524393301,0.08544663717281117,-0.038369869103239855
synth_r_p4_y_mean,-0.4469238095082178,0.40295417123335636,0.5124508378072355,0.4265589781915142,0.22958825185747017,0.26895246816239365,0.334453205390767,0.4908854754122941,1.0,0.4657025752817481,0.45928137855226203,0.500177292913828,0.40720378274645275,0.008316465683203057,0.2112505737174515,0.24302955328764134,0.3247192710531253,0.461233607508693,0.9045321959173912,0.4611102345413124,0.46024826496855276,0.5000214335227144,0.379760172845811,0.000582057615732087,0.19091379788568538,0.2382117116268715,0.33242162370851225,0.44833171759143314,0.8471019146221409,0.45499322591524727,0.4562049405026455,0.49671008528147786,0.3813261950284836,-0.039230475394031745,0.001964899522242565,0.0383357660444159,0.21289333176136357,0.21081419030441467,0.08571839295671758,0.27260725513565665,0.2928648344715204,0.18074961345738164,0.3151211117058017,0.3277726560772185,0.1958319007859643,0.30088247489866543,0.3093350918817571,0.1382214777537874,0.3366187301709888,0.37221781987250097,0.22022021389940122,0.4200930822555723,0.43168846860903726,0.24885792916440833,0.4151548960704258,0.4215324491482064,0.177001484763322,0.46441616873458796,0.48195977361155534,0.2381638517651163,0.5433770677852057,0.5494041503971511,0.27110891320968844,0.2281776314550877,0.4564324617458396,0.4044886954379633,0.11233072784127394,-0.18341158842226896,-0.3157585765451766,-0.37974171218336655,-0.18559648238360577,0.28033393729648415,-0.056417592439648355,0.43502943396263255,0.2275336447158934,-0.15880115803272604,-0.047113327310395775,0.15536436102722387,0.44784021053237927,0.43502943396263255,0.5558559316177341,0.5657000909031905,0.5530472369907725,-0.16535289326190097,0.3492749348278117,0.5011622214908581,0.39006126554726,-0.2946676436614497,-0.35637857468231093,-0.4613263414764343,0.44180384477859125,0.4420643781963282,-0.03344196041833018,0.08586408481861452,0.3902479699787934,0.4474779423602639,0.48818763785782915,0.5150845220039176,0.5196801071016072,0.4823983109313246,0.5133516802445917,-0.2045027926550199,-0.12249727344264702,0.47343820960810334,0.4785523264331399,-0.4656046564344118,0.47107182268627046,0.07479893207261264,0.05255191270814703,0.08846929619907103,-0.04704118196296392
synth_r_p4_d_mean,-0.5033341454388427,0.4576760695147547,0.5659142576217725,0.49453822948153464,0.2564748203499439,0.26617357266638836,0.4382335364558446,0.45509361306095675,0.4657025752817481,1.0,0.3525237303686046,0.3889123260913593,0.5657491189618422,-0.11671730629302142,0.2627432809890923,0.27549225327856697,0.4414371659486753,0.465110965086751,0.4698970613517255,0.9619940433605141,0.35628551367069017,0.39519275978943935,0.5523113559621151,-0.1274783593145126,0.2406236072903167,0.2556508947426781,0.44762978641027906,0.4395423671013733,0.464262962507872,0.9352744509131736,0.3522459390174547,0.3939897670935276,0.5524827503812714,-0.17236967364300726,0.05084207352185759,0.028528730132978783,0.29239754741835233,0.29477738196632197,0.0993889059370083,0.37888160227129036,0.4017002719286244,0.19651174036154787,0.5063139879580151,0.4953641922886261,0.2352922699111083,0.3998933527091014,0.40375742990565106,0.15007956399303915,0.456163884144823,0.4809569497150443,0.232799869541431,0.6105842854156569,0.5931246721369904,0.28965927211969067,0.5262209347697309,0.5206932287282864,0.19120687024838576,0.5593419831706813,0.5744837276125944,0.25712955849722624,0.7166396828501964,0.6937069081187637,0.3089164648467239,0.3014976403742441,0.5082987504245842,0.438968790673101,0.10744097738017881,-0.2670606028130805,-0.35389177529299765,-0.4665702362554614,-0.21569951931545026,0.3046740967959528,-0.023376115673277107,0.5032457709217286,0.2314398431676977,-0.15432547441646904,-0.028440617007482308,0.21922410107496595,0.5123555093512764,0.5032457709217286,0.6322391919789973,0.6604877340573958,0.6259989946523155,-0.20808344749814536,0.3696003754757127,0.6358023700191787,0.5212303498474589,-0.3666889348620891,-0.3941123674162692,-0.5000705668112438,0.46323267964835485,0.5221828386364534,-0.07547184173975849,0.060603774738455726,0.5214971174547898,0.49536843302575556,0.5611889627849361,0.6148064243858444,0.6287392219416822,0.5681663745735125,0.6460074225576177,-0.35568730190171804,-0.08228606617260499,0.6101551319403763,0.6324796394085802,-0.5978504896821646,0.6055146967141535,0.015472288071536831,-0.030045187502938404,-0.0012638555699706708,-0.1258793242981884
synth_r_p8_x_mean,-0.370843052706774,0.3291467177386537,0.440355552561796,0.34012861247042336,0.1000020660376076,0.11057555402151725,0.28204530361816904,0.4338807145162688,0.45928137855226203,0.3525237303686046,1.0,0.7734284543378751,0.3319772363581013,-0.005435049607417146,0.11930545961584177,0.12443556992742723,0.27040575563075453,0.48886647091237717,0.48953521908227493,0.3541219675362525,0.992590392919301,0.7716175890081157,0.3148975612617594,-0.014505505897387973,0.09058405683333473,0.0849843826776306,0.2662942759633687,0.4135575410830152,0.42760239609371503,0.33934543673802964,0.9886537967620617,0.77480682407503,0.32318103203951193,-0.027582549739199613,-0.030508718916791314,0.025613756711295083,0.17412097771361223,0.19664094325522452,0.12079219701137849,0.1548362944305445,0.1927918697964956,0.13643644051331547,0.2554632577199887,0.2791425864336479,0.1876750601399299,0.25846177716561614,0.2889754968907595,0.1625906263661289,0.2403417571121648,0.2844539633167526,0.17739581798599438,0.35201392164649853,0.37750701264282766,0.22537258793190698,0.3486834952934263,0.37869694570587054,0.1830679550296331,0.3442189085315934,0.38441337630673733,0.20532482436420588,0.4535401283076202,0.46843766839734313,0.24180950177130253,0.19695224045897108,0.3873690153374346,0.34829974934755203,0.14011183272091232,-0.1423469548750905,-0.24667467418722702,-0.31179083151283804,-0.13919778327992482,0.21183401235711002,-0.06968910896000129,0.3531241272534418,0.17897166443209644,-0.11860129101654544,-0.024175287077480817,0.09608715960745115,0.36988984302288186,0.3531241272534418,0.46757337641128005,0.44907625400289564,0.4443251669214181,-0.15320970275632803,0.3071742154774535,0.4160440556765724,0.2947785846445047,-0.24855741970423187,-0.29322058495589404,-0.4011198151692678,0.38179152536941297,0.3908266740460641,-0.07039341882756092,0.017816652206428925,0.2946917514533267,0.296317634553764,0.35779637952613996,0.4086590498975673,0.42019717954663965,0.3213627398020653,0.4529405119554448,-0.2735330944164013,-0.15663431240000458,0.36679221149735736,0.37931401917683194,-0.3599212976267621,0.3643786081324425,0.12705287985513328,0.12333603532941226,0.16418366263537332,-0.08293847552077123
synth_r_p8_y_mean,-0.36476444688048776,0.317961383972431,0.44995843189957513,0.3286461635130114,0.13470796929419554,0.13476755499126786,0.29849726604256105,0.4574163592384395,0.500177292913828,0.3889123260913593,0.7734284543378751,1.0,0.3661336913979605,-0.004166281934393472,0.15514886941040848,0.1584354970058591,0.28335089959888493,0.48071124514721303,0.5239338487866588,0.3924982225984009,0.7685789540906728,0.9907407719300785,0.3405399709827538,-0.011619638377134015,0.11885814204556962,0.10921700331759514,0.2850823190311584,0.41388571251269285,0.44997445128690916,0.3777803855551765,0.7694354381246188,0.9855265569175016,0.3458925106117111,-0.031611919190043844,0.008647529714894032,0.025960634304499304,0.11429444496026261,0.1316444235519755,0.06583454939444246,0.21446315907639152,0.23863595555206277,0.1466083535880258,0.2472935778945239,0.2716601936318619,0.1750745364564944,0.20181742707688344,0.23340079361998894,0.11910575671310399,0.29337053747551745,0.32808562383120665,0.1929515817621316,0.3612006534564666,0.3837675354544106,0.22156075073787512,0.31685432640017225,0.3504106325057986,0.15915211948703908,0.3966327595845089,0.4309263119896127,0.22249521468614808,0.48651346680200763,0.49555406736423663,0.24574429607575288,0.16324481764382345,0.41487794828963137,0.3685082287420713,0.11387085594343778,-0.1879381867098605,-0.2848420864395121,-0.3279374920967914,-0.17030482294648389,0.2380469973241251,-0.042588221212321226,0.38051273839819166,0.17825830663024542,-0.11783263838087377,-0.021681408366966966,0.13601976325925205,0.3972842047544951,0.38051273839819166,0.49555180108306135,0.4831049013791964,0.4702043882424284,-0.15655583254128136,0.3173769803987017,0.4275013172902518,0.29986179632449134,-0.24780350087521108,-0.2863014797066514,-0.44156001395364486,0.41943509250863453,0.43255479823986953,-0.031044213037256616,0.04498508088924845,0.2998757303787095,0.30848779007329846,0.3723292584701087,0.4288423465242249,0.44157312788481184,0.3497625298525795,0.48016416460359646,-0.3096847441559628,-0.126004186748522,0.3995755683438675,0.4138915204262884,-0.3916379667998453,0.3973682945842271,0.12406934002236614,0.11797794830984167,0.16306142437444446,-0.03651239995300128
synth_r_p8_d_mean,-0.4403873315539004,0.4085318241079102,0.47163172255006686,0.43932172869660097,0.24618515414895045,0.25462760048980354,0.5152399018731735,0.38153753465448736,0.40720378274645275,0.5657491189618422,0.3319772363581013,0.3661336913979605,1.0,-0.16365616053819923,0.2586623376739103,0.2607550161865454,0.5264706168862074,0.4085174149213505,0.4222333828263492,0.5771848449995091,0.3389086332692357,0.37533021370927977,0.9544504636068581,-0.1732543449108914,0.23613113281741271,0.23042258474073704,0.51611439090831,0.37844804322117276,0.40824578622024166,0.5522016089600644,0.3331110748601457,0.37160610873669364,0.9462280058788644,-0.20872083690158433,0.0501180731616079,0.04763931121519677,0.37313436264625505,0.3529507256038258,0.09798174125066902,0.4071735471047376,0.40647697931597415,0.15848137621714403,0.5500149761142775,0.505167318322951,0.18989668102021345,0.4473585015689307,0.42043318932319396,0.11918142996010744,0.4708957413339753,0.45781479250282886,0.17089435405053985,0.619201917897282,0.5608407757493965,0.20777334328428038,0.5422186443805206,0.4937516435802272,0.13804724913170613,0.5534463970461233,0.5202789569125135,0.17487093677465318,0.6572727141407103,0.6072966556963965,0.21141509108611262,0.35244661859423254,0.4094914400506716,0.3564464202542908,0.04921913289305489,-0.23358583491311516,-0.2784073343231008,-0.3966416523260337,-0.20384739999263668,0.2556905750711353,-0.005468105231624231,0.412814273884195,0.20045514640879392,-0.1442382894611255,-0.05853551470520353,0.19349548688253834,0.42370777774221213,0.412814273884195,0.5404050579120312,0.6018057029343644,0.5752946998963088,-0.14023311466749605,0.26683306384572236,0.6036835663750307,0.5593526946357088,-0.3317021304919631,-0.33055770922202676,-0.42652639921652546,0.40230241267213496,0.42565055046142813,-0.06933307101045023,0.014672087416700536,0.5594663295115087,0.4333414232600344,0.48662282236181703,0.5362293783793606,0.554152459670012,0.5065607957059137,0.5678374003376406,-0.33889168233405553,-0.037658600441863026,0.606232344515036,0.6422044778902525,-0.594888823159276,0.6006891623185223,0.03219957186764482,-0.02382282783241044,0.013479780280136371,-0.07577565335390192
synth_r_fft_highfreq_ratio,-0.08717563712337409,0.12340960504855693,-0.0302197221073956,0.046567377643976456,-0.018609967203463213,-0.014487908767476285,0.011367503621618869,-0.005716771925861919,0.008316465683203057,-0.11671730629302142,-0.005435049607417146,-0.004166281934393472,-0.16365616053819923,1.0,-0.012669573286449758,-0.02265640344458427,-0.011908379046218165,-0.0006180062474894022,-0.006093701367420724,-0.13115703555783065,-0.011251084797307893,-0.008460173176916585,-0.17434541135459483,0.97743107628209,-0.041272553887682244,-0.044925385644651664,-0.012472518922273248,-0.04981194643581494,-0.055384180163102543,-0.1416452020418982,-0.011109297375320749,-0.014732081687189503,-0.17964574064589917,0.9510389083908694,-0.1470010250127811,0.0989092508418533,-0.03586301162054093,0.03563563732174254,0.1619376598695745,-0.0319084842180231,0.050310515765756944,0.22837386435750437,-0.05947925501505299,0.020380463859698553,0.17920626601703613,0.025780027204268037,0.09130199049434623,0.18571535350357504,0.01107781525382427,0.08567486659643765,0.2305552745882375,-0.02411066837944879,0.04819941887230516,0.17388664128380246,0.03918408467713203,0.09675719321189451,0.18901676529561984,0.02244175425592355,0.08576900388058495,0.22539405552460767,-0.11382554500323004,-0.028596047691812915,0.16279356410415077,0.04198368760158847,0.0658239944056671,0.13628605335754868,0.33790622332693526,0.23881467832988718,-0.005627850190862024,0.030767434147808075,0.07466693347538955,-0.04835795513906302,-0.1699989005776562,-0.02733617357062341,0.24454026487273828,-0.216790531442677,-0.2270575447302723,-0.22210587573069107,0.06114971496279054,-0.02733617357062341,0.09604615694264385,0.06772822884228404,0.05026440434705768,-0.13059809327584285,0.21188643459603781,0.06423760969219208,-0.008912333100452119,-0.16763214034569968,-0.13091675057422042,-0.030829526461050145,0.08958116465657691,-0.1351662812247334,-0.06758617171453804,-0.17970347448974586,-0.008615982083956324,0.05727177404036012,0.06304535148856134,0.058045388829522766,0.0553171586059287,0.0009067439241128589,0.04543052135557726,-0.014468298199394878,-0.20504529001532526,-0.11941049821461716,-0.15549853086335114,0.11778506663235615,-0.12858521058120712,0.006142290480999525,-0.07939497520540412,-0.06622684106148881,-0.04867971244985895
synth_g_p2_x_mean,-0.23937789733159287,0.21129610498123758,0.2876379873634964,0.2302042755187711,0.9438499525769475,0.5798061622405674,0.24594791302037158,0.25903560099320067,0.2112505737174515,0.2627432809890923,0.11930545961584177,0.15514886941040848,0.2586623376739103,-0.012669573286449758,1.0,0.5835254538896958,0.24260965344068675,0.2183144813885184,0.1911992504598854,0.25684644695796244,0.12827336869285005,0.15919285309184456,0.24292697362623122,-0.017558535988075274,0.9439124723790513,0.5753371042334754,0.24532743230483892,0.2807994270185531,0.23089673234095895,0.28115256504955016,0.1228287605364464,0.15828918003438971,0.24337961805703826,-0.0437144541302726,0.17783464025949636,-0.020865939024684053,0.09440909360115032,0.04556584067580522,-0.09269108791005817,0.17123831113891003,0.13938007506457628,-0.029417506155824325,0.17207648553906923,0.11974533845252629,-0.06821335074787752,0.1415982895893246,0.08886421919138193,-0.10518694769394707,0.23455898607284906,0.17602322583469773,-0.04669992578312913,0.2527158578368848,0.17997270528211606,-0.09296126509925741,0.2247115815578232,0.14555435371154352,-0.15925486890583912,0.28843118151714114,0.21553704855440525,-0.08790559998352668,0.31741264665478286,0.23593580065961925,-0.1640908239335669,0.06522501018352735,0.07314292377473043,0.09467215789326199,-0.1794407180838458,-0.2449013411961724,-0.24073041474527523,-0.10887627131059821,0.08164474718309082,0.2683523701696998,0.172451426553348,0.11871084164720563,0.03372792576968681,-0.05418489659456915,-0.05513783103381876,0.2592636054194249,0.12160194313212658,0.11871084164720563,0.24819187173935597,0.3128026165867102,0.3273381232648581,0.0803271834792126,-0.02188106185757642,0.22953937746435027,0.2248931146123759,-0.06609423662264088,-0.06746323923106567,-0.2706420003569499,0.25666729874406646,0.26625758887201245,0.042945061499815716,0.10538894639057875,0.22499600438803263,0.12572599940057805,0.1441054011440473,0.17470184492233803,0.1898673158653118,0.2033938593040185,0.20732240557209977,-0.14092227090466,0.1327882013393287,0.38694591258271915,0.38202615390086325,-0.38590307001807056,0.3911416358983306,0.09894490543359696,0.0530250824897096,0.08717145712646604,0.07688502674879541
synth_g_p2_y_mean,-0.23920306144283587,0.2116717760158475,0.2858883973044421,0.22098755254762448,0.577174275960203,0.9461643763738321,0.2539648647967978,0.25392321169626453,0.24302955328764134,0.27549225327856697,0.12443556992742723,0.1584354970058591,0.2607550161865454,-0.02265640344458427,0.5835254538896958,1.0,0.24947185688024662,0.21926895172232364,0.21831944220799784,0.2728343491666596,0.13005700969201506,0.15764271063583582,0.2569067955316161,-0.0338884115713147,0.5762461465597339,0.9339933618551399,0.2521816077005612,0.28494748615506077,0.2658589797204063,0.29763164017374205,0.12600968808621643,0.15965751056002062,0.26420024669571607,-0.05791794920888569,0.19524685068009207,0.0002952468281945604,0.12917653749318406,0.08785213604036592,-0.03248417341896566,0.15592705154108413,0.1269225526213194,-0.019319196915415022,0.19625950817656518,0.1388175881663631,-0.04029487231185855,0.19138601809463107,0.13974035714011643,-0.03635766234629623,0.22902209845763347,0.17207119590796618,-0.03533092204759958,0.2853392633304321,0.20738644637161677,-0.05446482738321439,0.27225920038359347,0.19752896342400056,-0.07855431281991418,0.2755227039540912,0.20946034632481195,-0.07732010238305985,0.3418743864063163,0.2620321279234294,-0.12197465654388692,0.05757899974212867,0.07912453104038879,0.0775085656485012,-0.15411052815018478,-0.21784262543571328,-0.22488027728709423,-0.0927608148675731,0.09488167320708606,0.22716165141132685,0.14943599950420136,0.1156944833171412,0.058051120001322995,-0.07655792439894547,-0.07428905423888185,0.23412074686958795,0.12114178947830576,0.1156944833171412,0.26926724434444743,0.32758622807462917,0.3387611401453437,0.0404870392048681,0.01075543913582974,0.25155446032952766,0.243781945744418,-0.07628276309115249,-0.07236376883609531,-0.25712147036743865,0.2465128283552149,0.2456390865953974,-0.002197460455277429,0.07639241559798396,0.2439685603714262,0.12602817358313328,0.1504275536637937,0.18775137232824748,0.20396096983370715,0.20717881044783273,0.22967783070171577,-0.1880696096626258,0.12999132265470326,0.3792878668482974,0.37661223269746047,-0.3766007511855802,0.38209152292936716,0.03729653586405726,0.0346929932419238,0.03919529181449503,-0.00577012789947257
synth_g_p2_d_mean,-0.4523003165249998,0.44092948655568714,0.4223774518118318,0.44152831336717036,0.22966398008996977,0.22120748003913765,0.9517268431200608,0.3139281010797179,0.3247192710531253,0.4414371659486753,0.27040575563075453,0.28335089959888493,0.5264706168862074,-0.011908379046218165,0.24260965344068675,0.24947185688024662,1.0,0.3367665371761917,0.3529185920039118,0.4688622023481601,0.27882338176189725,0.29193575564171403,0.5282833569385995,-0.01993578727925456,0.20419823703171472,0.21874731338019113,0.9618132645100292,0.3203916247120596,0.3330893349645523,0.4548449709553302,0.2784875614448931,0.29234095541522864,0.5355040403085111,-0.04682551415196169,0.0039639473312891495,0.06110315528244518,0.33473318117445383,0.35125025951884936,0.1528407381275957,0.32218963517266663,0.36788453716508346,0.2208517104757717,0.5469908272174029,0.5202107030061653,0.2444177896262802,0.42899734066672573,0.4378508151961925,0.1896346370462545,0.403956546851471,0.43716352572116257,0.23330823349931734,0.6348322256561697,0.5879099873930664,0.2678582546003142,0.5153436663672764,0.5108138289312568,0.21844347990283794,0.4733327217591372,0.4951202151816566,0.250328734633875,0.6107264223976053,0.5897276034288859,0.26751487234762134,0.34392822859532696,0.40316998627564804,0.3617192871092064,0.16178500638663418,-0.12810398825490069,-0.22772337802932055,-0.3644598282939435,-0.17310940829520702,0.18077386118799593,-0.08409571330420264,0.38331923595460016,0.22398365203993925,-0.16388763168397838,-0.07275902250735336,0.09000857525440722,0.4027261667912729,0.38331923595460016,0.5184446264139017,0.5385461872009186,0.5058128952400248,-0.16557314447217994,0.3223346982381591,0.5780081576205013,0.49911192312125113,-0.3613168166549848,-0.34070986469619297,-0.4149971153232012,0.4006270302501407,0.3889157568128348,-0.10299475828361013,-0.02456250280692666,0.4993991870267292,0.4158959917590326,0.471901844960749,0.5256183935127183,0.5444302098452879,0.4626392540722012,0.5644749104424357,-0.3468266911404376,-0.11693723780732104,0.5287787061328378,0.5457061389826309,-0.519232443484872,0.5206382134189858,0.03089749434717531,-0.04221557839842135,0.00024820318854344215,-0.12270101975589712
synth_g_p4_x_mean,-0.46506650989737275,0.42822630190508293,0.50735675586566,0.4412871075533756,0.19146285247631345,0.22446157323568883,0.335870172665788,0.8559605435366789,0.461233607508693,0.465110965086751,0.48886647091237717,0.48071124514721303,0.4085174149213505,-0.0006180062474894022,0.2183144813885184,0.21926895172232364,0.3367665371761917,1.0,0.4884777004063842,0.456220274017977,0.4945971984638682,0.48974436530810406,0.3858827869464494,-0.005724159539708561,0.17883689806877334,0.19515423429162757,0.33129088827605235,0.8486639218592844,0.4621365102656854,0.4437384299029216,0.48593323821315876,0.48985543770043827,0.3951507082660901,-0.037301123418199175,-0.012184743354085089,0.05962447904156921,0.27832433727418054,0.28976628709483265,0.1424362404369797,0.29038556773724716,0.322313318443484,0.1951328198009716,0.339818163793253,0.3684927474672762,0.22968805050108607,0.37854579708144886,0.3963346641937679,0.19049417921752151,0.3858737290552628,0.417679817419353,0.23422270353349275,0.448251275766921,0.4723610412321065,0.27496010556965084,0.49279548986385413,0.5018470279495705,0.22840422214623468,0.49475891496970525,0.5182551821028796,0.27251838359689334,0.5606686888604832,0.577077414640471,0.30787028428209323,0.2749610593917846,0.4720415435298151,0.4300185508999737,0.1375155175909664,-0.17219166883540515,-0.30515104127425347,-0.3891173459804252,-0.21791243792562318,0.26662574718805176,-0.06901173456843683,0.43368812423017084,0.24501915284429168,-0.17379172856765862,-0.06245725570797826,0.13086318458262053,0.4609174187819504,0.43368812423017084,0.6024681549176268,0.6108667071951679,0.5967236250624486,-0.2095884829954785,0.38309483517945,0.5564045579811949,0.4481662472154959,-0.33580477579073237,-0.37511942261459463,-0.4622072241530704,0.44859006983352756,0.42661047404871716,-0.04892086427631717,0.0726309024922229,0.44821033045569053,0.4035926548281596,0.4688137702276151,0.5226149617917766,0.5361271397956676,0.44569185697678915,0.561855019217261,-0.33236134030149717,-0.13708891361881706,0.482951810442457,0.49233500483850207,-0.4736166418788622,0.4784721947606535,0.09130213109177218,0.023699948401552894,0.07520905409801193,-0.07701346201782698
synth_g_p4_y_mean,-0.4571267407188352,0.41089114365546414,0.527816331326826,0.4329590896261884,0.1727758947805442,0.20669689154546847,0.3453477234933916,0.44653954625044473,0.9045321959173912,0.4698970613517255,0.48953521908227493,0.5239338487866588,0.4222333828263492,-0.006093701367420724,0.1911992504598854,0.21831944220799784,0.3529185920039118,0.4884777004063842,1.0,0.4701330829738766,0.4924353810172378,0.5274558987545268,0.41006444708597733,-0.012921986905252513,0.15550771636427005,0.1983564595664429,0.3560647466931483,0.44206892732436914,0.8862680004884872,0.456496361898134,0.489162435851608,0.5223713983509488,0.4151509464162379,-0.050058786196436084,0.0068296603646389635,0.0261925144518257,0.22578285334940545,0.22063238219649114,0.07617602685960666,0.2840376350525721,0.30053426260585575,0.1680865617430219,0.33356306468196567,0.3400914104382476,0.18966024030877957,0.3165823442171685,0.32158307127119945,0.13531451451679993,0.3592588465178568,0.38534008346089244,0.20885154820276083,0.44342818317163524,0.44921057684717114,0.24786055955674752,0.4385987736153885,0.44165446979096096,0.18507562288099522,0.48607641720951306,0.4974179204603062,0.23976742144554586,0.5677793581836917,0.570320092222567,0.28740689427147526,0.2451040886251648,0.4776923475289375,0.41928143463644124,0.11772985539177447,-0.195727350427564,-0.32605711986480157,-0.3864692561657923,-0.21382774839164354,0.2753555090880466,-0.053226492013004285,0.44701745746918436,0.2192900828706277,-0.14622962126098774,-0.026676886032095073,0.15900318519401643,0.46064068985480294,0.44701745746918436,0.5770877048392686,0.5870800409518708,0.5773435309907795,-0.1863475664877879,0.3569829169602573,0.5186785728835791,0.410977373390255,-0.2933300987952235,-0.34420332875639736,-0.4734510052384296,0.4555846721447281,0.4477334432521285,-0.04401374645320642,0.09368492769284362,0.41112704023378427,0.4234584281840971,0.47507793044758045,0.517485027850289,0.5283853999023183,0.4689844768029347,0.5395361311510602,-0.27501446799678364,-0.11901341152446814,0.4723885037364361,0.490731481779113,-0.4626788870763344,0.46911841537885857,0.0678143202179723,0.05394453125411118,0.08810908484195717,-0.047457980837593824
synth_g_p4_d_mean,-0.5083610924969656,0.46323925462697435,0.5686837877332905,0.5034387506578628,0.2461499843463756,0.25179450160482253,0.4447935180231859,0.4468561350004931,0.4611102345413124,0.9619940433605141,0.3541219675362525,0.3924982225984009,0.5771848449995091,-0.13115703555783065,0.25684644695796244,0.2728343491666596,0.4688622023481601,0.456220274017977,0.4701330829738766,1.0,0.3626999574765407,0.4022995334704119,0.5797601242636831,-0.14052977527427465,0.24282773174303784,0.25043415268844443,0.4761133968448815,0.43911903528858254,0.46305611078202163,0.9582528362066163,0.3584303679300496,0.4019407375544877,0.5802618855169179,-0.18344749768277135,0.045553224342826035,0.02170715310579802,0.3029151395400084,0.29859324469457926,0.09084291109719556,0.3818950659920008,0.40009822831682995,0.1853567797786654,0.5153175562353053,0.49407417337076776,0.22471464553883408,0.4074468723407625,0.40364578453987315,0.14144271993822907,0.46061498778478943,0.4790477077150626,0.22260120308790762,0.6144613146704356,0.5888042943355858,0.27787785791968084,0.5319742748934854,0.517855182562918,0.18354624170600034,0.559194549111714,0.5697867114649559,0.2484120531808204,0.7204614450267901,0.6898508019791038,0.29960002134109537,0.3110491026731083,0.5067140717263973,0.43227363047423567,0.09459357028464858,-0.2707852314129211,-0.3496467141476461,-0.4582203591787417,-0.21844146755529756,0.3032841542179804,-0.024387028337753094,0.501558454129628,0.22062533936919212,-0.1452829007926439,-0.02028434287267491,0.2200150145915181,0.5064064976673817,0.501558454129628,0.6238501086686904,0.6527645206708028,0.6227031084055584,-0.19048956185434063,0.35746930363065055,0.6336058712570118,0.5278739012212725,-0.3614419405257638,-0.3859357020062582,-0.49448009717084607,0.45679830224835916,0.5197890970151983,-0.07293986458782585,0.07152293177097127,0.5280932434441657,0.5044957917960297,0.565447323922674,0.6164096850156812,0.6302325337693622,0.5862158082949366,0.6433698232616227,-0.3451435480997476,-0.07412536456018097,0.6060503370821755,0.6284011319493759,-0.5938156584260197,0.6016959683286577,0.012510199622145382,-0.0386836949082274,-0.00857592643664078,-0.11688468171381106
synth_g_p8_x_mean,-0.3762882418413113,0.335450907600201,0.4425473829806198,0.3461916781673322,0.10563728753435324,0.1133076325323615,0.28753815008002537,0.4323633724071936,0.46024826496855276,0.35628551367069017,0.992590392919301,0.7685789540906728,0.3389086332692357,-0.011251084797307893,0.12827336869285005,0.13005700969201506,0.27882338176189725,0.4945971984638682,0.4924353810172378,0.3626999574765407,1.0,0.7690907955297953,0.32273367139109554,-0.02035781907051375,0.10022781786991908,0.089961679084011,0.2741428228283513,0.4206603283298532,0.43644593513407853,0.3491603563493674,0.9946433915659542,0.7719348205462284,0.3309643508105633,-0.03350809349547657,-0.022860517384509775,0.02423592757099934,0.18482801513710104,0.20538866239470768,0.12008874212425769,0.162962246653414,0.1998062666059029,0.1354471230960519,0.27182115243255806,0.2898859480086822,0.18588031143689968,0.27229603980164674,0.299083819276204,0.16161377341274677,0.25150332818738746,0.2926474641888324,0.17604149480307105,0.36684276582670755,0.3869632350923245,0.22487537851090153,0.3618260682522561,0.38721492329246054,0.18191823683679012,0.35446416051426005,0.3909517670758838,0.20389372716315587,0.46597664958935314,0.4755495709078387,0.2412570153385263,0.2033511201789416,0.3861887371460678,0.3475174868711679,0.13773776461963402,-0.14292383159896185,-0.24664956596399296,-0.3119199747232246,-0.13918255586187533,0.211862284352896,-0.06796823954574287,0.35233582160336196,0.1777250226776334,-0.11795517890588811,-0.024836439929293123,0.09730417623568033,0.36926444372089146,0.35233582160336196,0.47220234853588194,0.45582014151852823,0.4525949044584925,-0.15432371465505812,0.30543044017789844,0.42563745281599036,0.30835994237907277,-0.2506364097482769,-0.29308937512911193,-0.4006582955425775,0.3819052465012106,0.38886035368496474,-0.0687877040055062,0.018789287716279655,0.30827474382588177,0.3074177336103109,0.3666850356020819,0.4167982096135847,0.4287709845863298,0.33843686033145637,0.45923596143018713,-0.2726066322049062,-0.15298566237930902,0.3699894214669635,0.38532174340824404,-0.36272948093671387,0.3674170075383828,0.12745298646644612,0.1200899098057887,0.16258214306561591,-0.08020924775828447
synth_g_p8_y_mean,-0.3691263257313822,0.3224200656210217,0.4534319603581879,0.33266910231885033,0.13341826862974507,0.13269637483939595,0.30007109031532186,0.45389302367821366,0.5000214335227144,0.39519275978943935,0.7716175890081157,0.9907407719300785,0.37533021370927977,-0.008460173176916585,0.15919285309184456,0.15764271063583582,0.29193575564171403,0.48974436530810406,0.5274558987545268,0.4022995334704119,0.7690907955297953,1.0,0.35480349722576976,-0.013983462450528969,0.12283602352911173,0.11313800672715353,0.28836626113303826,0.4229458817045767,0.4564925502436761,0.3880583652628137,0.7696571905743107,0.9942479456224563,0.36046312717898027,-0.03465487943893215,0.010577472642074507,0.025378034231940957,0.1205025502384554,0.13589720838456365,0.06597807609704234,0.21955982121204304,0.24197621369335034,0.14595720982000565,0.25099599540341555,0.2745983361035578,0.17585645423269555,0.2091199506619341,0.23815068812630769,0.11950733870561842,0.2973276049402543,0.3304095576566114,0.19157750882830116,0.36746367951235315,0.38818372459434186,0.22111667013925987,0.3256856361956705,0.35598441833107825,0.15952549526894205,0.401712533579964,0.4341446045475441,0.2220497253321633,0.4933615984006245,0.5009397066395767,0.24690503259288502,0.16628859810761568,0.419765024121496,0.3724751597018262,0.11211811941204823,-0.19224499452440325,-0.2887692987472622,-0.3313552951874107,-0.17351242314950507,0.24242792542798555,-0.0420784464194928,0.3854116270424651,0.18080943773977592,-0.12024669449618215,-0.022573492918358713,0.13932694054373868,0.40242161843038,0.3854116270424651,0.5002389999462695,0.4887817662451196,0.47660638925467125,-0.15449040524412685,0.3182944373597681,0.4330907741388959,0.30689755343738634,-0.2493832269939911,-0.28892723856660096,-0.4441913979631071,0.42225458861817405,0.4342549849274015,-0.030597335932661236,0.046834158893259495,0.30693142100034126,0.31581537768953866,0.3793526020507502,0.435496481281691,0.4480953717986026,0.36162137603339495,0.4856876038642368,-0.3097216284961747,-0.12417656200702411,0.4041995774603016,0.4190552554289112,-0.39611050292796673,0.4019744057026135,0.1235470249089807,0.11250151511353104,0.15913858200460215,-0.03715955870566528
synth_g_p8_d_mean,-0.4246397545865621,0.39586940359833805,0.4491135574811108,0.4299281138278179,0.23717088280528975,0.2508856820939369,0.4893174696749483,0.3532163974990974,0.379760172845811,0.5523113559621151,0.3148975612617594,0.3405399709827538,0.9544504636068581,-0.17434541135459483,0.24292697362623122,0.2569067955316161,0.5282833569385995,0.3858827869464494,0.41006444708597733,0.5797601242636831,0.32273367139109554,0.35480349722576976,1.0,-0.1814496726796345,0.22508165923434928,0.22881795313232411,0.5087329864641398,0.34762135548208184,0.3960174784128819,0.5468565536731114,0.3160880673126292,0.3504667513894275,0.9830948661166419,-0.21588839630052736,0.043824789442648324,0.026395373704311796,0.3662464196139375,0.3373650938048096,0.07199263011178009,0.38689451535896924,0.3802322237017596,0.13170389369088858,0.5329042943369473,0.47710029601013704,0.160294885400529,0.43800651487094044,0.4001208989355162,0.0944864946752058,0.44275765673253764,0.42543189172510487,0.14364947392711497,0.5917520104619303,0.5266016313027176,0.18180505337100838,0.5242881463298799,0.4678750302783771,0.11812743349700722,0.5185916862720853,0.4835398538432482,0.15216266529264744,0.6230006892343167,0.5721107064705964,0.19295196871505071,0.34510514121108815,0.3945947155604184,0.33575811098909,0.034709447434337244,-0.2325575384968431,-0.276861639810853,-0.3727189135478497,-0.195548952882746,0.24404499643087846,0.005871769174270664,0.3953218650358759,0.18186933583497022,-0.12785672745000537,-0.04023691421464016,0.19646172746887372,0.40377112440280344,0.3953218650358759,0.5041853129101341,0.5628441763176139,0.5384171948007429,-0.11918718367445964,0.24398370758530416,0.5688175893248932,0.5362244911692846,-0.3126525164725056,-0.3024312820934169,-0.39516951714049536,0.3721520013859457,0.395933383708197,-0.06762647692599119,0.03132829285132523,0.5362562083364252,0.4150641921753745,0.46377416776659625,0.5097078585652414,0.5262205713383714,0.49284879716755764,0.5378668837375705,-0.3148961385835052,-0.017179972287440486,0.5767855072560144,0.6103875521612038,-0.5659668568520785,0.5716300109694308,0.03636965670189341,-0.035189854241686185,0.01148898853350332,-0.061332151990643125
synth_g_fft_highfreq_ratio,-0.07291005298955003,0.11077388836229657,-0.0472345144555876,0.032360012862508905,-0.03306291454100932,-0.028301094706580984,-0.004286507354706952,-0.024277197911055565,0.000582057615732087,-0.1274783593145126,-0.014505505897387973,-0.011619638377134015,-0.1732543449108914,0.97743107628209,-0.017558535988075274,-0.0338884115713147,-0.01993578727925456,-0.005724159539708561,-0.012921986905252513,-0.14052977527427465,-0.02035781907051375,-0.013983462450528969,-0.1814496726796345,1.0,-0.04795324016684327,-0.05843751635757014,-0.022926095615183596,-0.06339511543908317,-0.06740590213430618,-0.1532156083327211,-0.020196174483313987,-0.020372241849486036,-0.18893000953183908,0.9802614053420877,-0.1641590971062172,0.09282091425261824,-0.03794157599210216,0.03653833423200002,0.16711565836003245,-0.03513050927239508,0.044457794364685936,0.22142644605560685,-0.06424604414717246,0.01905083098164405,0.18523460865756208,0.022046457016859106,0.09011730299615801,0.1918553328234916,0.004346653552943812,0.07812158946145603,0.2285198773608298,-0.030437355082484605,0.043378882869821896,0.175990813784605,0.03158622826699775,0.0911946106429534,0.19556293990000237,0.012566349703990034,0.07590272629908316,0.22720743296305188,-0.12207547924418584,-0.03916770083112092,0.16668853078766993,0.05025551411687002,0.05472286699573837,0.12043613786062451,0.34738014250122,0.2675800143160459,0.008436007883685957,0.03376740581981656,0.07813521011355315,-0.06810294096095959,-0.17208896213342165,-0.042313799640629174,0.23243482793382522,-0.20680486791736977,-0.21659650404918177,-0.23597301881300917,0.04573110848253593,-0.042313799640629174,0.08468843506296678,0.052674036182186794,0.04066440599532679,-0.125594820897106,0.20833407389401598,0.0556093341636948,-0.0150451917929082,-0.15967254796753416,-0.12217765119328791,-0.010913866224658045,0.07016127103072912,-0.15329866004747822,-0.07236646099994488,-0.17340920218115272,-0.014731319680121698,0.06364390301746582,0.06553511837987347,0.05788282200539026,0.054657193031041676,0.007467827970946974,0.0411799104630182,0.0008534785626069023,-0.20440284612137732,-0.15309180745261577,-0.18340831558436893,0.1522880653921872,-0.16308335287006645,0.0035861478238698253,-0.0893338698221311,-0.07501803811796262,-0.04704182178860764
synth_b_p2_x_mean,-0.19984407077980956,0.1759853313262229,0.24133873350698654,0.19909315761206625,0.9106258838092272,0.5784763439977137,0.20331572727383787,0.2462766863778293,0.19091379788568538,0.2406236072903167,0.09058405683333473,0.11885814204556962,0.23613113281741271,-0.041272553887682244,0.9439124723790513,0.5762461465597339,0.20419823703171472,0.17883689806877334,0.15550771636427005,0.24282773174303784,0.10022781786991908,0.12283602352911173,0.22508165923434928,-0.04795324016684327,1.0,0.5929159607595076,0.21103378127203237,0.3273446701694987,0.23846503140856917,0.28746503101323057,0.09438296061487104,0.12575366622535014,0.22294972446864947,-0.06443974150052238,0.22373492111024965,-0.034542374829033405,0.07636354218531277,0.015995498022535984,-0.12131304141186489,0.17904138199662542,0.14072381574608217,-0.03849448770963557,0.14678490607422282,0.08906684453528474,-0.09303939479597585,0.10691500590426992,0.04306241518803606,-0.14439678820245008,0.22603935539214043,0.16356390991800926,-0.061901380679290935,0.20690851232768204,0.13072024404197516,-0.12988359189031282,0.17323319205882712,0.08437107625619156,-0.20652317479161128,0.2611814381074383,0.18503649482887483,-0.11371796334546647,0.26336193777547895,0.17742866396849633,-0.214339652213255,0.0315428502281339,0.01983521950792321,0.05686261839538767,-0.21519345404167087,-0.2364021519608011,-0.19680342469448764,-0.0690132872423925,0.08639175405332836,0.24718450206327458,0.1770632709541934,0.07236647087030139,0.0101277873953879,-0.03902944572978726,-0.052973443351161276,0.24408505442653325,0.07443629212452532,0.07236647087030139,0.18702598201088685,0.26080544577647835,0.269248937468025,0.11238394175836955,-0.07367932874380102,0.18262294765502715,0.20060999053575157,-0.033537416749367985,-0.04218071013448402,-0.21076465794867338,0.19742670046250183,0.2140834221841975,0.06875591122123402,0.09561729945061603,0.20069893711213962,0.13366913270429234,0.13346813917714906,0.14515459399057035,0.15479629409083892,0.2053637643110644,0.1510171252431867,-0.056088642306620896,0.15600604609225135,0.3731512495015281,0.36600328577617114,-0.3733638841748693,0.37865149303392387,0.09760252138218198,0.05845028177700813,0.0913334939667558,0.10846484384965834
synth_b_p2_y_mean,-0.19880534367199587,0.16969468583618613,0.25570185667590567,0.18758010637870925,0.581683904075434,0.9137233945063679,0.21914848380682592,0.22722087050149295,0.2382117116268715,0.2556508947426781,0.0849843826776306,0.10921700331759514,0.23042258474073704,-0.044925385644651664,0.5753371042334754,0.9339933618551399,0.21874731338019113,0.19515423429162757,0.1983564595664429,0.25043415268844443,0.089961679084011,0.11313800672715353,0.22881795313232411,-0.05843751635757014,0.5929159607595076,1.0,0.21940065784026633,0.3122539297397874,0.3259985182113529,0.2837228399617519,0.08814729712859239,0.11751767803718045,0.2353380519869874,-0.08005311091879765,0.22623034866277167,-0.017318492586134798,0.12035913884347413,0.07299627865830703,-0.045772877512538064,0.1216831614634461,0.09019132967242832,-0.04162773723228423,0.15042256980859744,0.09900420782277145,-0.05986695529206455,0.16863927680193852,0.11531483300827884,-0.05311343128154635,0.17704507533492653,0.12273461371781043,-0.06407016061216646,0.22882083464340605,0.15954510417004877,-0.07799121892083602,0.23843078847512264,0.16679712892365636,-0.10115155403589526,0.2183120931859801,0.15598925783089607,-0.11375233855414477,0.2987336165938219,0.2222330519513036,-0.15967644510139015,0.01200161674703454,0.04359480749266895,0.04690283404177818,-0.1782628205750577,-0.21083409002906855,-0.20866771933689565,-0.06503791836262195,0.11520130650525875,0.2149731799510324,0.16079527936369123,0.08566554951105503,0.03370549092028039,-0.05821851485605142,-0.062303691346335024,0.23333766123307947,0.08834078195205304,0.08566554951105503,0.22834938945241262,0.2836804743486198,0.2932806625402945,0.07878227821874129,-0.0237437358187423,0.20590871157695478,0.20239338224087985,-0.04693241050495099,-0.05513068275923658,-0.22645516762405238,0.21155322196407983,0.23158704612633627,-0.0076171229863615944,0.09468800224549656,0.20248665326659585,0.12346090769831802,0.13639247403559218,0.16101911493909968,0.1725414525073464,0.19376953349824114,0.18555859481332643,-0.12240733731098916,0.1394793423957817,0.36562685652298177,0.3544225807267114,-0.3646296437134569,0.36976816180812744,0.034777298165611335,0.0311486295592099,0.0343548487658919,-0.004558899348764036
synth_b_p2_d_mean,-0.4619644175467774,0.44920035053960927,0.43474390228346094,0.45219014419721737,0.22834317220217273,0.22578614059982582,0.9199564615499607,0.323142859030969,0.33242162370851225,0.44762978641027906,0.2662942759633687,0.2850823190311584,0.51611439090831,-0.012472518922273248,0.24532743230483892,0.2521816077005612,0.9618132645100292,0.33129088827605235,0.3560647466931483,0.4761133968448815,0.2741428228283513,0.28836626113303826,0.5087329864641398,-0.022926095615183596,0.21103378127203237,0.21940065784026633,1.0,0.32686116183790176,0.34559122944035003,0.4593151970341424,0.27516891824835554,0.2897619797227276,0.52198816469356,-0.0469048940685695,0.005000779871494193,0.05923199788913876,0.32233626899663653,0.34257007164542913,0.15258597165789609,0.31642783355909027,0.3666327970335558,0.22796284151975232,0.5391535960637391,0.519393822129495,0.25058097309641175,0.41633802842114614,0.43244270465340023,0.19340208192284816,0.3994354117361849,0.4394573078796941,0.24313373266058994,0.6303297318571396,0.5920413248775301,0.27755362972122594,0.5042298489448406,0.5099929012573983,0.22424386083955014,0.47064238584493123,0.5005803345047285,0.26138388616786784,0.6136731801273807,0.5979413291984613,0.27519858572664824,0.3353206984482187,0.40984353222280373,0.3635131939013919,0.16601403291699807,-0.13029165361458042,-0.23419403887771528,-0.3672812398428158,-0.1634928829925562,0.1779256535436794,-0.08185159611020738,0.38622918237477555,0.22134570440759507,-0.16053211107235688,-0.06436186839519821,0.09244405269280334,0.40668730427307287,0.38622918237477555,0.5261564664050059,0.5382213202708961,0.5059129067909127,-0.17121287761792583,0.3327688277977045,0.5789340749201426,0.48967222962502666,-0.36290184396315606,-0.3423647310137745,-0.4216266943548828,0.40523999889205603,0.40002979730247074,-0.09320952529647966,-0.03205357258464505,0.4900059324907591,0.4232077976882788,0.479763439367974,0.5334836494733247,0.5521385912495604,0.4685736716218866,0.5716842218246327,-0.34937723702122453,-0.12302848266212552,0.5266291311000896,0.5419032674212289,-0.5169593750455582,0.5182415729686844,0.023299447385788083,-0.04030076451373826,-0.0033789460414470843,-0.1215525816979794
synth_b_p4_x_mean,-0.4340939844858687,0.4003061317209225,0.4718280318237155,0.4248123758083467,0.2780845863127388,0.2904570533543054,0.31806137832902226,0.8146683764947071,0.44833171759143314,0.4395423671013733,0.4135575410830152,0.41388571251269285,0.37844804322117276,-0.04981194643581494,0.2807994270185531,0.28494748615506077,0.3203916247120596,0.8486639218592844,0.44206892732436914,0.43911903528858254,0.4206603283298532,0.4229458817045767,0.34762135548208184,-0.06339511543908317,0.3273446701694987,0.3122539297397874,0.32686116183790176,1.0,0.5128893363782688,0.4577533630187573,0.41017949462828435,0.4267832248221534,0.35240897284756056,-0.08087145461966447,0.08183494061470856,0.01945301871367332,0.25095216615146854,0.23821815315038594,0.0658447588610219,0.30610096338815507,0.3243671934888969,0.16684235958535276,0.3302496738846019,0.3338378409108595,0.16900485862727285,0.3322741736652648,0.3256513275172795,0.10533401209387722,0.37862376650030743,0.39717507511802763,0.19207351200111752,0.41469987723642504,0.416282046785246,0.2014121674740172,0.43280570499630655,0.416670118539895,0.12482670386616197,0.4652586514080146,0.4722679066272812,0.20522927709342456,0.5184024017209363,0.510798324083664,0.19892686765517664,0.21855875802743618,0.3829293772748978,0.3563230182087028,0.06457995557383076,-0.1778292531095176,-0.2659671624220876,-0.323545417290837,-0.16467771665702222,0.24261369398450972,-0.03556433626054971,0.36471772114517986,0.19364388331314628,-0.1400376834142621,-0.049249172745528445,0.14019524258010138,0.3847708673835925,0.36471772114517986,0.5198284308143474,0.5456268407159316,0.5291842004522898,-0.13569893530184218,0.2847673600003172,0.4962889062155383,0.42214936551336213,-0.274408263072946,-0.32485127452323054,-0.39364613535376336,0.3768831613174958,0.37749694520990534,-0.01716261637406682,0.07744955751472027,0.42220541159526437,0.4322255594388962,0.4664541619948366,0.49138832885284867,0.4973642383532888,0.47928891367572574,0.4886135000021748,-0.20139934753127692,-0.07909807143885204,0.49864578224766115,0.5043919436084674,-0.4912322621895222,0.49698799776845026,0.10682374376731305,0.028229974672637506,0.08586888987880978,-0.04110771581950306
synth_b_p4_y_mean,-0.42460880648094373,0.3778482417905191,0.5013496707079979,0.4105921648985395,0.23194579457449227,0.2718461973542087,0.31473213038537534,0.4482896139786742,0.8471019146221409,0.464262962507872,0.42760239609371503,0.44997445128690916,0.40824578622024166,-0.055384180163102543,0.23089673234095895,0.2658589797204063,0.3330893349645523,0.4621365102656854,0.8862680004884872,0.46305611078202163,0.43644593513407853,0.4564925502436761,0.3960174784128819,-0.06740590213430618,0.23846503140856917,0.3259985182113529,0.34559122944035003,0.5128893363782688,1.0,0.4635816868754071,0.43119078310830883,0.455959298659351,0.40120081199637736,-0.09868507915286197,0.07212059071220168,0.008939962433181773,0.21740365594690333,0.20532365422035895,0.05467692241232848,0.2578353718185537,0.2714888980135766,0.13948257989678123,0.3148826670853066,0.31372886137379374,0.15374121956965348,0.29920805254746347,0.2971917881493395,0.10586370649874384,0.31677523477796926,0.3426111571215934,0.16954696768487548,0.4107457657484917,0.41168403548784455,0.204190103986861,0.41118178625657115,0.408516823301046,0.14175139081427035,0.4339627003129472,0.4451861069774044,0.18689387840189198,0.54354384314903,0.535801220823867,0.22500178174422994,0.19465545233591217,0.4194296725420001,0.3639369362268893,0.07769074242928023,-0.19523442518772394,-0.29855979595968674,-0.33884962134472846,-0.16461015296199571,0.2532603673256877,-0.03844035990817877,0.4033828394984533,0.18274446259958085,-0.1220031564282123,-0.018149729390511165,0.16154661765773834,0.4080244289422939,0.4033828394984533,0.5301141405904228,0.5400392169379062,0.5353990175650523,-0.13549662307384003,0.299714895094149,0.47527872841640695,0.3785618952619282,-0.25579462651294893,-0.3135440339795556,-0.4332945966971791,0.40860464662898793,0.43262855823016777,-0.03105194116629622,0.10893581927419023,0.3786700431377481,0.4458062562656104,0.4759846278219825,0.4992693320837046,0.5048300510811687,0.4880846535202348,0.49328074903078667,-0.1827953536075873,-0.0946526823389764,0.4737006636556752,0.48541507305195286,-0.46580438376071537,0.4725193832803579,0.06304401186911092,0.06674369973345316,0.09197152313226757,-0.044219019865044146
synth_b_p4_d_mean,-0.5019096691351524,0.4577392666886351,0.5603663901516945,0.4992635195274114,0.2701286357541167,0.2737435996758988,0.43923917597237244,0.43606972055948995,0.45499322591524727,0.9352744509131736,0.33934543673802964,0.3777803855551765,0.5522016089600644,-0.1416452020418982,0.28115256504955016,0.29763164017374205,0.4548449709553302,0.4437384299029216,0.456496361898134,0.9582528362066163,0.3491603563493674,0.3880583652628137,0.5468565536731114,-0.1532156083327211,0.28746503101323057,0.2837228399617519,0.4593151970341424,0.4577533630187573,0.4635816868754071,1.0,0.3445436154155303,0.39008716823893635,0.5509253604253603,-0.1947764131164401,0.07718157026691377,0.012168228378912889,0.2980696548005249,0.2898436768440066,0.08116596314935458,0.3799022585756861,0.3935874469318309,0.17337109737385778,0.5057375831281337,0.48116379336143245,0.20753186697796416,0.3973554987986758,0.38994465687492974,0.12777698467534232,0.45942692451525563,0.47168101577601,0.205551970356666,0.6013443775441368,0.5712039392665048,0.2530178984516472,0.5166218140546097,0.4990788308138927,0.15952349787850717,0.5542619345237726,0.5574382997687007,0.22347714187249784,0.7105092880182807,0.6712751105729525,0.26245660421346406,0.2875876839137866,0.47256352562658316,0.40635556944844575,0.06525035393022174,-0.27633097064645723,-0.33651073914961577,-0.43539232150555807,-0.2006928960195346,0.29891642961752984,-0.007387821866616377,0.473640866456399,0.20019339709578984,-0.13192256434626062,-0.017334985199166805,0.2258619872449174,0.47755928040413337,0.473640866456399,0.604951207009971,0.6409640449246984,0.6103616786429179,-0.16874780814234872,0.32911283971134153,0.6164289068288854,0.5205300697807698,-0.34683088451546884,-0.36530449309223995,-0.4809543598813466,0.44194760687139883,0.5120316964877839,-0.05886136388241869,0.07891664231320464,0.5208033522311686,0.4929351540738825,0.5490118270778236,0.5970131677215976,0.610712747470772,0.5757136842356831,0.6210258058511918,-0.32816445744785344,-0.055082216537218794,0.614562260213732,0.6370205877487111,-0.6028735893953202,0.6112646942151132,0.013560322463276028,-0.03498909859052001,-0.0061726318445539845,-0.10266736268349975
synth_b_p8_x_mean,-0.37557689585633985,0.3350711087296814,0.4409718825076328,0.3452320980888864,0.09905221700325617,0.10766824507537913,0.2885170539918094,0.4215256357992464,0.4562049405026455,0.3522459390174547,0.9886537967620617,0.7694354381246188,0.3331110748601457,-0.011109297375320749,0.1228287605364464,0.12600968808621643,0.2784875614448931,0.48593323821315876,0.489162435851608,0.3584303679300496,0.9946433915659542,0.7696571905743107,0.3160880673126292,-0.020196174483313987,0.09438296061487104,0.08814729712859239,0.27516891824835554,0.41017949462828435,0.43119078310830883,0.3445436154155303,1.0,0.7740154555412705,0.32589577834591543,-0.032375246964195255,-0.02099395655022742,0.020533186882683716,0.1791018244093644,0.20031329558713426,0.11829580160454513,0.15662753004142937,0.19423634363111078,0.13393590855488632,0.2657673121275558,0.28487376138643944,0.18538108607494638,0.26729619954760525,0.29443457459483785,0.16088758952108326,0.2454473316028764,0.28750107202397246,0.17543011457588312,0.3619836486274704,0.3826286858978512,0.22429622818591108,0.3553843136045344,0.38226947877901957,0.18202619071973447,0.3486856759010554,0.3861871307188967,0.20453466997409314,0.46117058334182204,0.47137703756621313,0.2402714183184634,0.19493630946264984,0.38381998236319975,0.3442340000769806,0.1368874093645147,-0.142292579478304,-0.2453289001880929,-0.30917078547217414,-0.1358009874828233,0.20961132609349534,-0.06750490211333347,0.3499912034288542,0.17395557130913047,-0.11484746868226853,-0.021480674051857777,0.09689956563076542,0.3660624540061025,0.3499912034288542,0.4674735588658043,0.44945251163806627,0.4464505098191227,-0.1543342983294403,0.30469056938668665,0.4194273062710223,0.30133159241551294,-0.24716116208708017,-0.2900592452066678,-0.39863407180505694,0.3796295559338846,0.38784525307230816,-0.06558199837848887,0.019293639948337143,0.30125147523095935,0.2956379699748206,0.35680843827247305,0.40883756902572854,0.4213264714037775,0.3244698071666657,0.45490789465116543,-0.2779060710059419,-0.15244365327426743,0.36473054603757776,0.3792485866655151,-0.3576104083114763,0.36225246134959277,0.12470434538907342,0.11947365791330784,0.1607272298919216,-0.07850976691932317
synth_b_p8_y_mean,-0.36695756946363345,0.3199396587796174,0.45247045219569626,0.3307429890686327,0.13129723259389428,0.13347975025364683,0.29991568025638643,0.451448477166375,0.49671008528147786,0.3939897670935276,0.77480682407503,0.9855265569175016,0.37160610873669364,-0.014732081687189503,0.15828918003438971,0.15965751056002062,0.29234095541522864,0.48985543770043827,0.5223713983509488,0.4019407375544877,0.7719348205462284,0.9942479456224563,0.3504667513894275,-0.020372241849486036,0.12575366622535014,0.11751767803718045,0.2897619797227276,0.4267832248221534,0.455959298659351,0.39008716823893635,0.7740154555412705,1.0,0.35783391753139554,-0.03857314655196621,0.013093770981975695,0.02187395573792928,0.12002367375957813,0.1351511578028234,0.06688981841403735,0.21601534216361482,0.23894428560807196,0.14615440959579667,0.24883739279236974,0.2731491066837102,0.17643347586279298,0.20672236267574504,0.23637555528166104,0.12047876489213545,0.2937754595262628,0.3276513441636706,0.19159230281681372,0.3644522358506745,0.3866055203338222,0.2222635042657594,0.32154763912391315,0.35415598531148346,0.16078188153175035,0.3971218434557926,0.4316095823291041,0.2217776608073058,0.49174874732450113,0.5005993178186767,0.24716004875230374,0.16262348948574068,0.42011747289453016,0.3713944040968358,0.11211878344430115,-0.19324453766397875,-0.2870589935818593,-0.33212948152398347,-0.1744828735511427,0.24074306267503703,-0.04262421273717654,0.386008159670414,0.1780153465273898,-0.11723437284957518,-0.01830136623241556,0.13916953894793635,0.40199524329180447,0.386008159670414,0.49826973414122516,0.4849492374225453,0.47259455684686197,-0.15352841071579246,0.3186797201906888,0.4300946645455809,0.3034603222484269,-0.2483459318146367,-0.2887971943863201,-0.4438129170420188,0.42091698200514205,0.4365667067123905,-0.033371351988265886,0.04720674761526633,0.3034798085338698,0.30607908032016723,0.3720359004235266,0.43032180381182167,0.44333305291701436,0.3488284999462691,0.4842607552248184,-0.3168811958388984,-0.1268467683819005,0.40457564863705053,0.41907717900184843,-0.3965839220550538,0.40246266720991597,0.1225566064063748,0.11519040533962456,0.16047588665208695,-0.0382754336563038
synth_b_p8_d_mean,-0.42149810653638453,0.3906936300915707,0.452318458001396,0.4268355486808548,0.23380515518975314,0.254819309430649,0.49696014274170114,0.35731867103098747,0.3813261950284836,0.5524827503812714,0.32318103203951193,0.3458925106117111,0.9462280058788644,-0.17964574064589917,0.24337961805703826,0.26420024669571607,0.5355040403085111,0.3951507082660901,0.4151509464162379,0.5802618855169179,0.3309643508105633,0.36046312717898027,0.9830948661166419,-0.18893000953183908,0.22294972446864947,0.2353380519869874,0.52198816469356,0.35240897284756056,0.40120081199637736,0.5509253604253603,0.32589577834591543,0.35783391753139554,1.0,-0.22386846987061948,0.05048003924047825,0.030980512723662267,0.3713470364165339,0.3442734426885299,0.07781799691744945,0.38368964007672407,0.38020986061230483,0.1313903616681105,0.5366183588527356,0.4840276601905846,0.16450589567864496,0.44026515633881064,0.40591438248278483,0.09940483933582904,0.44226315547372824,0.4268726072920242,0.1442163058887009,0.5960421619099622,0.534187385015856,0.18631893703559488,0.5269786618709851,0.4749413528039942,0.12246380097215273,0.5183166358760012,0.48666085812353715,0.15320916695751619,0.6322583819431569,0.5823411984491063,0.19485477169406282,0.339790090723742,0.39383904802563907,0.33327055474938944,0.03381835725023964,-0.23533753584175962,-0.2795395859503796,-0.3736363207273736,-0.1900655346930523,0.24159404427193198,0.01071448696975873,0.3948012495845027,0.18008555649007985,-0.12620784980959562,-0.03935676370721058,0.20046042146115237,0.4035275467301067,0.3948012495845027,0.5117488058246402,0.5696553780066421,0.5435095448802418,-0.12282132695415325,0.24666598593100664,0.5747407588287241,0.5378152810399223,-0.31723655725370226,-0.3019371270759619,-0.4027029460663218,0.3777574896530052,0.40756543643653453,-0.07122407593702551,0.03293124297918483,0.537841259612937,0.4060027404290636,0.4594523965023162,0.5100333102732294,0.5276271940610089,0.4869696420143586,0.5453516871536462,-0.33656157168664586,-0.011585454763737731,0.5874639969992921,0.6210265647284122,-0.5764995367675517,0.5821486750175152,0.03634107593403805,-0.028895897230462576,0.015429189951729656,-0.0714668153229803
synth_b_fft_highfreq_ratio,-0.038006755632584904,0.07998675438678078,-0.0892373031954664,-0.002763740118576793,-0.06330636633527283,-0.05657115992991568,-0.03148820113880487,-0.061956587154315304,-0.039230475394031745,-0.17236967364300726,-0.027582549739199613,-0.031611919190043844,-0.20872083690158433,0.9510389083908694,-0.0437144541302726,-0.05791794920888569,-0.04682551415196169,-0.037301123418199175,-0.050058786196436084,-0.18344749768277135,-0.03350809349547657,-0.03465487943893215,-0.21588839630052736,0.9802614053420877,-0.06443974150052238,-0.08005311091879765,-0.0469048940685695,-0.08087145461966447,-0.09868507915286197,-0.1947764131164401,-0.032375246964195255,-0.03857314655196621,-0.22386846987061948,1.0,-0.17246623713567408,0.0916154558440758,-0.05001440815447971,0.023113808687596226,0.162818210374384,-0.05671128973529667,0.021846519468371198,0.21021442294495593,-0.08028779846170515,0.000302771981035251,0.17373199999772349,0.004798065148197891,0.07071807930367432,0.18263433311494948,-0.022600553283034445,0.051262140484321254,0.21543095590302316,-0.055222759622597574,0.015461950200449822,0.159484499813831,0.0040908516772923875,0.06208469096409687,0.18554252538402552,-0.02228015698401132,0.04029831685332491,0.21469176077885274,-0.16155671625777096,-0.0829173726511936,0.14957418363228034,0.043417698379435224,0.014080912619173052,0.0841429251504227,0.3516512756377206,0.3026294993635632,0.04544204945672846,0.06665948322199614,0.09460135136136258,-0.10296272498871231,-0.17655722483194378,-0.08565410972254342,0.21254752132064797,-0.19327745087418036,-0.2098346938183564,-0.26439815362808705,0.002488646245713311,-0.08565410972254342,0.04152163739009051,0.007662801313094208,0.001656292254357706,-0.1048743834565749,0.18031703964376158,0.017685673612544674,-0.04198900498623049,-0.13256249040429896,-0.09187102785178441,0.027224428704445372,0.034649050224791325,-0.19262039033073383,-0.07621902202828458,-0.18866718366243015,-0.041684976856248654,0.024431570363689085,0.023679012824250723,0.01576068292826591,0.013036583761240703,-0.04006293537417645,0.0021895775170876117,0.01390171792050877,-0.20740363405502338,-0.20716541520620552,-0.22833732821566816,0.20695323224254894,-0.2175095969888406,-0.001009325430686133,-0.0881700383964051,-0.07654491974761539,-0.043416250559580136
LL3_energy,0.13656676133511556,-0.15578237976961679,-0.061735359452323064,-0.1560244983149686,0.1768515033060101,0.18338932962052756,-0.009705555010762137,0.010764480656871292,0.001964899522242565,0.05084207352185759,-0.030508718916791314,0.008647529714894032,0.0501180731616079,-0.1470010250127811,0.17783464025949636,0.19524685068009207,0.0039639473312891495,-0.012184743354085089,0.0068296603646389635,0.045553224342826035,-0.022860517384509775,0.010577472642074507,0.043824789442648324,-0.1641590971062172,0.22373492111024965,0.22623034866277167,0.005000779871494193,0.08183494061470856,0.07212059071220168,0.07718157026691377,-0.02099395655022742,0.013093770981975695,0.05048003924047825,-0.17246623713567408,1.0,-0.09910106477065717,0.009618067023264178,-0.13109592979698703,-0.33996632038488184,0.0222262248312795,-0.08971302376697757,-0.303065718447904,-0.03922779507692225,-0.15800289332764414,-0.3489738313037926,-0.01564422528940063,-0.16479452168068393,-0.35808156314740924,0.003311155385855415,-0.12114611541482839,-0.3243061964789731,-0.035349438268178816,-0.15382884944247444,-0.3591297545882243,-0.0061671682793456375,-0.155210167452703,-0.38385054848496464,0.0024933526518296765,-0.12206672742023934,-0.35025603297716,0.011219353113696285,-0.0942691304402577,-0.3645822949286619,-0.5040883651343772,-0.1628509692161237,-0.19214032693345195,-0.4219745581430612,-0.3318985093973594,-0.15101684245568803,0.1658953225529625,0.09362612063614935,0.06835248905079673,0.36473215811435994,-0.11813201443907705,-0.19012325559575774,0.13767297741547274,0.03845135814415943,0.32854161739139043,-0.12989515003972718,-0.11813201443907705,-0.10652445730838828,-0.01304508377187049,-0.009623531893530135,0.2002679933368148,-0.31805704203721996,-0.11728598000616541,0.0022938832688904624,0.22037164522853644,0.30929497369418607,-0.002511417303682024,-0.006097803787236548,0.025726500163703772,0.07288962193152378,0.08066957315474099,0.002132367603792968,-0.13778741373165787,-0.15535052683023942,-0.15146854591780726,-0.14290152535071818,-0.053759313068754394,-0.13272405231055748,0.002611088467468128,0.3504838693246988,0.17267960804342355,0.19001013874222034,-0.173211261064431,0.1796646133865361,0.046653063330339146,0.062196170416336884,0.07173340529071096,0.10165342579165303
LL3_entropy,0.060106276087203744,-0.052132068756515944,-0.07490533875316796,-0.05460725201635219,-0.0073793909766739765,0.008060232448049208,0.07947541898270497,0.06046760824870749,0.0383357660444159,0.028528730132978783,0.025613756711295083,0.025960634304499304,0.04763931121519677,0.0989092508418533,-0.020865939024684053,0.0002952468281945604,0.06110315528244518,0.05962447904156921,0.0261925144518257,0.02170715310579802,0.02423592757099934,0.025378034231940957,0.026395373704311796,0.09282091425261824,-0.034542374829033405,-0.017318492586134798,0.05923199788913876,0.01945301871367332,0.008939962433181773,0.012168228378912889,0.020533186882683716,0.02187395573792928,0.030980512723662267,0.0916154558440758,-0.09910106477065717,1.0,0.21543083878370856,0.3725927836441044,0.5619343824249439,0.2067197559838731,0.3471707639841539,0.5396861943700659,0.17198330163949818,0.28482283507964395,0.4581179023288196,0.19912772315916621,0.3391114201558108,0.5029894537079451,0.18273073540280704,0.306351091379029,0.4653697609558367,0.13673705190202162,0.23200325508990738,0.3900406208018922,0.16919416205878735,0.28856591691149464,0.4392848921487187,0.14731750690003761,0.25307240795685904,0.4044328460797349,0.07420443931593301,0.1508334933290259,0.31324969805558905,0.1323582550328242,0.08013977959758774,0.17302714793773327,0.3283875895304073,0.4074117080037168,0.38517520513786596,0.07077045173204914,0.016843599783921106,-0.04370914007736785,-0.644928124679148,0.033130136916225544,0.3708764693474272,-0.40994339585260015,-0.321416256495971,-0.5616021477851255,0.031276312547953086,0.033130136916225544,0.1748218467857581,0.1400976470303346,0.10891676679852885,-0.21813706395114807,0.29941148268282913,0.27123441610239885,0.22407007335017265,-0.3581530246311778,-0.4332976201137981,0.057839858476151064,-0.04684662937902858,-0.07886162219955134,-0.14441274898331558,-0.1810405765802473,0.22396047507337888,0.18169831811027876,0.20193633491190185,0.21608122494280355,0.2166369315526258,0.08546350114471474,0.21977943492382962,-0.12546892754078684,-0.4829159517209754,0.017968924878497054,0.01100154254028088,-0.017198402178773595,0.011870680120634856,-0.08361876096294696,-0.07615372524579299,-0.10638541792915343,-0.14028497526000064
LH3_energy,-0.2565761600383956,0.2900309771226234,0.12367510325176587,0.3301556106594718,0.08316226451612264,0.11674262290840888,0.3223675271898882,0.2357584157277116,0.21289333176136357,0.29239754741835233,0.17412097771361223,0.11429444496026261,0.37313436264625505,-0.03586301162054093,0.09440909360115032,0.12917653749318406,0.33473318117445383,0.27832433727418054,0.22578285334940545,0.3029151395400084,0.18482801513710104,0.1205025502384554,0.3662464196139375,-0.03794157599210216,0.07636354218531277,0.12035913884347413,0.32233626899663653,0.25095216615146854,0.21740365594690333,0.2980696548005249,0.1791018244093644,0.12002367375957813,0.3713470364165339,-0.05001440815447971,0.009618067023264178,0.21543083878370856,1.0,0.9118616178245076,0.34190099987690836,0.4501018926266227,0.4453948520678539,0.15072204419265892,0.6643101340267025,0.6036029576086867,0.24624009122333662,0.9116227880278303,0.8121493583916027,0.32553248617183583,0.45331793276790855,0.42396860855096413,0.13578350914984724,0.558056390455655,0.4937156600482519,0.20648745856009193,0.7792471025727974,0.6719217603308877,0.2882415020037062,0.4104296740656725,0.36736451338276777,0.12406453220372271,0.39446908964399774,0.3575348658148778,0.1786597744498026,0.6387622592520994,0.10832614083853637,0.12215749101761426,0.086845436199808,0.12573640977132106,0.128613666944029,-0.15977750102575308,-0.25803742236904814,-0.07224167038714305,-0.11355380216441893,0.046173010693100466,0.07256839467033598,-0.051778739237025855,-0.0067376061315827605,-0.14428332575617958,0.09197562225822654,0.046173010693100466,0.33320693261111894,0.4128375143329758,0.3944536658083584,-0.1358480942732253,0.13100456813476058,0.6014941741217138,0.7949017923980514,-0.32039088258884724,-0.23956532625924268,0.06197307640003506,-0.05455212027908513,-0.07254530139931284,-0.10295894563014649,-0.11807770042467293,0.7947075017024905,0.32527734229777844,0.34331330866134563,0.3710813385152897,0.39128486325164263,0.3308932827101899,0.3828088964216352,-0.249325803773269,-0.1293784802803324,0.32749121792103525,0.38494346283528613,-0.31671148809697014,0.31308468578477816,-0.10162672051115196,-0.07331510319162905,-0.11546044921790999,-0.07627448676258615
LH3_absmean,-0.3315450118948332,0.37017467039096325,0.17317592504146942,0.40312463861543507,0.03131650059107531,0.07600068179321644,0.35153945691065525,0.23474928270639941,0.21081419030441467,0.29477738196632197,0.19664094325522452,0.1316444235519755,0.3529507256038258,0.03563563732174254,0.04556584067580522,0.08785213604036592,0.35125025951884936,0.28976628709483265,0.22063238219649114,0.29859324469457926,0.20538866239470768,0.13589720838456365,0.3373650938048096,0.03653833423200002,0.015995498022535984,0.07299627865830703,0.34257007164542913,0.23821815315038594,0.20532365422035895,0.2898436768440066,0.20031329558713426,0.1351511578028234,0.3442734426885299,0.023113808687596226,-0.13109592979698703,0.3725927836441044,0.9118616178245076,1.0,0.6495590490637758,0.4455465890802188,0.5461599228515682,0.4012278650710725,0.7065155997253176,0.7541950069990186,0.5246338546913505,0.8697474597671566,0.9394177558311083,0.6312407553442166,0.46383543818597317,0.5479260081239229,0.3946847826950639,0.6131323259735103,0.6451333694848763,0.4679369844595823,0.764714016069118,0.8091488797435116,0.5788142852833804,0.4315972417173549,0.4940023899946524,0.37529073663107176,0.4311629550303889,0.46649759026698084,0.40534875471400394,0.6840013498015989,0.1832780742868317,0.2221726986911968,0.3171788769969245,0.3353606538276366,0.274902125159665,-0.2244117805587914,-0.30663029557829424,-0.14925119092989975,-0.35031292786087626,0.07410007645588848,0.1603334568587432,-0.11722258322564984,-0.0281600865345766,-0.3833028712427246,0.13129284630276478,0.07410007645588848,0.45199045222265544,0.471071120810266,0.4365856931965009,-0.2978966986869986,0.3544036650058312,0.7139349420635894,0.7746086149714981,-0.533968517834339,-0.4302411608970113,0.011828675651634733,0.002711523621003923,-0.04983940154200569,-0.20573821816116142,-0.2109805354267393,0.7745671203705624,0.4344871796190535,0.4715714070129462,0.5105410874159773,0.5303879807199503,0.38976134984388094,0.5278604830185281,-0.327918401119362,-0.3752116832840793,0.2835974299616588,0.3260630315933958,-0.27188432335260304,0.26360760686719803,-0.12732869231999627,-0.09824638084923155,-0.1467229962670187,-0.19040820564486774
LH3_entropy,-0.2540553382060355,0.27727365092067097,0.1512430576886472,0.27848825657476506,-0.10279467121348047,-0.029887927941991736,0.1794812662546294,0.09368843960161428,0.08571839295671758,0.0993889059370083,0.12079219701137849,0.06583454939444246,0.09798174125066902,0.1619376598695745,-0.09269108791005817,-0.03248417341896566,0.1528407381275957,0.1424362404369797,0.07617602685960666,0.09084291109719556,0.12008874212425769,0.06597807609704234,0.07199263011178009,0.16711565836003245,-0.12131304141186489,-0.045772877512538064,0.15258597165789609,0.0658447588610219,0.05467692241232848,0.08116596314935458,0.11829580160454513,0.06688981841403735,0.07781799691744945,0.162818210374384,-0.33996632038488184,0.5619343824249439,0.34190099987690836,0.6495590490637758,1.0,0.15045339674848185,0.38019641479729877,0.6904110354241513,0.3532161531171491,0.5644576434060781,0.8063947832382412,0.37750375827031024,0.6704399836230487,0.9351491171992762,0.18548787841574044,0.4215354095560253,0.6848873302336161,0.3317050496318382,0.5182980521502637,0.7297112429037774,0.35427022143071146,0.6149558559618117,0.8565923461753036,0.19033213623552414,0.4062778005976335,0.6492869478685618,0.2255648729214867,0.3724897150387935,0.6185789403030333,0.38668483927183844,0.22743268529037688,0.3008371589231833,0.6038402378688024,0.5728293546909053,0.4300282615982993,-0.18643776429950343,-0.17676288195932446,-0.17612963469857418,-0.6948578947381788,0.09839404104860024,0.32716668700737367,-0.2829290201433465,-0.15347861591421882,-0.6782562092548257,0.14183110952188005,0.09839404104860024,0.39502332982031707,0.2841290380754725,0.2509491663144792,-0.4456971517868423,0.5888655876023562,0.501461012687197,0.3193996884848691,-0.6555862833688625,-0.6019898499146397,-0.08141879513276412,0.09872059793415505,0.021118394215713345,-0.2465781048964342,-0.28743778247954177,0.31965139421469224,0.37609732697894926,0.4242837884040007,0.4553070908393604,0.45935917983106583,0.24741731302240458,0.4649839117947523,-0.25068269994004705,-0.6904739726525253,-0.024669403385783894,-0.04096925017793305,0.02986020082825745,-0.03925274017506554,-0.13467095045050068,-0.11963194405389803,-0.1621154516427296,-0.29690578271683843
HL3_energy,-0.3023425562827012,0.3267117068124643,0.18946585113295059,0.38318473643896933,0.17556143327127002,0.13877721776835406,0.3133459494507757,0.2945783717408025,0.27260725513565665,0.37888160227129036,0.1548362944305445,0.21446315907639152,0.4071735471047376,-0.0319084842180231,0.17123831113891003,0.15592705154108413,0.32218963517266663,0.29038556773724716,0.2840376350525721,0.3818950659920008,0.162962246653414,0.21955982121204304,0.38689451535896924,-0.03513050927239508,0.17904138199662542,0.1216831614634461,0.31642783355909027,0.30610096338815507,0.2578353718185537,0.3799022585756861,0.15662753004142937,0.21601534216361482,0.38368964007672407,-0.05671128973529667,0.0222262248312795,0.2067197559838731,0.4501018926266227,0.4455465890802188,0.15045339674848185,1.0,0.9191858162836706,0.3364921687217886,0.6477820321912177,0.60474830959352,0.25943341022663446,0.4741470763949587,0.4421289942178073,0.1420246648383004,0.9094129493491189,0.8214813500503861,0.33193495611214824,0.5564359977660203,0.5121865400626088,0.23268726203059434,0.45846393062851615,0.4032332506366362,0.13316203939001864,0.7847798746794277,0.6944020203302165,0.2996955517413471,0.41974604813767813,0.3998725042355609,0.20545472251676467,0.6374966319774901,0.18116762217599888,0.23232509539671656,0.06765410552164496,0.04359108210002313,0.10989223493145717,-0.22410838660359722,-0.34333240126221265,0.011918954594209859,-0.14501239820076872,0.12387671577177481,0.12439827639910962,-0.09270287167129615,-0.04585691813308717,-0.1300536696626979,0.17559942202213533,0.12387671577177481,0.39497876059503134,0.4991829226789637,0.4605213990042003,-0.16661105362034168,0.17198894156432493,0.644139950428641,0.8237813640413747,-0.33192516250682896,-0.31099059099807413,0.013997290953730711,-0.004127193492907872,-0.03885768874595295,0.12033870597079317,-0.14609047863099964,0.8234984783727475,0.40814988315948203,0.4255492457439682,0.4457817456783925,0.4613837660176585,0.4246509724145126,0.43957231200613717,-0.23239682288560365,-0.12243217804325056,0.3990153428032254,0.44850747528822293,-0.38826893313343264,0.3862905986613872,-0.0032706403923002635,-0.10329742818455934,-0.06493472506453483,0.11003186318627632
HL3_absmean,-0.39318660314855525,0.422199291645035,0.25417557715907807,0.4713227774781747,0.14364043380204763,0.10973483381848086,0.3696169853353854,0.316865153075731,0.2928648344715204,0.4017002719286244,0.1927918697964956,0.23863595555206277,0.40647697931597415,0.050310515765756944,0.13938007506457628,0.1269225526213194,0.36788453716508346,0.322313318443484,0.30053426260585575,0.40009822831682995,0.1998062666059029,0.24197621369335034,0.3802322237017596,0.044457794364685936,0.14072381574608217,0.09019132967242832,0.3666327970335558,0.3243671934888969,0.2714888980135766,0.3935874469318309,0.19423634363111078,0.23894428560807196,0.38020986061230483,0.021846519468371198,-0.08971302376697757,0.3471707639841539,0.4453948520678539,0.5461599228515682,0.38019641479729877,0.9191858162836706,1.0,0.6296575004093957,0.7098685122064515,0.7662130747903656,0.5287051050288162,0.49301672346824027,0.5746945389895284,0.3895386534947617,0.8768777940952933,0.9425465115281435,0.6206199844913045,0.6377249658696059,0.6808985880623792,0.49182831177931274,0.48810564143071267,0.5445263212118461,0.3819154724525629,0.781167093267769,0.8268164046896871,0.5776806204265533,0.4854130057332869,0.5323790201443857,0.4360407678547312,0.6697336858958483,0.27954979204827146,0.33647779366518116,0.30691381921511984,0.24350111806046776,0.22647295568497244,-0.29053879721036696,-0.38782084061480704,-0.07708552760386282,-0.37634526216738723,0.17581784639783346,0.20601521156237876,-0.1483984515987272,-0.048435962754197356,-0.35169837063228915,0.2330368765435154,0.17581784639783346,0.5239642145379991,0.5658825565358359,0.5135809751301238,-0.3158448416880117,0.3981762084212411,0.7668617878902704,0.8113018266753529,-0.5523870174101998,-0.5074607190319261,-0.056599314919820884,0.06867225536346423,0.014556324190737505,0.0163651916576227,-0.22790733942834235,0.811179473176834,0.5407061941165652,0.5768500600072531,0.6045141856397923,0.6173742185239074,0.5066319868398238,0.5964452363682216,-0.29411675471950827,-0.3575755851700895,0.38557513571648555,0.420826824782007,-0.37363187606157267,0.366819358527754,-0.031865095023226694,-0.11696202336663243,-0.08850817781353325,0.017337409606938324
HL3_entropy,-0.33488942186269843,0.3552658244838708,0.2290817651361593,0.35967524651029176,-0.017592950817554073,-0.016808173438785594,0.2437034734199652,0.1862637558832859,0.18074961345738164,0.19651174036154787,0.13643644051331547,0.1466083535880258,0.15848137621714403,0.22837386435750437,-0.029417506155824325,-0.019319196915415022,0.2208517104757717,0.1951328198009716,0.1680865617430219,0.1853567797786654,0.1354471230960519,0.14595720982000565,0.13170389369088858,0.22142644605560685,-0.03849448770963557,-0.04162773723228423,0.22796284151975232,0.16684235958535276,0.13948257989678123,0.17337109737385778,0.13393590855488632,0.14615440959579667,0.1313903616681105,0.21021442294495593,-0.303065718447904,0.5396861943700659,0.15072204419265892,0.4012278650710725,0.6904110354241513,0.3364921687217886,0.6296575004093957,1.0,0.38622064927728317,0.6052209875630717,0.8345547785169489,0.2218563542512695,0.48076436900357356,0.727407633297656,0.37703175299557895,0.6637127255525408,0.9394200329447208,0.3881579632768004,0.58783614307018,0.7862247112529127,0.2455470825966509,0.4923397878788856,0.7201255015978134,0.3652368158987616,0.6256423066226906,0.8812346986604059,0.300258311648258,0.46658669485428955,0.6987595925246214,0.3629027277842138,0.3532404391004035,0.4084212574738496,0.6586542713392477,0.5287190056452263,0.35750307934674147,-0.23762025885717286,-0.24958738918287662,-0.16238868573966145,-0.745415621946341,0.22365909007966317,0.3743274621592073,-0.30963494981811823,-0.14563989539635622,-0.663847569992652,0.257902822054691,0.22365909007966317,0.4746732149473134,0.3605788924957826,0.3131887348215356,-0.4876252871253243,0.678794966613265,0.5635237661006316,0.3460392607898167,-0.7186984927674255,-0.6956842573612764,-0.1668458007906309,0.17717843430045635,0.11217722039078534,-0.14441705904064153,-0.28693296311341066,0.3463036877838645,0.49694831697843295,0.5478252124432295,0.5660197963249695,0.5605792232630472,0.3639344370771109,0.5465446693472022,-0.20411770533321447,-0.7082724939059496,0.06739028225444112,0.04455863896622667,-0.06122272549427748,0.050640435434133976,-0.09661996903808374,-0.1133165294012718,-0.12620665939945416,-0.15797381731156382
HH3_energy,-0.47784105599357457,0.5104419593303227,0.3166229409250633,0.5199266846631752,0.15308727494882607,0.16576803444871924,0.5352487409123746,0.3066014166375331,0.3151211117058017,0.5063139879580151,0.2554632577199887,0.2472935778945239,0.5500149761142775,-0.05947925501505299,0.17207648553906923,0.19625950817656518,0.5469908272174029,0.339818163793253,0.33356306468196567,0.5153175562353053,0.27182115243255806,0.25099599540341555,0.5329042943369473,-0.06424604414717246,0.14678490607422282,0.15042256980859744,0.5391535960637391,0.3302496738846019,0.3148826670853066,0.5057375831281337,0.2657673121275558,0.24883739279236974,0.5366183588527356,-0.08028779846170515,-0.03922779507692225,0.17198330163949818,0.6643101340267025,0.7065155997253176,0.3532161531171491,0.6477820321912177,0.7098685122064515,0.38622064927728317,1.0,0.9272526438323937,0.42651914140878,0.7358472782041738,0.7465250981481862,0.3710745231851105,0.6978326634518686,0.7359888314886245,0.39763018643244546,0.918622941676122,0.8455702839585686,0.42663299339370847,0.7097642230408074,0.6963114808353432,0.3605943757080504,0.666619531736527,0.6825322478404315,0.3864700237783468,0.6926459768187907,0.6604300853698349,0.3883713474029556,0.6830984883471516,0.27413807359542386,0.24141527881961353,0.2591749479938856,0.10117766723525888,0.05594155709707298,-0.36102846920749965,-0.22454262328577065,-0.058942077466634296,-0.17788384131104157,0.2264702897549631,0.15354855292749767,-0.09642916266628723,-0.002159496628205731,-0.1245661739781359,0.2614711366565105,0.2264702897549631,0.5276838007080387,0.5754617916653187,0.5447597749687911,-0.24489020366495803,0.32129607600940485,0.8084273908862988,0.845993805499887,-0.4910442245618642,-0.3997652844257935,-0.18854964954403525,0.18394543619615722,0.17142132463157836,-0.14074952549613834,-0.17137666270001448,0.8464671328532739,0.5273844153424596,0.5734836949965226,0.6206897192454435,0.6429033814975974,0.5543958488708814,0.6414808184460216,-0.3680541360793186,-0.20673095398936797,0.4645799140280145,0.530780515725304,-0.44783361434803337,0.4452995142755446,-0.027149351918114573,-0.08853715127005225,-0.06483842288372661,-0.16523927549167297
HH3_absmean,-0.5125041391359159,0.540645406229043,0.3594167525803162,0.5515447439087753,0.10352949374269274,0.11435321853835805,0.5262766743222852,0.3265132156924186,0.3277726560772185,0.4953641922886261,0.2791425864336479,0.2716601936318619,0.505167318322951,0.020380463859698553,0.11974533845252629,0.1388175881663631,0.5202107030061653,0.3684927474672762,0.3400914104382476,0.49407417337076776,0.2898859480086822,0.2745983361035578,0.47710029601013704,0.01905083098164405,0.08906684453528474,0.09900420782277145,0.519393822129495,0.3338378409108595,0.31372886137379374,0.48116379336143245,0.28487376138643944,0.2731491066837102,0.4840276601905846,0.000302771981035251,-0.15800289332764414,0.28482283507964395,0.6036029576086867,0.7541950069990186,0.5644576434060781,0.60474830959352,0.7662130747903656,0.6052209875630717,0.9272526438323937,1.0,0.6924825142872685,0.6796312737959571,0.8212835070391221,0.6038383357251796,0.6570235715989495,0.8145588032391639,0.6340462395230805,0.8770137517667603,0.9388882437924884,0.6827551376023918,0.6712961260601689,0.7928283271429958,0.603861541539283,0.6435371249191514,0.7797232021271862,0.6283351185830535,0.6857198334491401,0.7503680040597761,0.6207817190312812,0.6874449805061018,0.3931479887560719,0.36425549701145565,0.4979562983923006,0.2763892974460168,0.12184354112399498,-0.46441315513484427,-0.2556918501989429,-0.10102231392187422,-0.3731156241131781,0.29785546921139905,0.2568568359753322,-0.1693761273443512,-0.01792341930732695,-0.3041084811170722,0.3468170150280408,0.29785546921139905,0.6422063003646351,0.6193412505207483,0.5684891723473796,-0.3949708790642468,0.5536310375979563,0.8841473690596294,0.7912751872448757,-0.6570267044327565,-0.5927255822276495,-0.24351637807537968,0.23799917640907475,0.22021745301547016,-0.20523420593385103,-0.236042714026404,0.7917549276491499,0.6321871708739905,0.6987689371483409,0.7503949386279475,0.7669849795283182,0.6039082663215928,0.7671108403226478,-0.41000867660817164,-0.4321770927476987,0.4197380357436106,0.4621753026020688,-0.40288708919629845,0.3951746670425406,-0.06152318870717425,-0.11032012106368871,-0.09705963013399381,-0.24773560508784223
HH3_entropy,-0.3360148718124328,0.34845152998703394,0.2531159329099632,0.3437142812902187,-0.07157198403723183,-0.03866100946628587,0.2708952974486459,0.1979960586962462,0.1958319007859643,0.2352922699111083,0.1876750601399299,0.1750745364564944,0.18989668102021345,0.17920626601703613,-0.06821335074787752,-0.04029487231185855,0.2444177896262802,0.22968805050108607,0.18966024030877957,0.22471464553883408,0.18588031143689968,0.17585645423269555,0.160294885400529,0.18523460865756208,-0.09303939479597585,-0.05986695529206455,0.25058097309641175,0.16900485862727285,0.15374121956965348,0.20753186697796416,0.18538108607494638,0.17643347586279298,0.16450589567864496,0.17373199999772349,-0.3489738313037926,0.4581179023288196,0.24624009122333662,0.5246338546913505,0.8063947832382412,0.25943341022663446,0.5287051050288162,0.8345547785169489,0.42651914140878,0.6924825142872685,1.0,0.31445934039329054,0.6116063145993255,0.8590266030470631,0.29968447839056783,0.5953947250034564,0.8681323290335229,0.4477694453645044,0.6902540440751801,0.9236453969364075,0.33261214162547137,0.6235568578366799,0.8656935135764198,0.3206925288378659,0.6033726431206231,0.8632093580935114,0.37195611888374996,0.5665229825960039,0.8280889761257086,0.405499167026988,0.4535434590907963,0.46868589761669033,0.769762243089352,0.5278891830578648,0.25891159279496356,-0.43601941900528296,-0.21277840955645863,-0.11978075493860682,-0.6880403194838117,0.31197370141299097,0.4297321971230149,-0.3312109004842713,-0.13057401777443534,-0.5954792833176512,0.3676815099654309,0.31197370141299097,0.5473495524123286,0.40152804990359897,0.34911857788186124,-0.5606714819448189,0.7763449312772882,0.6293123724571925,0.361610376899902,-0.7106195463748477,-0.7559061692179478,-0.21805975645532114,0.217155680316901,0.1861263584709095,-0.2393648965679022,-0.3050553702745431,0.36203949738943203,0.5526997396458798,0.6197322330649104,0.6480846485015486,0.6436620896048618,0.4191509314358828,0.637415063243454,-0.26114085559672306,-0.7457981981820613,0.060182879601074143,0.03985087050818158,-0.05125487967284285,0.04108173370668275,-0.1323506012611,-0.1274855422055111,-0.15108532296850805,-0.3091136093284348
LH2_energy,-0.4674261229535365,0.5002729033239214,0.3069433090576936,0.502184342732276,0.12154758661383185,0.17622230222770027,0.4151060245854676,0.3221480462898018,0.30088247489866543,0.3998933527091014,0.25846177716561614,0.20181742707688344,0.4473585015689307,0.025780027204268037,0.1415982895893246,0.19138601809463107,0.42899734066672573,0.37854579708144886,0.3165823442171685,0.4074468723407625,0.27229603980164674,0.2091199506619341,0.43800651487094044,0.022046457016859106,0.10691500590426992,0.16863927680193852,0.41633802842114614,0.3322741736652648,0.29920805254746347,0.3973554987986758,0.26729619954760525,0.20672236267574504,0.44026515633881064,0.004798065148197891,-0.01564422528940063,0.19912772315916621,0.9116227880278303,0.8697474597671566,0.37750375827031024,0.4741470763949587,0.49301672346824027,0.2218563542512695,0.7358472782041738,0.6796312737959571,0.31445934039329054,1.0,0.8989431165318328,0.3761629392374418,0.5334978484128016,0.5249212020368536,0.22310228215375605,0.703113837916113,0.6313884527382286,0.2960003980309504,0.9201321593352878,0.8066450456889858,0.3609720592574296,0.5370442695019292,0.5050980481933246,0.22030182599311984,0.5413339246665962,0.5065361494024208,0.2770546803634942,0.6535802110226481,0.24515461174931993,0.2662641968658963,0.152885901092095,0.07729945893877405,0.015683801071063923,-0.2611984417623217,-0.27305900430991376,0.03430417684223875,-0.13433306489780264,0.16248198800921362,0.1765277837381214,-0.1333105455322108,-0.0658048222346977,-0.11121735174884188,0.2282141796737596,0.16248198800921362,0.5130112556085639,0.5929671091792794,0.5789630419466003,-0.2137898787470349,0.2665218031915815,0.7324931341765141,0.8579918687766648,-0.4317210995069524,-0.3349543728862126,-0.1417279521020654,0.1631007128682915,0.060745049852630656,-0.12137919402394552,-0.12714485623771296,0.8581063644099431,0.432134149875938,0.4656037819009592,0.506335443667204,0.5308678289825585,0.44858394936188883,0.526733436284888,-0.32981980852583204,-0.17135339594619248,0.40737520063603466,0.46834018718845105,-0.3936377835279502,0.3912739135106326,-0.09227087768731593,-0.09220943200461712,-0.11974701348002832,-0.09796999603059717
LH2_absmean,-0.5247706596562227,0.5548452780784799,0.36435936052423645,0.5571016975452383,0.06732491008217413,0.12475016947612938,0.44092521466247003,0.32889827180714926,0.3093350918817571,0.40375742990565106,0.2889754968907595,0.23340079361998894,0.42043318932319396,0.09130199049434623,0.08886421919138193,0.13974035714011643,0.4378508151961925,0.3963346641937679,0.32158307127119945,0.40364578453987315,0.299083819276204,0.23815068812630769,0.4001208989355162,0.09011730299615801,0.04306241518803606,0.11531483300827884,0.43244270465340023,0.3256513275172795,0.2971917881493395,0.38994465687492974,0.29443457459483785,0.23637555528166104,0.40591438248278483,0.07071807930367432,-0.16479452168068393,0.3391114201558108,0.8121493583916027,0.9394177558311083,0.6704399836230487,0.4421289942178073,0.5746945389895284,0.48076436900357356,0.7465250981481862,0.8212835070391221,0.6116063145993255,0.8989431165318328,1.0,0.6982310744624542,0.5128865390331147,0.6386222697191518,0.503436519054248,0.733088937828504,0.7880990724512043,0.5919917134653264,0.8610837785827202,0.9378018616305938,0.6787261609845002,0.53285519503545,0.6348704736945334,0.5035071900943158,0.5818356597576297,0.63903939898719,0.5431313866125551,0.6811296019130577,0.3564327890866493,0.38731633365921286,0.41892371677866197,0.2891538454889427,0.13503746971581967,-0.3543388593869901,-0.31966175393062113,-0.04383781332537071,-0.37745854204231044,0.22300275980330028,0.2673230904819953,-0.1940502114967341,-0.06670863594521233,-0.34406884591903936,0.2977103130596273,0.22300275980330028,0.6494107200167964,0.6426121597610438,0.6080171853395835,-0.390883541625202,0.5330465583800156,0.8386775395956693,0.8013180065336359,-0.6365405051183698,-0.5468177193200913,-0.21205229268371806,0.23207967013033695,0.12366102504887877,-0.2162611529580485,-0.20496047579194146,0.8015559697125864,0.5554648492713168,0.6130710363241413,0.6660764545404659,0.6880046136401342,0.5169248417813884,0.6920182375126397,-0.4093936502899025,-0.4408355101080647,0.3560480673149879,0.3976465011958517,-0.3413289908484504,0.3341485401359342,-0.11218574710832376,-0.10642648574774352,-0.13910338862433094,-0.21517362656507463
LH2_entropy,-0.3058232502924614,0.32421448237913886,0.2098283248376178,0.31631465403236614,-0.11722757654158436,-0.04007160275166257,0.21347380466552873,0.1350463812257164,0.1382214777537874,0.15007956399303915,0.1625906263661289,0.11910575671310399,0.11918142996010744,0.18571535350357504,-0.10518694769394707,-0.03635766234629623,0.1896346370462545,0.19049417921752151,0.13531451451679993,0.14144271993822907,0.16161377341274677,0.11950733870561842,0.0944864946752058,0.1918553328234916,-0.14439678820245008,-0.05311343128154635,0.19340208192284816,0.10533401209387722,0.10586370649874384,0.12777698467534232,0.16088758952108326,0.12047876489213545,0.09940483933582904,0.18263433311494948,-0.35808156314740924,0.5029894537079451,0.32553248617183583,0.6312407553442166,0.9351491171992762,0.1420246648383004,0.3895386534947617,0.727407633297656,0.3710745231851105,0.6038383357251796,0.8590266030470631,0.3761629392374418,0.6982310744624542,1.0,0.19244762259154982,0.4624319312836693,0.7577382891281373,0.38205958964721193,0.5982283839241304,0.8313759938689588,0.38304822280802453,0.6833839384183704,0.9470350271578293,0.21726226360867207,0.47545749503728674,0.7524052361234137,0.2979705807764559,0.47325833464613876,0.7443231975188223,0.39258098201800595,0.35194338329117897,0.39568514397992743,0.6947898474145798,0.5651091586208707,0.34760677447510524,-0.2843773762368903,-0.2211335682961948,-0.16261849241607856,-0.7087955618555379,0.1998524855098706,0.36089464803556065,-0.28613609793208994,-0.11803429231015394,-0.6602188572923394,0.24993502449177346,0.1998524855098706,0.49600466721827874,0.34726826074941647,0.312636668322616,-0.5226173377174822,0.7200696496438019,0.5618959397163615,0.3267135331831948,-0.6686071974927492,-0.6712461587792368,-0.15027090236810672,0.16304894280446222,0.09151137260502991,-0.24969946289631875,-0.26782667796419457,0.3270761506368412,0.45462123486363837,0.5147223575747718,0.5488433478582356,0.5501185898012589,0.3209304721571707,0.5554425580577099,-0.2687059677046543,-0.7467638023085049,-0.024177714122316195,-0.03956828405195073,0.03138442138588662,-0.040751634524606284,-0.13586615915437092,-0.11632824985955555,-0.15652155130000517,-0.3152459465071043
HL2_energy,-0.49051942333691406,0.5141227808610567,0.3536749770412712,0.5289289090297162,0.21986434120703288,0.20326437289287924,0.40123958041117946,0.37101139462328103,0.3366187301709888,0.456163884144823,0.2403417571121648,0.29337053747551745,0.4708957413339753,0.01107781525382427,0.23455898607284906,0.22902209845763347,0.403956546851471,0.3858737290552628,0.3592588465178568,0.46061498778478943,0.25150332818738746,0.2973276049402543,0.44275765673253764,0.004346653552943812,0.22603935539214043,0.17704507533492653,0.3994354117361849,0.37862376650030743,0.31677523477796926,0.45942692451525563,0.2454473316028764,0.2937754595262628,0.44226315547372824,-0.022600553283034445,0.003311155385855415,0.18273073540280704,0.45331793276790855,0.46383543818597317,0.18548787841574044,0.9094129493491189,0.8768777940952933,0.37703175299557895,0.6978326634518686,0.6570235715989495,0.29968447839056783,0.5334978484128016,0.5128865390331147,0.19244762259154982,1.0,0.9026421290585075,0.37407325851841994,0.6777827418405384,0.6225354433749931,0.2860234855116205,0.5627361510755848,0.5101077203111366,0.1903966110741743,0.9149203370375832,0.8141526059644036,0.35792310624818807,0.5547408614050604,0.5248232815493766,0.2698213658140101,0.6359782111725985,0.28120544977382855,0.33996003835392125,0.1026426766695679,-0.013030445196512683,0.006840131720521842,-0.29893631362197015,-0.35913495602040196,0.11059099652611021,-0.1430320139395142,0.21588616688389806,0.19021979514277745,-0.14416560629992986,-0.08252200731652001,-0.0826066179107817,0.27933372995641575,0.21588616688389806,0.5529080927017942,0.658424415079536,0.6387880158805294,-0.215747719578872,0.27046538466378367,0.7496621970092028,0.8706485894385353,-0.4257486843218512,-0.36985577729289115,-0.18161236667194997,0.20641168526312215,0.08493756761714508,0.10557664137854175,-0.14474440473383782,0.8705682696858039,0.4651513233609971,0.5004427268597862,0.539657602003835,0.5622245856760646,0.5011789271383987,0.5549069684876112,-0.32697760574703016,-0.14384954743141917,0.4625257413377702,0.5188015016974257,-0.44905967586709944,0.44909383454879553,0.013560871011408682,-0.09439625632050665,-0.056358822036724654,0.10900050864962363
HL2_absmean,-0.5700388766853242,0.5919050356656181,0.4271727780697451,0.6067069902825825,0.16807952758724645,0.14798912486275143,0.4457319055691791,0.39661364717899095,0.37221781987250097,0.4809569497150443,0.2844539633167526,0.32808562383120665,0.45781479250282886,0.08567486659643765,0.17602322583469773,0.17207119590796618,0.43716352572116257,0.417679817419353,0.38534008346089244,0.4790477077150626,0.2926474641888324,0.3304095576566114,0.42543189172510487,0.07812158946145603,0.16356390991800926,0.12273461371781043,0.4394573078796941,0.39717507511802763,0.3426111571215934,0.47168101577601,0.28750107202397246,0.3276513441636706,0.4268726072920242,0.051262140484321254,-0.12114611541482839,0.306351091379029,0.42396860855096413,0.5479260081239229,0.4215354095560253,0.8214813500503861,0.9425465115281435,0.6637127255525408,0.7359888314886245,0.8145588032391639,0.5953947250034564,0.5249212020368536,0.6386222697191518,0.4624319312836693,0.9026421290585075,1.0,0.6901272341115433,0.7386849299900307,0.8001664146741598,0.5885638147970356,0.5680436291558314,0.6576053679005885,0.4748061173168478,0.8706652476972975,0.9453739942924261,0.672295104317561,0.620421894606297,0.6808777358339445,0.5466856309065486,0.6576274755367795,0.41926722505573544,0.4727616821399262,0.38192731742194924,0.19189082330611734,0.0980429608828475,-0.40055555236991874,-0.3973354809010351,0.02808834283948559,-0.38515071896275327,0.3006630409226597,0.28417365049597554,-0.20307834379111792,-0.07342001142957949,-0.30296821443875716,0.3703135806137075,0.3006630409226597,0.7000104475948701,0.7136244434328045,0.6719805250498441,-0.388271049110122,0.5473473437946137,0.8685985370255819,0.8237087491607732,-0.6373534229864626,-0.5945169872018182,-0.26636737014815515,0.28552755997533535,0.17178274578821767,-0.0025848834163394734,-0.21100440729128817,0.8238132224774574,0.6191079928517296,0.6772088396737684,0.7231171726552996,0.7400556560095707,0.5972476527809876,0.7332854907836492,-0.3841636971987921,-0.4087467086258282,0.43551685632908643,0.47263222174669633,-0.4207458593491905,0.4157729865635251,-0.023277959901380735,-0.10412077342243536,-0.07598883110989738,0.005372450196881748
HL2_entropy,-0.37722409910922233,0.3925602580167262,0.28016602792791045,0.3907380914890328,-0.03857629190381903,-0.03777001252000733,0.25706463965078885,0.21492146826286057,0.22022021389940122,0.232799869541431,0.17739581798599438,0.1929515817621316,0.17089435405053985,0.2305552745882375,-0.04669992578312913,-0.03533092204759958,0.23330823349931734,0.23422270353349275,0.20885154820276083,0.22260120308790762,0.17604149480307105,0.19157750882830116,0.14364947392711497,0.2285198773608298,-0.061901380679290935,-0.06407016061216646,0.24313373266058994,0.19207351200111752,0.16954696768487548,0.205551970356666,0.17543011457588312,0.19159230281681372,0.1442163058887009,0.21543095590302316,-0.3243061964789731,0.4653697609558367,0.13578350914984724,0.3946847826950639,0.6848873302336161,0.33193495611214824,0.6206199844913045,0.9394200329447208,0.39763018643244546,0.6340462395230805,0.8681323290335229,0.22310228215375605,0.503436519054248,0.7577382891281373,0.37407325851841994,0.6901272341115433,1.0,0.42171022221658805,0.647401923881191,0.8630110019196693,0.2605809228934003,0.5389697201868291,0.7803890911743356,0.3937803557006982,0.6859445121261462,0.9521609092372726,0.3541868231049003,0.5404986086487614,0.788454422338055,0.3724563423643035,0.43980498221827785,0.4805453380891694,0.7163533094971337,0.5095241201372122,0.28053577916562944,-0.3246595284814615,-0.2795779516053581,-0.13398206358414563,-0.7240048235562271,0.2896940708290872,0.39246112257169474,-0.3020912339252234,-0.11501221164855087,-0.6297657486857277,0.3368753512179556,0.2896940708290872,0.5551321398502111,0.41031571196090405,0.36490781061275945,-0.5619466345993145,0.7757494779692632,0.6083471242812928,0.3502885853452631,-0.718050179546081,-0.7314121771867808,-0.22596932470668188,0.23364135202379768,0.16926711118017615,-0.14041598970028257,-0.2821346249280349,0.3506253508977638,0.5423396078019114,0.6044052709199356,0.6292965289799317,0.6236166855489171,0.41228523028533653,0.6148548265902973,-0.24076485842107537,-0.7319668557785554,0.05959223705120186,0.04063149226244846,-0.05121445547052611,0.04121091529863468,-0.08852745112215325,-0.11749079290938258,-0.11996920578791709,-0.15890789293532193
HH2_energy,-0.6401106860893673,0.6492125376449015,0.5245722249817298,0.6289425935775176,0.2200495061463911,0.24983018984783978,0.6323665742303077,0.39593584904660145,0.4200930822555723,0.6105842854156569,0.35201392164649853,0.3612006534564666,0.619201917897282,-0.02411066837944879,0.2527158578368848,0.2853392633304321,0.6348322256561697,0.448251275766921,0.44342818317163524,0.6144613146704356,0.36684276582670755,0.36746367951235315,0.5917520104619303,-0.030437355082484605,0.20690851232768204,0.22882083464340605,0.6303297318571396,0.41469987723642504,0.4107457657484917,0.6013443775441368,0.3619836486274704,0.3644522358506745,0.5960421619099622,-0.055222759622597574,-0.035349438268178816,0.13673705190202162,0.558056390455655,0.6131323259735103,0.3317050496318382,0.5564359977660203,0.6377249658696059,0.3881579632768004,0.918622941676122,0.8770137517667603,0.4477694453645044,0.703113837916113,0.733088937828504,0.38205958964721193,0.6777827418405384,0.7386849299900307,0.42171022221658805,1.0,0.9243247725037571,0.46345276869550694,0.7744223878329527,0.776718924793083,0.4014894776136072,0.7370833478042917,0.7705707256332207,0.43449632325486903,0.8681609390731833,0.8246405822201819,0.45382492659870316,0.6043460175871921,0.44483347644745536,0.4008947657119915,0.2867947430817653,-0.03444702283453372,-0.1346583103144481,-0.4615214892917709,-0.23995803777689134,0.09389316302206362,-0.1608551816675597,0.39502399202906996,0.2382114010440589,-0.15917381215626641,-0.04000735605046042,-0.013934683110881894,0.43288648485661335,0.39502399202906996,0.7151942921317845,0.7407200262383273,0.7235614386598351,-0.28984874385355364,0.45237592397230647,0.8794802331177389,0.8117475587867712,-0.5279123589512087,-0.46593361941713635,-0.44571877025314993,0.436609774209944,0.4003602184801494,-0.13746053515665657,-0.11754005410388228,0.8124278682970798,0.5817720528539198,0.6533837230606716,0.7277095670646088,0.7570748225127247,0.6293167211398203,0.7814380276713285,-0.48230166832053567,-0.23746060263777197,0.5622059517048619,0.6339422369958041,-0.5428704494189849,0.5451129254506173,-0.01837426677902601,-0.06968252473754294,-0.04790629380276458,-0.17974071883473153
HH2_absmean,-0.6515379241333042,0.6542372040377098,0.5530087395750702,0.6431791967830404,0.15287954052946964,0.1761015442784748,0.5993337111118853,0.41489952371520933,0.43168846860903726,0.5931246721369904,0.37750701264282766,0.3837675354544106,0.5608407757493965,0.04819941887230516,0.17997270528211606,0.20738644637161677,0.5879099873930664,0.4723610412321065,0.44921057684717114,0.5888042943355858,0.3869632350923245,0.38818372459434186,0.5266016313027176,0.043378882869821896,0.13072024404197516,0.15954510417004877,0.5920413248775301,0.416282046785246,0.41168403548784455,0.5712039392665048,0.3826286858978512,0.3866055203338222,0.534187385015856,0.015461950200449822,-0.15382884944247444,0.23200325508990738,0.4937156600482519,0.6451333694848763,0.5182980521502637,0.5121865400626088,0.6808985880623792,0.58783614307018,0.8455702839585686,0.9388882437924884,0.6902540440751801,0.6313884527382286,0.7880990724512043,0.5982283839241304,0.6225354433749931,0.8001664146741598,0.647401923881191,0.9243247725037571,1.0,0.7255836602674357,0.7094756484470915,0.8551476814133766,0.6389112281608549,0.6902536830747561,0.8523732636688608,0.6747920634260121,0.8326014873727628,0.9070382606792482,0.7004877463488874,0.6024025310991414,0.5884190450507615,0.5374024992669586,0.5357513050991612,0.12294309039019845,-0.10186143732449972,-0.5825698577924877,-0.2641143518487202,0.06936623036072365,-0.3493344030192138,0.4942605893016859,0.35426555281680566,-0.2411110003494684,-0.05719645032921841,-0.17085331519528052,0.5442321623330577,0.4942605893016859,0.8183217695704375,0.7607276510058467,0.7149512584255366,-0.439721165295092,0.696406190258836,0.9387221589072277,0.7420006438134756,-0.6753462346027522,-0.6659528920961032,-0.4891695724364492,0.4755246519289532,0.44939394258485355,-0.1966091293748764,-0.15928570657794597,0.7426503298698094,0.6883426594127164,0.7818031272393772,0.8561613607719615,0.8762290595457177,0.6814729718213932,0.8991348460460192,-0.5056129606078167,-0.4584909359177237,0.5091636638332839,0.5469215487471986,-0.49088123506687714,0.4871549030045867,-0.046671251266970526,-0.09122675121491847,-0.07515979405550757,-0.25892948061507365
HH2_entropy,-0.37901085488078995,0.3821689403436128,0.31708201091216,0.37426803604561387,-0.09335324151640519,-0.061642685319154886,0.2930569025118168,0.23379082119448935,0.24885792916440833,0.28965927211969067,0.22537258793190698,0.22156075073787512,0.20777334328428038,0.17388664128380246,-0.09296126509925741,-0.05446482738321439,0.2678582546003142,0.27496010556965084,0.24786055955674752,0.27787785791968084,0.22487537851090153,0.22111667013925987,0.18180505337100838,0.175990813784605,-0.12988359189031282,-0.07799121892083602,0.27755362972122594,0.2014121674740172,0.204190103986861,0.2530178984516472,0.22429622818591108,0.2222635042657594,0.18631893703559488,0.159484499813831,-0.3591297545882243,0.3900406208018922,0.20648745856009193,0.4679369844595823,0.7297112429037774,0.23268726203059434,0.49182831177931274,0.7862247112529127,0.42663299339370847,0.6827551376023918,0.9236453969364075,0.2960003980309504,0.5919917134653264,0.8313759938689588,0.2860234855116205,0.5885638147970356,0.8630110019196693,0.46345276869550694,0.7255836602674357,1.0,0.3405562801244939,0.6488043838084371,0.8894060920346594,0.32987878386477554,0.6352549811181893,0.9000224975259181,0.4277234416805743,0.6481214242456478,0.9235813973834732,0.384173148446712,0.5962180836623688,0.5769901719629732,0.8179568021670518,0.4414524191587737,0.10221968899504967,-0.544794851687863,-0.22854118061632914,-0.026174883665653938,-0.6654360201574702,0.4593156538356822,0.49184155609400954,-0.36826663015225103,-0.12776141755635895,-0.4983475757660558,0.511338328457118,0.4593156538356822,0.6240108299019792,0.4443200723915851,0.3896148901761396,-0.6051168503083854,0.877172761807216,0.6542903835749099,0.34475460976888644,-0.6800379644966039,-0.8052630530433705,-0.2949413489374922,0.2858868026027979,0.27322816988884785,-0.2216400189655984,-0.22323688098106365,0.3452283002886706,0.6007126426905279,0.680738600603484,0.7112503640531377,0.7030171373916564,0.4742713904593372,0.6986067642769203,-0.2657588979094931,-0.7594145444422702,0.07194081378305472,0.04852824659045931,-0.062162595734193124,0.05343218946857647,-0.11629062094383491,-0.12178920135015436,-0.1340964717719125,-0.31361184416691384
LH1_energy,-0.631754221770042,0.6331026093463146,0.5399030880672725,0.6253341705775871,0.19571272729042566,0.25331463588058734,0.5079734616801707,0.4320135576495761,0.4151548960704258,0.5262209347697309,0.3486834952934263,0.31685432640017225,0.5422186443805206,0.03918408467713203,0.2247115815578232,0.27225920038359347,0.5153436663672764,0.49279548986385413,0.4385987736153885,0.5319742748934854,0.3618260682522561,0.3256856361956705,0.5242881463298799,0.03158622826699775,0.17323319205882712,0.23843078847512264,0.5042298489448406,0.43280570499630655,0.41118178625657115,0.5166218140546097,0.3553843136045344,0.32154763912391315,0.5269786618709851,0.0040908516772923875,-0.0061671682793456375,0.16919416205878735,0.7792471025727974,0.764714016069118,0.35427022143071146,0.45846393062851615,0.48810564143071267,0.2455470825966509,0.7097642230408074,0.6712961260601689,0.33261214162547137,0.9201321593352878,0.8610837785827202,0.38304822280802453,0.5627361510755848,0.5680436291558314,0.2605809228934003,0.7744223878329527,0.7094756484470915,0.3405562801244939,1.0,0.8946199082545817,0.3886214024327582,0.6384723161276548,0.616591717847685,0.27390572611068326,0.7173824397381826,0.674838207432578,0.3421503739918602,0.5936117212600671,0.4256582250237243,0.4391247170042678,0.16593241916852777,-0.05887561009754058,-0.16635002906834043,-0.38098966045346866,-0.31607236541665706,0.20062999547109334,-0.12064256498157298,0.33715059241926304,0.2668812200108184,-0.20150558130520577,-0.10633317651615498,-0.0028833694400317972,0.4089208405977408,0.33715059241926304,0.71764184615118,0.7890459787871147,0.7869795519660643,-0.2624875703811682,0.3955168744776353,0.8214652120310283,0.8457913716123325,-0.4805944951831759,-0.4128733317953423,-0.40623286160913047,0.4282605136311656,0.28171128418598357,-0.12344298034531935,-0.07443823727695074,0.8460406989184364,0.5153343195090029,0.5708075704005448,0.6342112546545673,0.6653342945806124,0.5569952351402945,0.6789139298820445,-0.43199543768925563,-0.19136883967407087,0.5353323818676229,0.5959491261610158,-0.5198271767153306,0.5220088991488332,-0.05641499158036621,-0.07593933985917034,-0.0831223348636081,-0.10729232962975413
LH1_absmean,-0.6573852964384422,0.6556136532016249,0.5710304660393141,0.6498411974122205,0.1159605072737702,0.1757039655500036,0.5186819631710013,0.4288436521158697,0.4215324491482064,0.5206932287282864,0.37869694570587054,0.3504106325057986,0.4937516435802272,0.09675719321189451,0.14555435371154352,0.19752896342400056,0.5108138289312568,0.5018470279495705,0.44165446979096096,0.517855182562918,0.38721492329246054,0.35598441833107825,0.4678750302783771,0.0911946106429534,0.08437107625619156,0.16679712892365636,0.5099929012573983,0.416670118539895,0.408516823301046,0.4990788308138927,0.38226947877901957,0.35415598531148346,0.4749413528039942,0.06208469096409687,-0.155210167452703,0.28856591691149464,0.6719217603308877,0.8091488797435116,0.6149558559618117,0.4032332506366362,0.5445263212118461,0.4923397878788856,0.6963114808353432,0.7928283271429958,0.6235568578366799,0.8066450456889858,0.9378018616305938,0.6833839384183704,0.5101077203111366,0.6576053679005885,0.5389697201868291,0.776718924793083,0.8551476814133766,0.6488043838084371,0.8946199082545817,1.0,0.7098398008071869,0.5983533596777557,0.7301561457540003,0.5690966817331393,0.7360489989845413,0.8094913340181534,0.6363937825163607,0.6026883374234998,0.5742579911026822,0.579160518174831,0.4545837457454259,0.1355567885158439,-0.08369557202470912,-0.5005287668095966,-0.3609886680661888,0.12834472518445833,-0.3607461704670497,0.4365639173005033,0.36575943755030843,-0.26275850150794605,-0.09462374327917285,-0.21382348251581804,0.5129615168267325,0.4365639173005033,0.8414323104749843,0.8024049237099736,0.7688333740786322,-0.44515533344558184,0.686452613656185,0.9058274192701345,0.7601698218234012,-0.6647379957703107,-0.6340063482468205,-0.4654889800449276,0.4767405500333235,0.36117009869471645,-0.21275533017761464,-0.12737594535687657,0.7605329958677886,0.6364178311258303,0.7205409823128597,0.7945337086083368,0.8190858066721557,0.6182110255540487,0.8421259269108964,-0.5016858488588561,-0.4707757054928539,0.46793376959044697,0.5010201316477253,-0.45225168514014535,0.44865025623152766,-0.08349755994704366,-0.09413385901716696,-0.10922629224529994,-0.2306580056074926
LH1_entropy,-0.336197355971009,0.3485036280744409,0.2536517187291732,0.33103145797187505,-0.17599875390590358,-0.09251039244533756,0.23949155381358014,0.16308167297334192,0.177001484763322,0.19120687024838576,0.1830679550296331,0.15915211948703908,0.13804724913170613,0.18901676529561984,-0.15925486890583912,-0.07855431281991418,0.21844347990283794,0.22840422214623468,0.18507562288099522,0.18354624170600034,0.18191823683679012,0.15952549526894205,0.11812743349700722,0.19556293990000237,-0.20652317479161128,-0.10115155403589526,0.22424386083955014,0.12482670386616197,0.14175139081427035,0.15952349787850717,0.18202619071973447,0.16078188153175035,0.12246380097215273,0.18554252538402552,-0.38385054848496464,0.4392848921487187,0.2882415020037062,0.5788142852833804,0.8565923461753036,0.13316203939001864,0.3819154724525629,0.7201255015978134,0.3605943757080504,0.603861541539283,0.8656935135764198,0.3609720592574296,0.6787261609845002,0.9470350271578293,0.1903966110741743,0.4748061173168478,0.7803890911743356,0.4014894776136072,0.6389112281608549,0.8894060920346594,0.3886214024327582,0.7098398008071869,1.0,0.23065043595347867,0.5179302730544044,0.8246308215491561,0.34973463521717757,0.5521633293232284,0.8651145046170363,0.3879742261621561,0.4996842675773966,0.5044677805706107,0.7689260640918784,0.5155323334365539,0.23364975141521108,-0.397920492052193,-0.28415523368294693,-0.11684589523189379,-0.7123927774882546,0.33725592882964267,0.40676488695717505,-0.29921777337506517,-0.08805702846962979,-0.6061598712112855,0.38485522888984464,0.33725592882964267,0.5711874100966305,0.3923243421181939,0.3538073475702915,-0.5866408492812559,0.8313017062661383,0.5899021813886344,0.31725337713159457,-0.6662186314971346,-0.7244400611141453,-0.21566381524336087,0.2217816305790072,0.1648504828202899,-0.2632931374785685,-0.21386680161137636,0.3176577185466423,0.5048975528332903,0.5770606196714689,0.6137565125155054,0.6112954293106408,0.36912651799539753,0.6188773539463258,-0.2813347212336254,-0.7834288704774692,-0.032098107726932404,-0.03844378355270214,0.04181297940731882,-0.05101652084810282,-0.14604811366815143,-0.11972852359003096,-0.16079084960812684,-0.33515885949143903
HL1_energy,-0.6430341070292857,0.6389974616241417,0.5652567628884128,0.6386594734046531,0.2716902383718341,0.24913721671085298,0.477357410322985,0.4757177839250534,0.46441616873458796,0.5593419831706813,0.3442189085315934,0.3966327595845089,0.5534463970461233,0.02244175425592355,0.28843118151714114,0.2755227039540912,0.4733327217591372,0.49475891496970525,0.48607641720951306,0.559194549111714,0.35446416051426005,0.401712533579964,0.5185916862720853,0.012566349703990034,0.2611814381074383,0.2183120931859801,0.47064238584493123,0.4652586514080146,0.4339627003129472,0.5542619345237726,0.3486856759010554,0.3971218434557926,0.5183166358760012,-0.02228015698401132,0.0024933526518296765,0.14731750690003761,0.4104296740656725,0.4315972417173549,0.19033213623552414,0.7847798746794277,0.781167093267769,0.3652368158987616,0.666619531736527,0.6435371249191514,0.3206925288378659,0.5370442695019292,0.53285519503545,0.21726226360867207,0.9149203370375832,0.8706652476972975,0.3937803557006982,0.7370833478042917,0.6902536830747561,0.32987878386477554,0.6384723161276548,0.5983533596777557,0.23065043595347867,1.0,0.9021314861618897,0.3911769734253849,0.7110448963165751,0.6756200191005346,0.3282960094430017,0.5773595131327708,0.4400839302101817,0.4831358917409798,0.11573236831825646,-0.13224838241591616,-0.16850653407541233,-0.4110898865502112,-0.38250004457780756,0.25703173363482373,-0.11246728103477344,0.3676287880142072,0.2607183345105426,-0.19512863483495738,-0.10921701322208922,0.026972469560817707,0.4376535887080296,0.3676287880142072,0.7411320760908369,0.8314826935036006,0.8349025799593883,-0.25752124285111,0.3874172027503734,0.8233751779489252,0.8415217745689355,-0.47051685975467866,-0.43675654455239354,-0.4333690780994808,0.4592702800202759,0.293941550491578,0.06873222705560024,-0.096073819532283,0.8416025314508966,0.5293552631625192,0.5870288227648254,0.6474119534015881,0.6752407812977178,0.5887016002844425,0.6863330621746959,-0.42507819044575706,-0.15870456482422274,0.5690456884964584,0.6240123914201199,-0.5536989633103971,0.5582839907473777,0.011103573017962328,-0.051504309937947794,-0.02581758259906295,0.09120991894080474
HL1_absmean,-0.6897686524582527,0.6827837866924078,0.6140511248868704,0.6866510321305579,0.20165269766496974,0.18166358962919363,0.5076411046619342,0.48729893448320816,0.48195977361155534,0.5744837276125944,0.38441337630673733,0.4309263119896127,0.5202789569125135,0.08576900388058495,0.21553704855440525,0.20946034632481195,0.4951202151816566,0.5182551821028796,0.4974179204603062,0.5697867114649559,0.3909517670758838,0.4341446045475441,0.4835398538432482,0.07590272629908316,0.18503649482887483,0.15598925783089607,0.5005803345047285,0.4722679066272812,0.4451861069774044,0.5574382997687007,0.3861871307188967,0.4316095823291041,0.48666085812353715,0.04029831685332491,-0.12206672742023934,0.25307240795685904,0.36736451338276777,0.4940023899946524,0.4062778005976335,0.6944020203302165,0.8268164046896871,0.6256423066226906,0.6825322478404315,0.7797232021271862,0.6033726431206231,0.5050980481933246,0.6348704736945334,0.47545749503728674,0.8141526059644036,0.9453739942924261,0.6859445121261462,0.7705707256332207,0.8523732636688608,0.6352549811181893,0.616591717847685,0.7301561457540003,0.5179302730544044,0.9021314861618897,1.0,0.7023303724205173,0.7543612314599322,0.8278517758138032,0.622575167476093,0.5850161097676185,0.6066171655053888,0.6329626826853301,0.4093814522315464,0.05080041121899748,-0.10937351349038806,-0.5352051177921541,-0.41816164360961977,0.19141905339020077,-0.35188344722984916,0.48700817249451517,0.3647627164162222,-0.25864786724627487,-0.09296594994578082,-0.17062055186527142,0.5579844412673076,0.48700817249451517,0.8689909575023396,0.8492401106072046,0.8168628598502036,-0.4322394295971228,0.6790329464545319,0.91958937931697,0.7728025960580815,-0.656219697221967,-0.6649686583662803,-0.5012848384629264,0.5123980999736225,0.39169619718263493,-0.0310988247749919,-0.13495651805806755,0.7730665957550149,0.6730070776697011,0.7571806004520126,0.8238998356849845,0.8436421040910186,0.6720664756571089,0.8577737067446973,-0.4747990708945063,-0.4296614510920009,0.5265425925720206,0.5550675666671847,-0.5108973108621508,0.5096251024297038,-0.018696442548782593,-0.07418407844005036,-0.05080520893459665,-0.02590728383969931
HL1_entropy,-0.3946275766020706,0.4043845661927859,0.3113548570081662,0.3940705951780435,-0.08771415158497037,-0.08982962488180929,0.2692810819927098,0.23775603713968635,0.2381638517651163,0.25712955849722624,0.20532482436420588,0.22249521468614808,0.17487093677465318,0.22539405552460767,-0.08790559998352668,-0.07732010238305985,0.250328734633875,0.27251838359689334,0.23976742144554586,0.2484120531808204,0.20389372716315587,0.2220497253321633,0.15216266529264744,0.22720743296305188,-0.11371796334546647,-0.11375233855414477,0.26138388616786784,0.20522927709342456,0.18689387840189198,0.22347714187249784,0.20453466997409314,0.2217776608073058,0.15320916695751619,0.21469176077885274,-0.35025603297716,0.4044328460797349,0.12406453220372271,0.37529073663107176,0.6492869478685618,0.2996955517413471,0.5776806204265533,0.8812346986604059,0.3864700237783468,0.6283351185830535,0.8632093580935114,0.22030182599311984,0.5035071900943158,0.7524052361234137,0.35792310624818807,0.672295104317561,0.9521609092372726,0.43449632325486903,0.6747920634260121,0.9000224975259181,0.27390572611068326,0.5690966817331393,0.8246308215491561,0.3911769734253849,0.7023303724205173,1.0,0.3934786303715409,0.5994244799000891,0.8815181756961852,0.37244351415576343,0.555977045822712,0.5674413955415551,0.7736186419146626,0.4634219395006028,0.18063927069234267,-0.42880176820250215,-0.32814827231365223,-0.08461761769216569,-0.7122924778352685,0.40002082653253307,0.42034106209423727,-0.3038901578238458,-0.08220467392569265,-0.5735495909663135,0.4455222245055472,0.40002082653253307,0.612938010320609,0.4392409638592784,0.39596822774377577,-0.5971913874011806,0.8624019882790386,0.6248831704245539,0.33864133629477355,-0.697108932753101,-0.7652324896781407,-0.27419069861986073,0.2759269574556952,0.22615773567488578,-0.15512968038884853,-0.2192271291928659,0.33902259057921397,0.5701508187483147,0.6431385426021543,0.6719924881837099,0.664560732943044,0.44005996652489926,0.6600874256646425,-0.25150944584761237,-0.7613694393749062,0.03576512033359257,0.02590171052394966,-0.025387737788484993,0.015824595185581623,-0.08002300776203433,-0.1241264664501316,-0.11491515759807619,-0.18480484425521956
HH1_energy,-0.6724700241599504,0.61781156590168,0.737654564038693,0.6407937088595472,0.2848566368332985,0.31083529201905424,0.6105369823643553,0.5075831674457131,0.5433770677852057,0.7166396828501964,0.4535401283076202,0.48651346680200763,0.6572727141407103,-0.11382554500323004,0.31741264665478286,0.3418743864063163,0.6107264223976053,0.5606686888604832,0.5677793581836917,0.7204614450267901,0.46597664958935314,0.4933615984006245,0.6230006892343167,-0.12207547924418584,0.26336193777547895,0.2987336165938219,0.6136731801273807,0.5184024017209363,0.54354384314903,0.7105092880182807,0.46117058334182204,0.49174874732450113,0.6322583819431569,-0.16155671625777096,0.011219353113696285,0.07420443931593301,0.39446908964399774,0.4311629550303889,0.2255648729214867,0.41974604813767813,0.4854130057332869,0.300258311648258,0.6926459768187907,0.6857198334491401,0.37195611888374996,0.5413339246665962,0.5818356597576297,0.2979705807764559,0.5547408614050604,0.620421894606297,0.3541868231049003,0.8681609390731833,0.8326014873727628,0.4277234416805743,0.7173824397381826,0.7360489989845413,0.34973463521717757,0.7110448963165751,0.7543612314599322,0.3934786303715409,1.0,0.9341761693883021,0.4468679888342418,0.42209117176990824,0.6039962013365495,0.5172366127287286,0.20519867315481266,-0.24287396545955647,-0.36242908832311826,-0.5379800139718354,-0.26107080256732945,0.2817436861471149,-0.08695988778112104,0.5759237635876637,0.25030877648206373,-0.1565357165300393,-0.0007370234361321958,0.17823475072279735,0.5867480766860518,0.5759237635876637,0.8430267746875748,0.8367570203999639,0.8464826229624863,-0.2781996779981461,0.5111121575194993,0.8404066222309422,0.668058513976503,-0.4656470766217125,-0.4761077541711007,-0.6550876193541642,0.6059316949676271,0.686519199715169,-0.11252189150205583,0.03427274551854002,0.6685459746214679,0.5952080239701555,0.6850151682878886,0.7804743523756695,0.8113545679543787,0.6807678694309343,0.8624461530380317,-0.5388154724012095,-0.20055262073428087,0.652200888601606,0.7125556137938681,-0.6329098657132409,0.644347433294794,0.00879937058724058,-0.03933763493786772,-0.011666747391393435,-0.16992324027362868
HH1_absmean,-0.6955557796448851,0.6467757463824788,0.740449908387452,0.6644814991306234,0.20889659296218535,0.2330143934313241,0.5991046109315388,0.5193375976703556,0.5494041503971511,0.6937069081187637,0.46843766839734313,0.49555406736423663,0.6072966556963965,-0.028596047691812915,0.23593580065961925,0.2620321279234294,0.5897276034288859,0.577077414640471,0.570320092222567,0.6898508019791038,0.4755495709078387,0.5009397066395767,0.5721107064705964,-0.03916770083112092,0.17742866396849633,0.2222330519513036,0.5979413291984613,0.510798324083664,0.535801220823867,0.6712751105729525,0.47137703756621313,0.5005993178186767,0.5823411984491063,-0.0829173726511936,-0.0942691304402577,0.1508334933290259,0.3575348658148778,0.46649759026698084,0.3724897150387935,0.3998725042355609,0.5323790201443857,0.46658669485428955,0.6604300853698349,0.7503680040597761,0.5665229825960039,0.5065361494024208,0.63903939898719,0.47325833464613876,0.5248232815493766,0.6808777358339445,0.5404986086487614,0.8246405822201819,0.9070382606792482,0.6481214242456478,0.674838207432578,0.8094913340181534,0.5521633293232284,0.6756200191005346,0.8278517758138032,0.5994244799000891,0.9341761693883021,1.0,0.6758540837547088,0.4402731913405704,0.7715843545239875,0.6734706437225001,0.42617718624015793,-0.13845763249392865,-0.36553073835905836,-0.6756384413281938,-0.3095332688623234,0.29107864971062625,-0.25628814893883256,0.7109042571420634,0.3832410218542488,-0.25369523702957975,-0.038280408238784376,0.06428135842323822,0.7311353756764156,0.7109042571420634,0.9254679219765187,0.8469039648829874,0.8133792000878574,-0.4115932976809856,0.736609809031123,0.8968412944910843,0.6280954422027079,-0.5905582189420214,-0.6746187564848759,-0.6866459081372208,0.6428660282984137,0.6983529467596236,-0.15826923022250527,0.018092794983327234,0.6286202878858489,0.6920207114717066,0.8049109378588392,0.8942488397016816,0.913458369730038,0.7270631798226592,0.9571839004728174,-0.5413089130306542,-0.39525251350682694,0.6263520923652272,0.6431609910038406,-0.6103386275242537,0.6142439673542145,-0.016367864335783664,-0.05938070118571334,-0.03606386516841066,-0.23774021387521752
HH1_entropy,-0.38724384531775147,0.3851140488090258,0.33953056457330333,0.3658560601821185,-0.17736590215799505,-0.14183379853934147,0.28407129806878173,0.243902974740283,0.27110891320968844,0.3089164648467239,0.24180950177130253,0.24574429607575288,0.21141509108611262,0.16279356410415077,-0.1640908239335669,-0.12197465654388692,0.26751487234762134,0.30787028428209323,0.28740689427147526,0.29960002134109537,0.2412570153385263,0.24690503259288502,0.19295196871505071,0.16668853078766993,-0.214339652213255,-0.15967644510139015,0.27519858572664824,0.19892686765517664,0.22500178174422994,0.26245660421346406,0.2402714183184634,0.24716004875230374,0.19485477169406282,0.14957418363228034,-0.3645822949286619,0.31324969805558905,0.1786597744498026,0.40534875471400394,0.6185789403030333,0.20545472251676467,0.4360407678547312,0.6987595925246214,0.3883713474029556,0.6207817190312812,0.8280889761257086,0.2770546803634942,0.5431313866125551,0.7443231975188223,0.2698213658140101,0.5466856309065486,0.788454422338055,0.45382492659870316,0.7004877463488874,0.9235813973834732,0.3421503739918602,0.6363937825163607,0.8651145046170363,0.3282960094430017,0.622575167476093,0.8815181756961852,0.4468679888342418,0.6758540837547088,1.0,0.3626624739645954,0.7178823147681739,0.6578043489547696,0.8265494194068007,0.3490213318622587,-0.02253319457576195,-0.6191703011717773,-0.31432728384987285,0.033434095322982985,-0.6374269668507084,0.5883669389409711,0.5118503824144024,-0.36083713694460284,-0.09534622284112512,-0.4058689274877398,0.6255048648225251,0.5883669389409711,0.6524432524942209,0.46024383411156217,0.4102255430220453,-0.6000813681623457,0.9172708099624357,0.6358726925484213,0.32382173702782274,-0.6304226249865849,-0.8011292337055689,-0.3370639592413287,0.3260075064712787,0.31419359417118176,-0.21484743646501595,-0.1246692892520467,0.32430772401319946,0.6158225097253329,0.6991218992066117,0.7254119978280994,0.7138414439642132,0.4949266785250431,0.7050485337573915,-0.22987598004615575,-0.7544605411053019,0.054632999139055755,0.04320786921654954,-0.04337950058451024,0.035385516742224836,-0.0977378149340174,-0.12021668829630246,-0.11918000161044857,-0.3125216295040979
detail_energy_ratio,-0.410577475080845,0.45323017591239245,0.22952056951715033,0.4848551755827289,0.05278542851917416,0.041732799686379815,0.34031101066095854,0.2345287036696329,0.2281776314550877,0.3014976403742441,0.19695224045897108,0.16324481764382345,0.35244661859423254,0.04198368760158847,0.06522501018352735,0.05757899974212867,0.34392822859532696,0.2749610593917846,0.2451040886251648,0.3110491026731083,0.2033511201789416,0.16628859810761568,0.34510514121108815,0.05025551411687002,0.0315428502281339,0.01200161674703454,0.3353206984482187,0.21855875802743618,0.19465545233591217,0.2875876839137866,0.19493630946264984,0.16262348948574068,0.339790090723742,0.043417698379435224,-0.5040883651343772,0.1323582550328242,0.6387622592520994,0.6840013498015989,0.38668483927183844,0.6374966319774901,0.6697336858958483,0.3629027277842138,0.6830984883471516,0.6874449805061018,0.405499167026988,0.6535802110226481,0.6811296019130577,0.39258098201800595,0.6359782111725985,0.6576274755367795,0.3724563423643035,0.6043460175871921,0.6024025310991414,0.384173148446712,0.5936117212600671,0.6026883374234998,0.3879742261621561,0.5773595131327708,0.5850161097676185,0.37244351415576343,0.42209117176990824,0.4402731913405704,0.3626624739645954,1.0,0.21463070247928698,0.2593996880449023,0.29648060482106997,0.24069453456893652,0.15799257978014872,-0.28036473643686044,-0.3263034794911389,-0.07847011513490479,-0.25767448185042546,0.13117777758737084,0.15973748519152942,-0.10196628219922024,-0.017717715370936384,-0.2666798312929965,0.1921657771399025,0.13117777758737084,0.42503085978919974,0.46096930898465477,0.4366705826202139,-0.23110701277816886,0.30625067760075714,0.6645354004060162,0.7506987784191079,-0.4157176109158037,-0.3867778660072101,-0.015462018860472427,0.03125745729597108,-0.030298143399979924,-0.05290753942828575,-0.19109556239402922,0.7507445966067906,0.42182090865421856,0.45178053953819525,0.4812245583203408,0.49749695935133226,0.39922857492226055,0.4862789719492546,-0.2696416233751654,-0.2755903835046956,0.26047439935112326,0.3129359240501236,-0.24811945464394433,0.2418743651076842,-0.06539033961260894,-0.11127015247042642,-0.1114010259646385,-0.05782070235613365
lbp_bin_0,-0.5522986171258392,0.4980360573579442,0.633059780729366,0.49765875424452016,0.05374000562650162,0.06073786812959362,0.407885953675101,0.4278018616958748,0.4564324617458396,0.5082987504245842,0.3873690153374346,0.41487794828963137,0.4094914400506716,0.0658239944056671,0.07314292377473043,0.07912453104038879,0.40316998627564804,0.4720415435298151,0.4776923475289375,0.5067140717263973,0.3861887371460678,0.419765024121496,0.3945947155604184,0.05472286699573837,0.01983521950792321,0.04359480749266895,0.40984353222280373,0.3829293772748978,0.4194296725420001,0.47256352562658316,0.38381998236319975,0.42011747289453016,0.39383904802563907,0.014080912619173052,-0.1628509692161237,0.08013977959758774,0.10832614083853637,0.1832780742868317,0.22743268529037688,0.18116762217599888,0.27954979204827146,0.3532404391004035,0.27413807359542386,0.3931479887560719,0.4535434590907963,0.24515461174931993,0.3564327890866493,0.35194338329117897,0.28120544977382855,0.41926722505573544,0.43980498221827785,0.44483347644745536,0.5884190450507615,0.5962180836623688,0.4256582250237243,0.5742579911026822,0.4996842675773966,0.4400839302101817,0.6066171655053888,0.555977045822712,0.6039962013365495,0.7715843545239875,0.7178823147681739,0.21463070247928698,1.0,0.8998420873359861,0.5014693564184921,-0.21635080745843402,-0.5550724509397034,-0.8186571076488693,-0.39596296495043115,0.5260110803839605,-0.327679782592303,0.9392700644812894,0.580451718805108,-0.41715012578201893,-0.15431347558773087,0.12924761565229562,0.9595010092958843,0.9392700644812894,0.7836537633250324,0.6679876378190944,0.5973911668177956,-0.4183102406296518,0.8142941036269379,0.6233089832511722,0.3226803539756912,-0.454678551635951,-0.7649624990123476,-0.6692292355561699,0.6456920495795764,0.628167786443743,-0.11563643536967169,0.14703238267656682,0.32300945788608026,0.6338107068743927,0.7303337123004384,0.7653193043012403,0.7574970940151761,0.6012880882849478,0.7550461329199071,-0.2584778328425704,-0.49740060173186057,0.4657702211969844,0.4328790967654483,-0.46160698283987367,0.46214357753580787,-0.01817626316862791,-0.04857576979921459,-0.029028156068151713,-0.19389501691349995
lbp_bin_1,-0.5605381984076264,0.5230643365614889,0.5913805053500512,0.5053410007784149,0.08303682776606998,0.06686988009542899,0.3758506341322698,0.3978362421693721,0.4044886954379633,0.438968790673101,0.34829974934755203,0.3685082287420713,0.3564464202542908,0.13628605335754868,0.09467215789326199,0.0775085656485012,0.3617192871092064,0.4300185508999737,0.41928143463644124,0.43227363047423567,0.3475174868711679,0.3724751597018262,0.33575811098909,0.12043613786062451,0.05686261839538767,0.04690283404177818,0.3635131939013919,0.3563230182087028,0.3639369362268893,0.40635556944844575,0.3442340000769806,0.3713944040968358,0.33327055474938944,0.0841429251504227,-0.19214032693345195,0.17302714793773327,0.12215749101761426,0.2221726986911968,0.3008371589231833,0.23232509539671656,0.33647779366518116,0.4084212574738496,0.24141527881961353,0.36425549701145565,0.46868589761669033,0.2662641968658963,0.38731633365921286,0.39568514397992743,0.33996003835392125,0.4727616821399262,0.4805453380891694,0.4008947657119915,0.5374024992669586,0.5769901719629732,0.4391247170042678,0.579160518174831,0.5044677805706107,0.4831358917409798,0.6329626826853301,0.5674413955415551,0.5172366127287286,0.6734706437225001,0.6578043489547696,0.2593996880449023,0.8998420873359861,1.0,0.49048012860219475,-0.15864877910955202,-0.4440744042239345,-0.7564683888428829,-0.4352370789680281,0.6235636544091485,-0.4084673224984527,0.8298047442174842,0.6821750435818389,-0.5380303159960685,-0.3060076467396478,-0.005029107238261615,0.9048946814367479,0.8298047442174842,0.7680203784060539,0.6842103438167095,0.5985192196360939,-0.45626324599083784,0.8086249414326981,0.6194266589328519,0.3545074962152429,-0.5025683377610439,-0.7807577161661576,-0.6258603525953026,0.6337985517036178,0.5053196963394146,-0.06752714578109256,0.030104179649087643,0.354824960707371,0.6154761264151266,0.6946114384088777,0.7243273342233078,0.7211053377803939,0.5566568100796707,0.7093529552788783,-0.25198100112589056,-0.5562493249989571,0.4357143858594565,0.40629499679542913,-0.4327941465579305,0.43184418778391215,-0.03786517932416633,-0.04929322910314046,-0.052232313049811435,-0.08588927699903419
lbp_bin_2,-0.19635651990995823,0.2160872285285616,0.11170693777706366,0.1724155277476117,-0.19757143645555514,-0.16967837789262483,0.18542415650577895,0.08625792537725421,0.11233072784127394,0.10744097738017881,0.14011183272091232,0.11387085594343778,0.04921913289305489,0.33790622332693526,-0.1794407180838458,-0.15411052815018478,0.16178500638663418,0.1375155175909664,0.11772985539177447,0.09459357028464858,0.13773776461963402,0.11211811941204823,0.034709447434337244,0.34738014250122,-0.21519345404167087,-0.1782628205750577,0.16601403291699807,0.06457995557383076,0.07769074242928023,0.06525035393022174,0.1368874093645147,0.11211878344430115,0.03381835725023964,0.3516512756377206,-0.4219745581430612,0.3283875895304073,0.086845436199808,0.3171788769969245,0.6038402378688024,0.06765410552164496,0.30691381921511984,0.6586542713392477,0.2591749479938856,0.4979562983923006,0.769762243089352,0.152885901092095,0.41892371677866197,0.6947898474145798,0.1026426766695679,0.38192731742194924,0.7163533094971337,0.2867947430817653,0.5357513050991612,0.8179568021670518,0.16593241916852777,0.4545837457454259,0.7689260640918784,0.11573236831825646,0.4093814522315464,0.7736186419146626,0.20519867315481266,0.42617718624015793,0.8265494194068007,0.29648060482106997,0.5014693564184921,0.49048012860219475,1.0,0.6103840575942874,0.09584391550080223,-0.4641092117804204,-0.02646567853534783,-0.09873170900740613,-0.6864679706820589,0.36846783073451944,0.5511465319393523,-0.4254764519156575,-0.21773475375710877,-0.5700743330082022,0.4346595873563368,0.36846783073451944,0.4116749388000331,0.22943423841748622,0.17575750291302733,-0.4655746424222621,0.7784334073913421,0.4259132688630201,0.14685788633063193,-0.509257124750764,-0.7176352809460754,-0.170760189029474,0.1774845288440457,0.12536985223817046,-0.2768129287253484,-0.22573704395907745,0.14730732472378044,0.46914717782268306,0.5218314543757445,0.5229708594511442,0.5050435842295694,0.30347500802650473,0.4807418165884593,-0.09058178013918754,-0.7744989704571976,-0.08397989471373653,-0.09361482209428344,0.09057837524513475,-0.1027198780581913,-0.09028251823337861,-0.11741074718868345,-0.11926251551077029,-0.36199852995837967
lbp_bin_3,0.1724573226224749,-0.10775781607967747,-0.3364084850374783,-0.12602729133940832,-0.23612485848140605,-0.21462590649970256,-0.11576252349026198,-0.18519909943072602,-0.18341158842226896,-0.2670606028130805,-0.1423469548750905,-0.1879381867098605,-0.23358583491311516,0.23881467832988718,-0.2449013411961724,-0.21784262543571328,-0.12810398825490069,-0.17219166883540515,-0.195727350427564,-0.2707852314129211,-0.14292383159896185,-0.19224499452440325,-0.2325575384968431,0.2675800143160459,-0.2364021519608011,-0.21083409002906855,-0.13029165361458042,-0.1778292531095176,-0.19523442518772394,-0.27633097064645723,-0.142292579478304,-0.19324453766397875,-0.23533753584175962,0.3026294993635632,-0.3318985093973594,0.4074117080037168,0.12573640977132106,0.3353606538276366,0.5728293546909053,0.04359108210002313,0.24350111806046776,0.5287190056452263,0.10117766723525888,0.2763892974460168,0.5278891830578648,0.07729945893877405,0.2891538454889427,0.5651091586208707,-0.013030445196512683,0.19189082330611734,0.5095241201372122,-0.03444702283453372,0.12294309039019845,0.4414524191587737,-0.05887561009754058,0.1355567885158439,0.5155323334365539,-0.13224838241591616,0.05080041121899748,0.4634219395006028,-0.24287396545955647,-0.13845763249392865,0.3490213318622587,0.24069453456893652,-0.21635080745843402,-0.15864877910955202,0.6103840575942874,1.0,0.6936964813138923,0.16055326512461998,0.0982263699034986,-0.5962452483172223,-0.6062648913482152,-0.3762457921192358,0.0749099900363354,-0.07374856592949748,-0.028915383879149565,-0.8735116025359029,-0.3292088597612239,-0.3762457921192358,-0.11490143434196555,-0.20332724001185973,-0.20188448637330725,-0.20600046966021263,0.22962466947108007,0.0464972759962782,0.021484709262086933,-0.27784328666212843,-0.2339155632727522,0.3875190228309637,-0.3545226820135069,-0.4168578261709389,-0.1956362402822441,-0.34675194413350025,0.021458299423452048,0.13195373968758692,0.09401155099364224,0.05072860752292191,0.033668556113783006,-0.056779540470960066,-0.0204737521399025,0.1746784591265774,-0.5553077606982764,-0.43345862755727155,-0.41148516672541086,0.4371780144076807,-0.45109575484261744,-0.08959364040771865,-0.11271531046519503,-0.12412433846612422,-0.18547982263651994
lbp_bin_4,0.325891963426777,-0.25740120432763147,-0.47950033971512857,-0.23877976167375817,-0.2300765954636082,-0.22652461669483773,-0.23031479301099725,-0.2964607640389879,-0.3157585765451766,-0.35389177529299765,-0.24667467418722702,-0.2848420864395121,-0.2784073343231008,-0.005627850190862024,-0.24073041474527523,-0.22488027728709423,-0.22772337802932055,-0.30515104127425347,-0.32605711986480157,-0.3496467141476461,-0.24664956596399296,-0.2887692987472622,-0.276861639810853,0.008436007883685957,-0.19680342469448764,-0.20866771933689565,-0.23419403887771528,-0.2659671624220876,-0.29855979595968674,-0.33651073914961577,-0.2453289001880929,-0.2870589935818593,-0.2795395859503796,0.04544204945672846,-0.15101684245568803,0.38517520513786596,0.128613666944029,0.274902125159665,0.4300282615982993,0.10989223493145717,0.22647295568497244,0.35750307934674147,0.05594155709707298,0.12184354112399498,0.25891159279496356,0.015683801071063923,0.13503746971581967,0.34760677447510524,0.006840131720521842,0.0980429608828475,0.28053577916562944,-0.1346583103144481,-0.10186143732449972,0.10221968899504967,-0.16635002906834043,-0.08369557202470912,0.23364975141521108,-0.16850653407541233,-0.10937351349038806,0.18063927069234267,-0.36242908832311826,-0.36553073835905836,-0.02253319457576195,0.15799257978014872,-0.5550724509397034,-0.4440744042239345,0.09584391550080223,0.6936964813138923,1.0,0.4907684400761634,-0.061702192450750565,-0.6962644914965425,-0.4806082724060901,-0.6370036525806964,-0.32294256713925057,0.25389581788565485,0.20410053176256465,-0.8179529877791029,-0.668778883235963,-0.6370036525806964,-0.38031061786016546,-0.37807206997771575,-0.34994299652553146,-0.0011344482107732326,-0.19931471877379703,-0.1418404737538131,0.00391397123564811,-0.08173597670089665,0.0893104666464003,0.6047822790776879,-0.5811202799429529,-0.5742337853118327,-0.02223007965826001,-0.2796873642686015,0.0036385408760294656,-0.13921809831575419,-0.20214987219156944,-0.23618428832431326,-0.24067752611319299,-0.26619255712607415,-0.26894976259464387,0.165372868083891,-0.27393314484899084,-0.4334895788767211,-0.39465948173539267,0.4344618576542846,-0.4430472034560812,-0.09333488231977652,-0.05981595167224202,-0.10316734803489666,0.023967258235826818
lbp_bin_5,0.4499669493230592,-0.4132717104618402,-0.493937507362563,-0.4111112517431682,-0.09215681172883392,-0.08635504950010943,-0.37821639618567776,-0.3501948210613731,-0.37974171218336655,-0.4665702362554614,-0.31179083151283804,-0.3279374920967914,-0.3966416523260337,0.030767434147808075,-0.10887627131059821,-0.0927608148675731,-0.3644598282939435,-0.3891173459804252,-0.3864692561657923,-0.4582203591787417,-0.3119199747232246,-0.3313552951874107,-0.3727189135478497,0.03376740581981656,-0.0690132872423925,-0.06503791836262195,-0.3672812398428158,-0.323545417290837,-0.33884962134472846,-0.43539232150555807,-0.30917078547217414,-0.33212948152398347,-0.3736363207273736,0.06665948322199614,0.1658953225529625,0.07077045173204914,-0.15977750102575308,-0.2244117805587914,-0.18643776429950343,-0.22410838660359722,-0.29053879721036696,-0.23762025885717286,-0.36102846920749965,-0.46441315513484427,-0.43601941900528296,-0.2611984417623217,-0.3543388593869901,-0.2843773762368903,-0.29893631362197015,-0.40055555236991874,-0.3246595284814615,-0.4615214892917709,-0.5825698577924877,-0.544794851687863,-0.38098966045346866,-0.5005287668095966,-0.397920492052193,-0.4110898865502112,-0.5352051177921541,-0.42880176820250215,-0.5379800139718354,-0.6756384413281938,-0.6191703011717773,-0.28036473643686044,-0.8186571076488693,-0.7564683888428829,-0.4641092117804204,0.16055326512461998,0.4907684400761634,1.0,0.31689337335209167,-0.5164726464261391,0.11972274988751697,-0.8063602914606072,-0.4573064557498416,0.28360478340124373,0.02937587063048154,-0.21989909257377724,-0.8448736587803124,-0.8063602914606072,-0.6420352499618306,-0.5663051139857223,-0.49352884658347557,0.34911694184511083,-0.6673537067047428,-0.5772305477149339,-0.3444420420846635,0.3905885147730054,0.6838424618103357,0.540828637259492,-0.5159372777940279,-0.5237445756345757,0.13123488790335047,-0.1187743572264951,-0.3447997564718589,-0.5605937168687468,-0.6373769038009686,-0.658964810008707,-0.6550358023838411,-0.5353429627415762,-0.6369189919909318,0.1821112461441017,0.3551063952256013,-0.44330720612018043,-0.42520432992718077,0.43904591359672224,-0.43746147078027436,0.02083442849506873,0.03943383623017716,0.020929052951069636,0.22650437807871043
lbp_bin_6,0.2689777323702715,-0.2626100922309282,-0.25003672067640076,-0.2907126146900403,0.08293855979379783,0.10310654403762755,-0.16229101498663623,-0.194057766889544,-0.18559648238360577,-0.21569951931545026,-0.13919778327992482,-0.17030482294648389,-0.20384739999263668,0.07466693347538955,0.08164474718309082,0.09488167320708606,-0.17310940829520702,-0.21791243792562318,-0.21382774839164354,-0.21844146755529756,-0.13918255586187533,-0.17351242314950507,-0.195548952882746,0.07813521011355315,0.08639175405332836,0.11520130650525875,-0.1634928829925562,-0.16467771665702222,-0.16461015296199571,-0.2006928960195346,-0.1358009874828233,-0.1744828735511427,-0.1900655346930523,0.09460135136136258,0.09362612063614935,0.016843599783921106,-0.25803742236904814,-0.30663029557829424,-0.17676288195932446,-0.34333240126221265,-0.38782084061480704,-0.24958738918287662,-0.22454262328577065,-0.2556918501989429,-0.21277840955645863,-0.27305900430991376,-0.31966175393062113,-0.2211335682961948,-0.35913495602040196,-0.3973354809010351,-0.2795779516053581,-0.23995803777689134,-0.2641143518487202,-0.22854118061632914,-0.31607236541665706,-0.3609886680661888,-0.28415523368294693,-0.38250004457780756,-0.41816164360961977,-0.32814827231365223,-0.26107080256732945,-0.3095332688623234,-0.31432728384987285,-0.3263034794911389,-0.39596296495043115,-0.4352370789680281,-0.02646567853534783,0.0982263699034986,-0.061702192450750565,0.31689337335209167,1.0,-0.014323329776711914,0.15185936404685837,-0.3138338275179713,0.06521201814908112,-0.16619452657475398,-0.26028525131653063,0.08710497111195184,-0.3297518032280683,-0.3138338275179713,-0.3729039553112212,-0.37861326237174786,-0.3465695504901333,0.2610557388677828,-0.31086512253981563,-0.3844708951304608,-0.3743552635070299,0.3234926651100377,0.2580897283703909,0.1502754571183066,-0.16060450242741456,-0.09823175320854245,-0.0598015166939815,-0.03286072112805224,-0.37407465458712486,-0.34342645268450933,-0.36711530580031343,-0.3809822146995399,-0.3862631684118625,-0.2945598926394803,-0.3703794537522592,0.13539870498869527,0.28639720510924677,-0.19615334670736617,-0.2182256297425381,0.19174030905723816,-0.19029426569355093,0.029583295241355816,0.023318474542004725,0.034456405701950826,-0.11931684798917605
lbp_bin_7,-0.3522423399460773,0.2953084339926934,0.4686098703090127,0.2902769390645204,0.26346771765121596,0.23453193431557878,0.1877849725047302,0.2726110687997768,0.28033393729648415,0.3046740967959528,0.21183401235711002,0.2380469973241251,0.2556905750711353,-0.04835795513906302,0.2683523701696998,0.22716165141132685,0.18077386118799593,0.26662574718805176,0.2753555090880466,0.3032841542179804,0.211862284352896,0.24242792542798555,0.24404499643087846,-0.06810294096095959,0.24718450206327458,0.2149731799510324,0.1779256535436794,0.24261369398450972,0.2532603673256877,0.29891642961752984,0.20961132609349534,0.24074306267503703,0.24159404427193198,-0.10296272498871231,0.06835248905079673,-0.04370914007736785,-0.07224167038714305,-0.14925119092989975,-0.17612963469857418,0.011918954594209859,-0.07708552760386282,-0.16238868573966145,-0.058942077466634296,-0.10102231392187422,-0.11978075493860682,0.03430417684223875,-0.04383781332537071,-0.16261849241607856,0.11059099652611021,0.02808834283948559,-0.13398206358414563,0.09389316302206362,0.06936623036072365,-0.026174883665653938,0.20062999547109334,0.12834472518445833,-0.11684589523189379,0.25703173363482373,0.19141905339020077,-0.08461761769216569,0.2817436861471149,0.29107864971062625,0.033434095322982985,-0.07847011513490479,0.5260110803839605,0.6235636544091485,-0.09873170900740613,-0.5962452483172223,-0.6962644914965425,-0.5164726464261391,-0.014323329776711914,1.0,0.08296635237582028,0.6559122496548988,0.526227898909435,-0.492240208499393,-0.3989819728210834,0.5270331604540185,0.658994422504908,0.6559122496548988,0.38321932569390027,0.4137678461297323,0.3674524453718386,-0.058300619066136726,0.24123869530608516,0.19023052491185916,0.08118695814447432,-0.023240692259105723,-0.36602326050413847,-0.5325550422173189,0.5358747603031369,0.4394058028187375,0.05449066513234067,0.29589412287602346,0.08132713329684943,0.15021345059305075,0.1972203398273981,0.22261001659313157,0.22985288375247676,0.22535161706511644,0.24314861237897253,-0.13142758852262307,0.05876628060518863,0.4350307341030053,0.3923665524041427,-0.44104178099537683,0.44977567735806345,0.04458952719966931,0.0306876681861045,0.04600924737121376,0.06689602566118368
lbp_bin_8,0.13126417562498896,-0.15336049775143296,-0.0488026982862442,-0.15767503158760268,0.17435536205263297,0.1619047416939181,-0.09340074708257207,-0.0471215609089545,-0.056417592439648355,-0.023376115673277107,-0.06968910896000129,-0.042588221212321226,-0.005468105231624231,-0.1699989005776562,0.172451426553348,0.14943599950420136,-0.08409571330420264,-0.06901173456843683,-0.053226492013004285,-0.024387028337753094,-0.06796823954574287,-0.0420784464194928,0.005871769174270664,-0.17208896213342165,0.1770632709541934,0.16079527936369123,-0.08185159611020738,-0.03556433626054971,-0.03844035990817877,-0.007387821866616377,-0.06750490211333347,-0.04262421273717654,0.01071448696975873,-0.17655722483194378,0.36473215811435994,-0.644928124679148,-0.11355380216441893,-0.35031292786087626,-0.6948578947381788,-0.14501239820076872,-0.37634526216738723,-0.745415621946341,-0.17788384131104157,-0.3731156241131781,-0.6880403194838117,-0.13433306489780264,-0.37745854204231044,-0.7087955618555379,-0.1430320139395142,-0.38515071896275327,-0.7240048235562271,-0.1608551816675597,-0.3493344030192138,-0.6654360201574702,-0.12064256498157298,-0.3607461704670497,-0.7123927774882546,-0.11246728103477344,-0.35188344722984916,-0.7122924778352685,-0.08695988778112104,-0.25628814893883256,-0.6374269668507084,-0.25767448185042546,-0.327679782592303,-0.4084673224984527,-0.6864679706820589,-0.6062648913482152,-0.4806082724060901,0.11972274988751697,0.15185936404685837,0.08296635237582028,1.0,-0.25083661850673333,-0.457083635238924,0.4162580358315602,0.23271540940039212,0.8144708735244324,-0.21305146150777263,-0.25083661850673333,-0.26930729605663484,-0.13929685577155718,-0.09951519951005754,0.37813807419230816,-0.5884515400269906,-0.3285751950227191,-0.15806037935185022,0.4723381842112698,0.720225226533414,-0.008519486082361985,-0.0012712425787440478,0.03402677306208118,0.15974142780970746,0.1259028605958297,-0.1581855163918893,-0.379218752922201,-0.40065786420979826,-0.38902608781724146,-0.37034651050310335,-0.19771553260559072,-0.3383140880289386,0.0007354450820099445,0.8324802919750318,0.10234187481650794,0.11385263474580787,-0.10294962636777631,0.11115295911833464,0.10904752218221464,0.12546831739835812,0.14872342839488684,0.18264645544996216
lbp_bin_nonuniform,-0.48688384848047284,0.4256633219115228,0.5969633298433078,0.43739561649692443,0.10349509090464255,0.10438672588851727,0.38790388668953935,0.4014766730463556,0.43502943396263255,0.5032457709217286,0.3531241272534418,0.38051273839819166,0.412814273884195,-0.02733617357062341,0.11871084164720563,0.1156944833171412,0.38331923595460016,0.43368812423017084,0.44701745746918436,0.501558454129628,0.35233582160336196,0.3854116270424651,0.3953218650358759,-0.042313799640629174,0.07236647087030139,0.08566554951105503,0.38622918237477555,0.36471772114517986,0.4033828394984533,0.473640866456399,0.3499912034288542,0.386008159670414,0.3948012495845027,-0.08565410972254342,-0.11813201443907705,0.033130136916225544,0.046173010693100466,0.07410007645588848,0.09839404104860024,0.12387671577177481,0.17581784639783346,0.22365909007966317,0.2264702897549631,0.29785546921139905,0.31197370141299097,0.16248198800921362,0.22300275980330028,0.1998524855098706,0.21588616688389806,0.3006630409226597,0.2896940708290872,0.39502399202906996,0.4942605893016859,0.4593156538356822,0.33715059241926304,0.4365639173005033,0.33725592882964267,0.3676287880142072,0.48700817249451517,0.40002082653253307,0.5759237635876637,0.7109042571420634,0.5883669389409711,0.13117777758737084,0.9392700644812894,0.8298047442174842,0.36846783073451944,-0.3762457921192358,-0.6370036525806964,-0.8063602914606072,-0.3138338275179713,0.6559122496548988,-0.25083661850673333,1.0,0.5649252380256108,-0.4238211500991551,-0.17757922049502567,0.3006534653312641,0.9571948838955902,1.0,0.6679069631582829,0.5738913708998447,0.506583908567014,-0.3109517104895148,0.6797029082744542,0.5150863129912682,0.24254347910404017,-0.3285453710108281,-0.7205372710955777,-0.6462687207439898,0.6060913421298199,0.6544676565175103,-0.08379935997446362,0.2874209579979564,0.2428851409518327,0.523779280917534,0.6167862145559724,0.6478120680610402,0.6392709070369418,0.5248793815304824,0.6412997662566147,-0.1972275018606112,-0.36354513217508,0.4949589701464633,0.4533207933598904,-0.4946052268040949,0.49806518489991153,0.005126729539058007,-0.033745292088718244,-0.007837801020096095,-0.1804120921379168
lbp_entropy,-0.2636898731048252,0.2547758570985995,0.25288282859942535,0.20852900014191472,0.03636472844100175,0.0684138237565526,0.24436556571779827,0.2303066181047791,0.2275336447158934,0.2314398431676977,0.17897166443209644,0.17825830663024542,0.20045514640879392,0.24454026487273828,0.03372792576968681,0.058051120001322995,0.22398365203993925,0.24501915284429168,0.2192900828706277,0.22062533936919212,0.1777250226776334,0.18080943773977592,0.18186933583497022,0.23243482793382522,0.0101277873953879,0.03370549092028039,0.22134570440759507,0.19364388331314628,0.18274446259958085,0.20019339709578984,0.17395557130913047,0.1780153465273898,0.18008555649007985,0.21254752132064797,-0.19012325559575774,0.3708764693474272,0.07256839467033598,0.1603334568587432,0.32716668700737367,0.12439827639910962,0.20601521156237876,0.3743274621592073,0.15354855292749767,0.2568568359753322,0.4297321971230149,0.1765277837381214,0.2673230904819953,0.36089464803556065,0.19021979514277745,0.28417365049597554,0.39246112257169474,0.2382114010440589,0.35426555281680566,0.49184155609400954,0.2668812200108184,0.36575943755030843,0.40676488695717505,0.2607183345105426,0.3647627164162222,0.42034106209423727,0.25030877648206373,0.3832410218542488,0.5118503824144024,0.15973748519152942,0.580451718805108,0.6821750435818389,0.5511465319393523,0.0749099900363354,-0.32294256713925057,-0.4573064557498416,0.06521201814908112,0.526227898909435,-0.457083635238924,0.5649252380256108,1.0,-0.9672056619421309,-0.822479283310011,-0.12281818850500205,0.6835228492891869,0.5649252380256108,0.45326461427668274,0.40899915932149217,0.32220017531719597,-0.4052545917901246,0.6053756321073255,0.39235179124385855,0.20418944542618822,-0.3784955218965707,-0.6771930992883747,-0.3402480184922062,0.3682622901750426,0.20972097090906588,-0.14589404333203476,-0.13971733140052872,0.20446987725623503,0.40884505696815143,0.45470022225058004,0.4556523310718211,0.44514397103630937,0.3342548243124261,0.4187963199639817,-0.08862886084882438,-0.44727743299619693,0.25766930860788595,0.21649303426589497,-0.2591176856648862,0.25391907106236944,-0.06153523541423701,-0.08282131283523929,-0.08586636529733069,-0.20111417455756594
lbp_uniformity,0.17287043541027852,-0.16871473775806345,-0.16088139221706385,-0.12345819814498982,-0.059398421533145764,-0.08926353460016019,-0.18192344258485,-0.16829625880365617,-0.15880115803272604,-0.15432547441646904,-0.11860129101654544,-0.11783263838087377,-0.1442382894611255,-0.216790531442677,-0.05418489659456915,-0.07655792439894547,-0.16388763168397838,-0.17379172856765862,-0.14622962126098774,-0.1452829007926439,-0.11795517890588811,-0.12024669449618215,-0.12785672745000537,-0.20680486791736977,-0.03902944572978726,-0.05821851485605142,-0.16053211107235688,-0.1400376834142621,-0.1220031564282123,-0.13192256434626062,-0.11484746868226853,-0.11723437284957518,-0.12620784980959562,-0.19327745087418036,0.13767297741547274,-0.40994339585260015,-0.051778739237025855,-0.11722258322564984,-0.2829290201433465,-0.09270287167129615,-0.1483984515987272,-0.30963494981811823,-0.09642916266628723,-0.1693761273443512,-0.3312109004842713,-0.1333105455322108,-0.1940502114967341,-0.28613609793208994,-0.14416560629992986,-0.20307834379111792,-0.3020912339252234,-0.15917381215626641,-0.2411110003494684,-0.36826663015225103,-0.20150558130520577,-0.26275850150794605,-0.29921777337506517,-0.19512863483495738,-0.25864786724627487,-0.3038901578238458,-0.1565357165300393,-0.25369523702957975,-0.36083713694460284,-0.10196628219922024,-0.41715012578201893,-0.5380303159960685,-0.4254764519156575,-0.07374856592949748,0.25389581788565485,0.28360478340124373,-0.16619452657475398,-0.492240208499393,0.4162580358315602,-0.4238211500991551,-0.9672056619421309,1.0,0.8923785708757187,0.12579283487935242,-0.5386963624610803,-0.4238211500991553,-0.32671419704660853,-0.3075128216501806,-0.23431281223621286,0.3139092277068213,-0.4552841481622434,-0.2836177622741875,-0.1503743553092694,0.2855878970978126,0.5557464845372683,0.2410613899341243,-0.2728100450250899,-0.11594558869263413,0.11478291179571411,0.1417864708876777,-0.1505816147478422,-0.29771310248525745,-0.3278835702927215,-0.3244157229829415,-0.3158056527035334,-0.23527976476918286,-0.29176375795054865,0.04844203038801277,0.3561254358125262,-0.20391541829628948,-0.1659010604776491,0.2068371814763049,-0.20275825398825217,0.054313988288264045,0.07852697592700152,0.08354716378506313,0.1555828270458291
lbp_dominant_bin,0.047307667558576724,-0.05706190186539878,-0.012386589484776155,-0.004310838048210624,-0.06680216795973766,-0.0924987345453968,-0.08564861691872157,-0.07028345572383508,-0.047113327310395775,-0.028440617007482308,-0.024175287077480817,-0.021681408366966966,-0.05853551470520353,-0.2270575447302723,-0.05513783103381876,-0.07428905423888185,-0.07275902250735336,-0.06245725570797826,-0.026676886032095073,-0.02028434287267491,-0.024836439929293123,-0.022573492918358713,-0.04023691421464016,-0.21659650404918177,-0.052973443351161276,-0.062303691346335024,-0.06436186839519821,-0.049249172745528445,-0.018149729390511165,-0.017334985199166805,-0.021480674051857777,-0.01830136623241556,-0.03935676370721058,-0.2098346938183564,0.03845135814415943,-0.321416256495971,-0.0067376061315827605,-0.0281600865345766,-0.15347861591421882,-0.04585691813308717,-0.048435962754197356,-0.14563989539635622,-0.002159496628205731,-0.01792341930732695,-0.13057401777443534,-0.0658048222346977,-0.06670863594521233,-0.11803429231015394,-0.08252200731652001,-0.07342001142957949,-0.11501221164855087,-0.04000735605046042,-0.05719645032921841,-0.12776141755635895,-0.10633317651615498,-0.09462374327917285,-0.08805702846962979,-0.10921701322208922,-0.09296594994578082,-0.08220467392569265,-0.0007370234361321958,-0.038280408238784376,-0.09534622284112512,-0.017717715370936384,-0.15431347558773087,-0.3060076467396478,-0.21773475375710877,-0.028915383879149565,0.20410053176256465,0.02937587063048154,-0.26028525131653063,-0.3989819728210834,0.23271540940039212,-0.17757922049502567,-0.822479283310011,0.8923785708757187,1.0,0.06261495210632767,-0.30479998083154725,-0.17757922049502575,-0.1317427036902304,-0.16346211596465143,-0.10666894033086007,0.17396915291922554,-0.19907488662555803,-0.10959418222376116,-0.06871412063403674,0.13397763987328964,0.29018339226821965,0.10168580158543453,-0.15029754642835788,0.047682767103763915,0.06308365909683046,0.19746462948781213,-0.06881698820696969,-0.10474309221998031,-0.10977750008224926,-0.1020157893529957,-0.09957514170549381,-0.07292264593046183,-0.08143131269183188,0.011633574045647337,0.1341948804309662,-0.14015122966765314,-0.10358330142060736,0.1454460375352536,-0.1416346589855281,0.028582883920833066,0.048238005567672354,0.05211715488001552,0.06780435531657425
lbp_mean_code,-0.08953401339869821,0.029487814493422783,0.2515090497459762,0.04014592818487933,0.255528377140022,0.24253319333432297,0.08120729735286322,0.14517903070754523,0.15536436102722387,0.21922410107496595,0.09608715960745115,0.13601976325925205,0.19349548688253834,-0.22210587573069107,0.2592636054194249,0.23412074686958795,0.09000857525440722,0.13086318458262053,0.15900318519401643,0.2200150145915181,0.09730417623568033,0.13932694054373868,0.19646172746887372,-0.23597301881300917,0.24408505442653325,0.23333766123307947,0.09244405269280334,0.14019524258010138,0.16154661765773834,0.2258619872449174,0.09689956563076542,0.13916953894793635,0.20046042146115237,-0.26439815362808705,0.32854161739139043,-0.5616021477851255,-0.14428332575617958,-0.3833028712427246,-0.6782562092548257,-0.1300536696626979,-0.35169837063228915,-0.663847569992652,-0.1245661739781359,-0.3041084811170722,-0.5954792833176512,-0.11121735174884188,-0.34406884591903936,-0.6602188572923394,-0.0826066179107817,-0.30296821443875716,-0.6297657486857277,-0.013934683110881894,-0.17085331519528052,-0.4983475757660558,-0.0028833694400317972,-0.21382348251581804,-0.6061598712112855,0.026972469560817707,-0.17062055186527142,-0.5735495909663135,0.17823475072279735,0.06428135842323822,-0.4058689274877398,-0.2666798312929965,0.12924761565229562,-0.005029107238261615,-0.5700743330082022,-0.8735116025359029,-0.8179529877791029,-0.21989909257377724,0.08710497111195184,0.5270331604540185,0.8144708735244324,0.3006534653312641,-0.12281818850500205,0.12579283487935242,0.06261495210632767,1.0,0.26941141608111135,0.30065346533126436,0.015459709408971433,0.10361806188917193,0.11278856575691103,0.27533736011571247,-0.2998974490077507,-0.13433270302058087,-0.09703788926788437,0.3682468744621691,0.3363767198724862,-0.3330212426239861,0.29610516701351675,0.3817107191746878,0.13614811165918908,0.3600057229151185,-0.09699782822083577,-0.17729699099329005,-0.15247978255395034,-0.1261081739326434,-0.11319930243109548,0.018218093374085816,-0.074717704822499,-0.07031835766488452,0.6769731163632875,0.3627297041929462,0.3426359912261826,-0.36625441934530006,0.37858436013854435,0.11971021635910001,0.1112904871992737,0.1488932192318091,0.10641609313913229
lbp_std_code,-0.5274925327263441,0.47337488196500715,0.6112854884381077,0.46499865191304884,0.10757027131562452,0.11405982566759765,0.413018296416375,0.42679157282815267,0.44784021053237927,0.5123555093512764,0.36988984302288186,0.3972842047544951,0.42370777774221213,0.06114971496279054,0.12160194313212658,0.12114178947830576,0.4027261667912729,0.4609174187819504,0.46064068985480294,0.5064064976673817,0.36926444372089146,0.40242161843038,0.40377112440280344,0.04573110848253593,0.07443629212452532,0.08834078195205304,0.40668730427307287,0.3847708673835925,0.4080244289422939,0.47755928040413337,0.3660624540061025,0.40199524329180447,0.4035275467301067,0.002488646245713311,-0.12989515003972718,0.031276312547953086,0.09197562225822654,0.13129284630276478,0.14183110952188005,0.17559942202213533,0.2330368765435154,0.257902822054691,0.2614711366565105,0.3468170150280408,0.3676815099654309,0.2282141796737596,0.2977103130596273,0.24993502449177346,0.27933372995641575,0.3703135806137075,0.3368753512179556,0.43288648485661335,0.5442321623330577,0.511338328457118,0.4089208405977408,0.5129615168267325,0.38485522888984464,0.4376535887080296,0.5579844412673076,0.4455222245055472,0.5867480766860518,0.7311353756764156,0.6255048648225251,0.1921657771399025,0.9595010092958843,0.9048946814367479,0.4346595873563368,-0.3292088597612239,-0.668778883235963,-0.8448736587803124,-0.3297518032280683,0.658994422504908,-0.21305146150777263,0.9571948838955902,0.6835228492891869,-0.5386963624610803,-0.30479998083154725,0.26941141608111135,1.0,0.9571948838955899,0.7394851570806701,0.6571037067371549,0.576267156072247,-0.38899074409852397,0.7433427854623462,0.5850095530815949,0.3103749000671277,-0.4005484452416447,-0.7283684888792054,-0.6729758004693827,0.6537979088955763,0.6193674312295291,-0.09590637242153831,0.14478548846557282,0.31072233896821594,0.5818355938493995,0.6745357762451126,0.706816217234259,0.7008978968930675,0.5720138496585658,0.6972807901198761,-0.23880060093753852,-0.3839653658193695,0.5171145109443052,0.47742641591164303,-0.5149969094153457,0.5160209055715086,-0.008510391342786769,-0.03848991584982027,-0.018698159004784016,-0.17618633333124162
lbp_nonuniform_ratio,-0.48688384848047284,0.4256633219115228,0.5969633298433078,0.43739561649692443,0.10349509090464255,0.10438672588851727,0.38790388668953935,0.4014766730463556,0.43502943396263255,0.5032457709217286,0.3531241272534418,0.38051273839819166,0.412814273884195,-0.02733617357062341,0.11871084164720563,0.1156944833171412,0.38331923595460016,0.43368812423017084,0.44701745746918436,0.501558454129628,0.35233582160336196,0.3854116270424651,0.3953218650358759,-0.042313799640629174,0.07236647087030139,0.08566554951105503,0.38622918237477555,0.36471772114517986,0.4033828394984533,0.473640866456399,0.3499912034288542,0.386008159670414,0.3948012495845027,-0.08565410972254342,-0.11813201443907705,0.033130136916225544,0.046173010693100466,0.07410007645588848,0.09839404104860024,0.12387671577177481,0.17581784639783346,0.22365909007966317,0.2264702897549631,0.29785546921139905,0.31197370141299097,0.16248198800921362,0.22300275980330028,0.1998524855098706,0.21588616688389806,0.3006630409226597,0.2896940708290872,0.39502399202906996,0.4942605893016859,0.4593156538356822,0.33715059241926304,0.4365639173005033,0.33725592882964267,0.3676287880142072,0.48700817249451517,0.40002082653253307,0.5759237635876637,0.7109042571420634,0.5883669389409711,0.13117777758737084,0.9392700644812894,0.8298047442174842,0.36846783073451944,-0.3762457921192358,-0.6370036525806964,-0.8063602914606072,-0.3138338275179713,0.6559122496548988,-0.25083661850673333,1.0,0.5649252380256108,-0.4238211500991553,-0.17757922049502575,0.30065346533126436,0.9571948838955899,1.0,0.6679069631582829,0.5738913708998447,0.506583908567014,-0.3109517104895148,0.6797029082744542,0.5150863129912682,0.24254347910404017,-0.3285453710108281,-0.7205372710955777,-0.6462687207439898,0.6060913421298199,0.6544676565175103,-0.08379935997446362,0.2874209579979564,0.2428851409518327,0.523779280917534,0.6167862145559724,0.6478120680610402,0.6392709070369418,0.5248793815304824,0.6412997662566147,-0.1972275018606112,-0.36354513217508,0.4949589701464633,0.4533207933598904,-0.4946052268040949,0.49806518489991153,0.005126729539058007,-0.033745292088718244,-0.007837801020096095,-0.1804120921379168
mfr_absmean,-0.7596382290159157,0.7115866988496282,0.7934963884597941,0.706703554886701,0.22294412530528637,0.24507484281695768,0.5346837678661462,0.5492681525748416,0.5558559316177341,0.6322391919789973,0.46757337641128005,0.49555180108306135,0.5404050579120312,0.09604615694264385,0.24819187173935597,0.26926724434444743,0.5184446264139017,0.6024681549176268,0.5770877048392686,0.6238501086686904,0.47220234853588194,0.5002389999462695,0.5041853129101341,0.08468843506296678,0.18702598201088685,0.22834938945241262,0.5261564664050059,0.5198284308143474,0.5301141405904228,0.604951207009971,0.4674735588658043,0.49826973414122516,0.5117488058246402,0.04152163739009051,-0.10652445730838828,0.1748218467857581,0.33320693261111894,0.45199045222265544,0.39502332982031707,0.39497876059503134,0.5239642145379991,0.4746732149473134,0.5276838007080387,0.6422063003646351,0.5473495524123286,0.5130112556085639,0.6494107200167964,0.49600466721827874,0.5529080927017942,0.7000104475948701,0.5551321398502111,0.7151942921317845,0.8183217695704375,0.6240108299019792,0.71764184615118,0.8414323104749843,0.5711874100966305,0.7411320760908369,0.8689909575023396,0.612938010320609,0.8430267746875748,0.9254679219765187,0.6524432524942209,0.42503085978919974,0.7836537633250324,0.7680203784060539,0.4116749388000331,-0.11490143434196555,-0.38031061786016546,-0.6420352499618306,-0.3729039553112212,0.38321932569390027,-0.26930729605663484,0.6679069631582829,0.45326461427668274,-0.32671419704660853,-0.1317427036902304,0.015459709408971433,0.7394851570806701,0.6679069631582829,1.0,0.9413591692052862,0.9196153535085225,-0.4507977414768427,0.7815414734834835,0.8889717293827725,0.62859069945008,-0.6156340947015022,-0.6801366373410149,-0.7421130445853268,0.7402966171351489,0.6299788860939537,-0.1238771087737608,-0.01754316907729892,0.6289943424798796,0.6740374622154426,0.7814093678973044,0.8679787887907152,0.89010797915779,0.6972759313722403,0.9288422895818277,-0.5412267308145611,-0.41358822313406174,0.5897750414867775,0.6022092989777903,-0.574975686274834,0.5780192464431225,-0.015892105230748008,-0.05445465024975882,-0.03806731117429826,-0.14367207108791208
mfr_std,-0.7668989692928437,0.7252752179562151,0.7810734584021972,0.7183860320274112,0.2899435624932874,0.309239488454369,0.5508205290670734,0.5685819276182823,0.5657000909031905,0.6604877340573958,0.44907625400289564,0.4831049013791964,0.6018057029343644,0.06772822884228404,0.3128026165867102,0.32758622807462917,0.5385461872009186,0.6108667071951679,0.5870800409518708,0.6527645206708028,0.45582014151852823,0.4887817662451196,0.5628441763176139,0.052674036182186794,0.26080544577647835,0.2836804743486198,0.5382213202708961,0.5456268407159316,0.5400392169379062,0.6409640449246984,0.44945251163806627,0.4849492374225453,0.5696553780066421,0.007662801313094208,-0.01304508377187049,0.1400976470303346,0.4128375143329758,0.471071120810266,0.2841290380754725,0.4991829226789637,0.5658825565358359,0.3605788924957826,0.5754617916653187,0.6193412505207483,0.40152804990359897,0.5929671091792794,0.6426121597610438,0.34726826074941647,0.658424415079536,0.7136244434328045,0.41031571196090405,0.7407200262383273,0.7607276510058467,0.4443200723915851,0.7890459787871147,0.8024049237099736,0.3923243421181939,0.8314826935036006,0.8492401106072046,0.4392409638592784,0.8367570203999639,0.8469039648829874,0.46024383411156217,0.46096930898465477,0.6679876378190944,0.6842103438167095,0.22943423841748622,-0.20332724001185973,-0.37807206997771575,-0.5663051139857223,-0.37861326237174786,0.4137678461297323,-0.13929685577155718,0.5738913708998447,0.40899915932149217,-0.3075128216501806,-0.16346211596465143,0.10361806188917193,0.6571037067371549,0.5738913708998447,0.9413591692052862,1.0,0.9646906241545273,-0.3862460263370268,0.5945846444745473,0.8814289582740777,0.729578391305557,-0.5880352065431707,-0.5630222084706297,-0.7250484481033862,0.7410757497291295,0.5666696632374421,-0.07792333223442577,-0.04297194822760595,0.7298785976712922,0.6260176979511771,0.7140393620295707,0.7938132628440366,0.821594787576036,0.6831231339049476,0.8504064183024439,-0.5335919096116967,-0.23271668428507514,0.7076162732521993,0.741576156962941,-0.6919747150815201,0.6965823384664179,0.0015005056205703534,-0.03266160214508981,-0.016239047084649256,-0.06643951090562017
mfr_energy,-0.7522493668890403,0.704687621267786,0.7857130670094539,0.6988705752739216,0.29767084157441515,0.3153707265965707,0.5152143419448318,0.5511739257984314,0.5530472369907725,0.6259989946523155,0.4443251669214181,0.4702043882424284,0.5752946998963088,0.05026440434705768,0.3273381232648581,0.3387611401453437,0.5058128952400248,0.5967236250624486,0.5773435309907795,0.6227031084055584,0.4525949044584925,0.47660638925467125,0.5384171948007429,0.04066440599532679,0.269248937468025,0.2932806625402945,0.5059129067909127,0.5291842004522898,0.5353990175650523,0.6103616786429179,0.4464505098191227,0.47259455684686197,0.5435095448802418,0.001656292254357706,-0.009623531893530135,0.10891676679852885,0.3944536658083584,0.4365856931965009,0.2509491663144792,0.4605213990042003,0.5135809751301238,0.3131887348215356,0.5447597749687911,0.5684891723473796,0.34911857788186124,0.5789630419466003,0.6080171853395835,0.312636668322616,0.6387880158805294,0.6719805250498441,0.36490781061275945,0.7235614386598351,0.7149512584255366,0.3896148901761396,0.7869795519660643,0.7688333740786322,0.3538073475702915,0.8349025799593883,0.8168628598502036,0.39596822774377577,0.8464826229624863,0.8133792000878574,0.4102255430220453,0.4366705826202139,0.5973911668177956,0.5985192196360939,0.17575750291302733,-0.20188448637330725,-0.34994299652553146,-0.49352884658347557,-0.3465695504901333,0.3674524453718386,-0.09951519951005754,0.506583908567014,0.32220017531719597,-0.23431281223621286,-0.10666894033086007,0.11278856575691103,0.576267156072247,0.506583908567014,0.9196153535085225,0.9646906241545273,1.0,-0.31385639290497147,0.5304748139854117,0.8363984128034788,0.7082870841794898,-0.49691275740835456,-0.47986492988309903,-0.6928370857862098,0.7060345107669631,0.5473028429971876,-0.05761266578156561,-0.015658941909791762,0.7085429985266464,0.5702425952135032,0.6500880501017443,0.7331453546878147,0.764821582081351,0.6408405458424516,0.7999193932779051,-0.5057342397379736,-0.20240828343629694,0.6095755929697972,0.6610535799799562,-0.5925346169561506,0.6014972326457788,0.017906465053128675,-0.037724585856338734,-0.013141460484967745,-0.04142131337056221
mfr_kurtosis,0.29296839594302954,-0.2942488810949789,-0.24847044669776933,-0.27378709535548107,0.09118766823658006,0.05206438677646568,-0.18077923740420593,-0.16418205783070117,-0.16535289326190097,-0.20808344749814536,-0.15320970275632803,-0.15655583254128136,-0.14023311466749605,-0.13059809327584285,0.0803271834792126,0.0404870392048681,-0.16557314447217994,-0.2095884829954785,-0.1863475664877879,-0.19048956185434063,-0.15432371465505812,-0.15449040524412685,-0.11918718367445964,-0.125594820897106,0.11238394175836955,0.07878227821874129,-0.17121287761792583,-0.13569893530184218,-0.13549662307384003,-0.16874780814234872,-0.1543342983294403,-0.15352841071579246,-0.12282132695415325,-0.1048743834565749,0.2002679933368148,-0.21813706395114807,-0.1358480942732253,-0.2978966986869986,-0.4456971517868423,-0.16661105362034168,-0.3158448416880117,-0.4876252871253243,-0.24489020366495803,-0.3949708790642468,-0.5606714819448189,-0.2137898787470349,-0.390883541625202,-0.5226173377174822,-0.215747719578872,-0.388271049110122,-0.5619466345993145,-0.28984874385355364,-0.439721165295092,-0.6051168503083854,-0.2624875703811682,-0.44515533344558184,-0.5866408492812559,-0.25752124285111,-0.4322394295971228,-0.5971913874011806,-0.2781996779981461,-0.4115932976809856,-0.6000813681623457,-0.23110701277816886,-0.4183102406296518,-0.45626324599083784,-0.4655746424222621,-0.20600046966021263,-0.0011344482107732326,0.34911694184511083,0.2610557388677828,-0.058300619066136726,0.37813807419230816,-0.3109517104895148,-0.4052545917901246,0.3139092277068213,0.17396915291922554,0.27533736011571247,-0.38899074409852397,-0.3109517104895148,-0.4507977414768427,-0.3862460263370268,-0.31385639290497147,1.0,-0.6247729218564967,-0.4362538398381316,-0.24629106291249747,0.6012815089740552,0.49082683456647697,0.26369200549874955,-0.27652454605098004,-0.18688355405477308,0.1431197386742116,0.20277513091910634,-0.2466354300549032,-0.39303473988603527,-0.4454327997019946,-0.46627540681103274,-0.4621594465410291,-0.3176238295876809,-0.45928559632656124,0.21803987659097548,0.429441334369458,-0.08789181824685578,-0.06488698966110294,0.07969428809644256,-0.07167847327595482,0.10261574161120791,0.10727345850076697,0.13207763908191383,0.1768591612896451
mfr_entropy,-0.516959548631319,0.4973238428279552,0.5020467964714809,0.4747008624742344,-0.033130197570900556,-0.003398452303293974,0.344511929859349,0.33224996927653927,0.3492749348278117,0.3696003754757127,0.3071742154774535,0.3173769803987017,0.26683306384572236,0.21188643459603781,-0.02188106185757642,0.01075543913582974,0.3223346982381591,0.38309483517945,0.3569829169602573,0.35746930363065055,0.30543044017789844,0.3182944373597681,0.24398370758530416,0.20833407389401598,-0.07367932874380102,-0.0237437358187423,0.3327688277977045,0.2847673600003172,0.299714895094149,0.32911283971134153,0.30469056938668665,0.3186797201906888,0.24666598593100664,0.18031703964376158,-0.31805704203721996,0.29941148268282913,0.13100456813476058,0.3544036650058312,0.5888655876023562,0.17198894156432493,0.3981762084212411,0.678794966613265,0.32129607600940485,0.5536310375979563,0.7763449312772882,0.2665218031915815,0.5330465583800156,0.7200696496438019,0.27046538466378367,0.5473473437946137,0.7757494779692632,0.45237592397230647,0.696406190258836,0.877172761807216,0.3955168744776353,0.686452613656185,0.8313017062661383,0.3874172027503734,0.6790329464545319,0.8624019882790386,0.5111121575194993,0.736609809031123,0.9172708099624357,0.30625067760075714,0.8142941036269379,0.8086249414326981,0.7784334073913421,0.22962466947108007,-0.19931471877379703,-0.6673537067047428,-0.31086512253981563,0.24123869530608516,-0.5884515400269906,0.6797029082744542,0.6053756321073255,-0.4552841481622434,-0.19907488662555803,-0.2998974490077507,0.7433427854623462,0.6797029082744542,0.7815414734834835,0.5945846444745473,0.5304748139854117,-0.6247729218564967,1.0,0.6745691679745018,0.3162304811600846,-0.6627802462775572,-0.8502181363651173,-0.5243162180945024,0.5220579368584228,0.4477652214738329,-0.1968730500672125,-0.08653333452071944,0.3167354678426669,0.6309629385296933,0.7295515990787492,0.7718849359359337,0.7663804185910776,0.5277069836393599,0.7724224464684684,-0.3141039881005071,-0.7366965741604932,0.20629729563782112,0.1743894225957579,-0.1981213722047835,0.19133473546098426,-0.07743106077309553,-0.0996499254238304,-0.1015492149399559,-0.25992506051497655
dct_ac_mean_abs,-0.7058419509849518,0.6991934863634898,0.6269098939335362,0.7124904783822096,0.2087214557508467,0.22753728940636003,0.5860864235037389,0.5056933424985872,0.5011622214908581,0.6358023700191787,0.4160440556765724,0.4275013172902518,0.6036835663750307,0.06423760969219208,0.22953937746435027,0.25155446032952766,0.5780081576205013,0.5564045579811949,0.5186785728835791,0.6336058712570118,0.42563745281599036,0.4330907741388959,0.5688175893248932,0.0556093341636948,0.18262294765502715,0.20590871157695478,0.5789340749201426,0.4962889062155383,0.47527872841640695,0.6164289068288854,0.4194273062710223,0.4300946645455809,0.5747407588287241,0.017685673612544674,-0.11728598000616541,0.27123441610239885,0.6014941741217138,0.7139349420635894,0.501461012687197,0.644139950428641,0.7668617878902704,0.5635237661006316,0.8084273908862988,0.8841473690596294,0.6293123724571925,0.7324931341765141,0.8386775395956693,0.5618959397163615,0.7496621970092028,0.8685985370255819,0.6083471242812928,0.8794802331177389,0.9387221589072277,0.6542903835749099,0.8214652120310283,0.9058274192701345,0.5899021813886344,0.8233751779489252,0.91958937931697,0.6248831704245539,0.8404066222309422,0.8968412944910843,0.6358726925484213,0.6645354004060162,0.6233089832511722,0.6194266589328519,0.4259132688630201,0.0464972759962782,-0.1418404737538131,-0.5772305477149339,-0.3844708951304608,0.19023052491185916,-0.3285751950227191,0.5150863129912682,0.39235179124385855,-0.2836177622741875,-0.10959418222376116,-0.13433270302058087,0.5850095530815949,0.5150863129912682,0.8889717293827725,0.8814289582740777,0.8363984128034788,-0.4362538398381316,0.6745691679745018,1.0,0.8683344821505458,-0.6913834196811248,-0.6853768855775465,-0.49511910371797685,0.4948282318839612,0.41778014059842433,-0.13935065468028446,-0.13623541037476428,0.868668051532122,0.7165387642440898,0.8054600425382403,0.8789712946910333,0.9025043783695712,0.7249520234119533,0.9187162422719081,-0.5206872238347603,-0.4230289368274547,0.5991981824249626,0.6333701163842759,-0.5820642845876719,0.580327181344887,-0.04864612255960986,-0.09432796088168928,-0.08380338782457294,-0.16397998181687393
dct_ac_energy,-0.534889277419455,0.5583783421206835,0.39220095289276463,0.5838577089277757,0.20830566910164658,0.21977001616724856,0.4902187433523982,0.4118884509846976,0.39006126554726,0.5212303498474589,0.2947785846445047,0.29986179632449134,0.5593526946357088,-0.008912333100452119,0.2248931146123759,0.243781945744418,0.49911192312125113,0.4481662472154959,0.410977373390255,0.5278739012212725,0.30835994237907277,0.30689755343738634,0.5362244911692846,-0.0150451917929082,0.20060999053575157,0.20239338224087985,0.48967222962502666,0.42214936551336213,0.3785618952619282,0.5205300697807698,0.30133159241551294,0.3034603222484269,0.5378152810399223,-0.04198900498623049,0.0022938832688904624,0.22407007335017265,0.7949017923980514,0.7746086149714981,0.3193996884848691,0.8237813640413747,0.8113018266753529,0.3460392607898167,0.845993805499887,0.7912751872448757,0.361610376899902,0.8579918687766648,0.8013180065336359,0.3267135331831948,0.8706485894385353,0.8237087491607732,0.3502885853452631,0.8117475587867712,0.7420006438134756,0.34475460976888644,0.8457913716123325,0.7601698218234012,0.31725337713159457,0.8415217745689355,0.7728025960580815,0.33864133629477355,0.668058513976503,0.6280954422027079,0.32382173702782274,0.7506987784191079,0.3226803539756912,0.3545074962152429,0.14685788633063193,0.021484709262086933,0.00391397123564811,-0.3444420420846635,-0.3743552635070299,0.08118695814447432,-0.15806037935185022,0.24254347910404017,0.20418944542618822,-0.1503743553092694,-0.06871412063403674,-0.09703788926788437,0.3103749000671277,0.24254347910404017,0.62859069945008,0.729578391305557,0.7082870841794898,-0.24629106291249747,0.3162304811600846,0.8683344821505458,1.0,-0.48704758485020644,-0.4172408805488338,-0.19400206127185154,0.21055060560719502,0.1180003367436065,-0.016578983758204154,-0.14503212655874437,0.9999951217236089,0.5340157958953312,0.5768400642449236,0.6262181131894526,0.6537067968741169,0.5675971687653487,0.649903118317127,-0.3931926835346652,-0.18523063181049818,0.5333933678351382,0.602031710865386,-0.5173736216639457,0.5168527246751574,-0.04452024295396262,-0.09955544632448714,-0.09215520857879625,-0.007730789788064985
dct_ac_kurtosis,0.5290451021663363,-0.5400150818222056,-0.42353892034356655,-0.5363555728617511,-0.05945406087850085,-0.07813931945846463,-0.37547782609210295,-0.3019008199489805,-0.2946676436614497,-0.3666889348620891,-0.24855741970423187,-0.24780350087521108,-0.3317021304919631,-0.16763214034569968,-0.06609423662264088,-0.07628276309115249,-0.3613168166549848,-0.33580477579073237,-0.2933300987952235,-0.3614419405257638,-0.2506364097482769,-0.2493832269939911,-0.3126525164725056,-0.15967254796753416,-0.033537416749367985,-0.04693241050495099,-0.36290184396315606,-0.274408263072946,-0.25579462651294893,-0.34683088451546884,-0.24716116208708017,-0.2483459318146367,-0.31723655725370226,-0.13256249040429896,0.22037164522853644,-0.3581530246311778,-0.32039088258884724,-0.533968517834339,-0.6555862833688625,-0.33192516250682896,-0.5523870174101998,-0.7186984927674255,-0.4910442245618642,-0.6570267044327565,-0.7106195463748477,-0.4317210995069524,-0.6365405051183698,-0.6686071974927492,-0.4257486843218512,-0.6373534229864626,-0.718050179546081,-0.5279123589512087,-0.6753462346027522,-0.6800379644966039,-0.4805944951831759,-0.6647379957703107,-0.6662186314971346,-0.47051685975467866,-0.656219697221967,-0.697108932753101,-0.4656470766217125,-0.5905582189420214,-0.6304226249865849,-0.4157176109158037,-0.454678551635951,-0.5025683377610439,-0.509257124750764,-0.27784328666212843,-0.08173597670089665,0.3905885147730054,0.3234926651100377,-0.023240692259105723,0.4723381842112698,-0.3285453710108281,-0.3784955218965707,0.2855878970978126,0.13397763987328964,0.3682468744621691,-0.4005484452416447,-0.3285453710108281,-0.6156340947015022,-0.5880352065431707,-0.49691275740835456,0.6012815089740552,-0.6627802462775572,-0.6913834196811248,-0.48704758485020644,1.0,0.6268483036961886,0.41594484693641215,-0.4364078651996545,-0.29418165154262543,0.2242163793447511,0.25775728452554236,-0.4873267778977011,-0.5534692478377146,-0.6186076259447025,-0.6577772580542458,-0.6643913837047384,-0.4826400235939202,-0.6630207080958757,0.3630415295284757,0.4956259521314468,-0.3406397672803561,-0.3293444000646052,0.3293239142961047,-0.31651241038637673,0.08386549001451443,0.07504011761074936,0.09175394637327457,0.16810387128641424
dct_sparsity_ratio,0.47071752239570697,-0.4582369119763427,-0.4414552954049061,-0.47072142501490677,-0.07026749627501218,-0.07474365729408373,-0.3588457681379048,-0.3511713590978602,-0.35637857468231093,-0.3941123674162692,-0.29322058495589404,-0.2863014797066514,-0.33055770922202676,-0.13091675057422042,-0.06746323923106567,-0.07236376883609531,-0.34070986469619297,-0.37511942261459463,-0.34420332875639736,-0.3859357020062582,-0.29308937512911193,-0.28892723856660096,-0.3024312820934169,-0.12217765119328791,-0.04218071013448402,-0.05513068275923658,-0.3423647310137745,-0.32485127452323054,-0.3135440339795556,-0.36530449309223995,-0.2900592452066678,-0.2887971943863201,-0.3019371270759619,-0.09187102785178441,0.30929497369418607,-0.4332976201137981,-0.23956532625924268,-0.4302411608970113,-0.6019898499146397,-0.31099059099807413,-0.5074607190319261,-0.6956842573612764,-0.3997652844257935,-0.5927255822276495,-0.7559061692179478,-0.3349543728862126,-0.5468177193200913,-0.6712461587792368,-0.36985577729289115,-0.5945169872018182,-0.7314121771867808,-0.46593361941713635,-0.6659528920961032,-0.8052630530433705,-0.4128733317953423,-0.6340063482468205,-0.7244400611141453,-0.43675654455239354,-0.6649686583662803,-0.7652324896781407,-0.4761077541711007,-0.6746187564848759,-0.8011292337055689,-0.3867778660072101,-0.7649624990123476,-0.7807577161661576,-0.7176352809460754,-0.2339155632727522,0.0893104666464003,0.6838424618103357,0.2580897283703909,-0.36602326050413847,0.720225226533414,-0.7205372710955777,-0.6771930992883747,0.5557464845372683,0.29018339226821965,0.3363767198724862,-0.7283684888792054,-0.7205372710955777,-0.6801366373410149,-0.5630222084706297,-0.47986492988309903,0.49082683456647697,-0.8502181363651173,-0.6853768855775465,-0.4172408805488338,0.6268483036961886,1.0,0.4041656570247725,-0.40046286257687685,-0.3505378031917596,0.18097134986611757,0.0027263331419415913,-0.41751873684721924,-0.6331524712277201,-0.7117575965900774,-0.7279144716116005,-0.7165422201388183,-0.5249166187678024,-0.6916699157486569,0.19373064184033814,0.7317658676249129,-0.3277451737149363,-0.2921133286668355,0.3253987932965813,-0.31844396396766234,0.0646266424717463,0.10230373630992531,0.09475460893931206,0.24158473464459523
dct_low_freq_ratio,0.6839908528049617,-0.6085627235927527,-0.8079088621621339,-0.5638415262914975,-0.23758802759254846,-0.2445589545946043,-0.4332866989446918,-0.4227528300275451,-0.4613263414764343,-0.5000705668112438,-0.4011198151692678,-0.44156001395364486,-0.42652639921652546,-0.030829526461050145,-0.2706420003569499,-0.25712147036743865,-0.4149971153232012,-0.4622072241530704,-0.4734510052384296,-0.49448009717084607,-0.4006582955425775,-0.4441913979631071,-0.39516951714049536,-0.010913866224658045,-0.21076465794867338,-0.22645516762405238,-0.4216266943548828,-0.39364613535376336,-0.4332945966971791,-0.4809543598813466,-0.39863407180505694,-0.4438129170420188,-0.4027029460663218,0.027224428704445372,-0.002511417303682024,0.057839858476151064,0.06197307640003506,0.011828675651634733,-0.08141879513276412,0.013997290953730711,-0.056599314919820884,-0.1668458007906309,-0.18854964954403525,-0.24351637807537968,-0.21805975645532114,-0.1417279521020654,-0.21205229268371806,-0.15027090236810672,-0.18161236667194997,-0.26636737014815515,-0.22596932470668188,-0.44571877025314993,-0.4891695724364492,-0.2949413489374922,-0.40623286160913047,-0.4654889800449276,-0.21566381524336087,-0.4333690780994808,-0.5012848384629264,-0.27419069861986073,-0.6550876193541642,-0.6866459081372208,-0.3370639592413287,-0.015462018860472427,-0.6692292355561699,-0.6258603525953026,-0.170760189029474,0.3875190228309637,0.6047822790776879,0.540828637259492,0.1502754571183066,-0.5325550422173189,-0.008519486082361985,-0.6462687207439898,-0.3402480184922062,0.2410613899341243,0.10168580158543453,-0.3330212426239861,-0.6729758004693827,-0.6462687207439898,-0.7421130445853268,-0.7250484481033862,-0.6928370857862098,0.26369200549874955,-0.5243162180945024,-0.49511910371797685,-0.19400206127185154,0.41594484693641215,0.4041656570247725,1.0,-0.9852146388940601,-0.8827358305288134,0.09289962357972878,-0.10632803011183861,-0.1946255822893114,-0.39370927914696985,-0.48918104044540645,-0.5670787027399988,-0.5855184341797528,-0.4642686300146483,-0.6398427160632435,0.4397848615795899,0.11215756227293494,-0.5814925875042396,-0.5679262138919522,0.5737902845547501,-0.5811536340942616,-0.06219991883905598,-0.03942321591864564,-0.07284921165472134,0.09971566054236282
dct_mid_freq_ratio,-0.7094482077925477,0.6474052609043418,0.7909381380800121,0.581157453412434,0.22396100986100845,0.23373310831497088,0.4197693592344758,0.4093072058873027,0.44180384477859125,0.46323267964835485,0.38179152536941297,0.41943509250863453,0.40230241267213496,0.08958116465657691,0.25666729874406646,0.2465128283552149,0.4006270302501407,0.44859006983352756,0.4555846721447281,0.45679830224835916,0.3819052465012106,0.42225458861817405,0.3721520013859457,0.07016127103072912,0.19742670046250183,0.21155322196407983,0.40523999889205603,0.3768831613174958,0.40860464662898793,0.44194760687139883,0.3796295559338846,0.42091698200514205,0.3777574896530052,0.034649050224791325,-0.006097803787236548,-0.04684662937902858,-0.05455212027908513,0.002711523621003923,0.09872059793415505,-0.004127193492907872,0.06867225536346423,0.17717843430045635,0.18394543619615722,0.23799917640907475,0.217155680316901,0.1631007128682915,0.23207967013033695,0.16304894280446222,0.20641168526312215,0.28552755997533535,0.23364135202379768,0.436609774209944,0.4755246519289532,0.2858868026027979,0.4282605136311656,0.4767405500333235,0.2217816305790072,0.4592702800202759,0.5123980999736225,0.2759269574556952,0.6059316949676271,0.6428660282984137,0.3260075064712787,0.03125745729597108,0.6456920495795764,0.6337985517036178,0.1774845288440457,-0.3545226820135069,-0.5811202799429529,-0.5159372777940279,-0.16060450242741456,0.5358747603031369,-0.0012712425787440478,0.6060913421298199,0.3682622901750426,-0.2728100450250899,-0.15029754642835788,0.29610516701351675,0.6537979088955763,0.6060913421298199,0.7402966171351489,0.7410757497291295,0.7060345107669631,-0.27652454605098004,0.5220579368584228,0.4948282318839612,0.21055060560719502,-0.4364078651996545,-0.40046286257687685,-0.9852146388940601,1.0,0.7891840434288871,-0.08606210836435554,0.0694825164870188,0.21119278539775277,0.38195590714856326,0.4723017301438093,0.5458279904919799,0.5653909029034156,0.44444576402691427,0.6136193810118361,-0.43036191629594045,-0.11764417197855483,0.5548271728281301,0.5432863535967015,-0.5474335057652193,0.5526775039924776,0.0564592288399143,0.04199427402348959,0.06998542158485704,-0.06899332495560646
dct_high_freq_ratio,-0.5062289410926425,0.40599464149510134,0.7269528891087457,0.4273693077287478,0.23746645742345965,0.23565479916683768,0.4019802937500132,0.3929121175994333,0.4420643781963282,0.5221828386364534,0.3908266740460641,0.43255479823986953,0.42565055046142813,-0.1351662812247334,0.26625758887201245,0.2456390865953974,0.3889157568128348,0.42661047404871716,0.4477334432521285,0.5197890970151983,0.38886035368496474,0.4342549849274015,0.395933383708197,-0.15329866004747822,0.2140834221841975,0.23158704612633627,0.40002979730247074,0.37749694520990534,0.43262855823016777,0.5120316964877839,0.38784525307230816,0.4365667067123905,0.40756543643653453,-0.19262039033073383,0.025726500163703772,-0.07886162219955134,-0.07254530139931284,-0.04983940154200569,0.021118394215713345,-0.03885768874595295,0.014556324190737505,0.11217722039078534,0.17142132463157836,0.22021745301547016,0.1861263584709095,0.060745049852630656,0.12366102504887877,0.09151137260502991,0.08493756761714508,0.17178274578821767,0.16926711118017615,0.4003602184801494,0.44939394258485355,0.27322816988884785,0.28171128418598357,0.36117009869471645,0.1648504828202899,0.293941550491578,0.39169619718263493,0.22615773567488578,0.686519199715169,0.6983529467596236,0.31419359417118176,-0.030298143399979924,0.628167786443743,0.5053196963394146,0.12536985223817046,-0.4168578261709389,-0.5742337853118327,-0.5237445756345757,-0.09823175320854245,0.4394058028187375,0.03402677306208118,0.6544676565175103,0.20972097090906588,-0.11594558869263413,0.047682767103763915,0.3817107191746878,0.6193674312295291,0.6544676565175103,0.6299788860939537,0.5666696632374421,0.5473028429971876,-0.18688355405477308,0.4477652214738329,0.41778014059842433,0.1180003367436065,-0.29418165154262543,-0.3505378031917596,-0.8827358305288134,0.7891840434288871,1.0,-0.09699115045611323,0.19059931082164921,0.11847428464244897,0.3638108338314116,0.4582740653814411,0.5358672760093091,0.5483165662588387,0.4453660768149795,0.6107859002550318,-0.39622380046016764,-0.07941011427566654,0.5628566980106204,0.5458760691944674,-0.5555234702244278,0.5675372486702163,0.0681281199768044,0.026150372481816807,0.06920670805118596,-0.16823731962788777
dct_anisotropy,0.014154137524233749,-0.009473226021222173,-0.02578254712510087,0.004090550891300299,0.057925601554202746,0.004210074881212413,-0.10766594614862136,-0.014002155884891626,-0.03344196041833018,-0.07547184173975849,-0.07039341882756092,-0.031044213037256616,-0.06933307101045023,-0.06758617171453804,0.042945061499815716,-0.002197460455277429,-0.10299475828361013,-0.04892086427631717,-0.04401374645320642,-0.07293986458782585,-0.0687877040055062,-0.030597335932661236,-0.06762647692599119,-0.07236646099994488,0.06875591122123402,-0.0076171229863615944,-0.09320952529647966,-0.01716261637406682,-0.03105194116629622,-0.05886136388241869,-0.06558199837848887,-0.033371351988265886,-0.07122407593702551,-0.07621902202828458,0.07288962193152378,-0.14441274898331558,-0.10295894563014649,-0.20573821816116142,-0.2465781048964342,0.12033870597079317,0.0163651916576227,-0.14441705904064153,-0.14074952549613834,-0.20523420593385103,-0.2393648965679022,-0.12137919402394552,-0.2162611529580485,-0.24969946289631875,0.10557664137854175,-0.0025848834163394734,-0.14041598970028257,-0.13746053515665657,-0.1966091293748764,-0.2216400189655984,-0.12344298034531935,-0.21275533017761464,-0.2632931374785685,0.06873222705560024,-0.0310988247749919,-0.15512968038884853,-0.11252189150205583,-0.15826923022250527,-0.21484743646501595,-0.05290753942828575,-0.11563643536967169,-0.06752714578109256,-0.2768129287253484,-0.1956362402822441,-0.02223007965826001,0.13123488790335047,-0.0598015166939815,0.05449066513234067,0.15974142780970746,-0.08379935997446362,-0.14589404333203476,0.11478291179571411,0.06308365909683046,0.13614811165918908,-0.09590637242153831,-0.08379935997446362,-0.1238771087737608,-0.07792333223442577,-0.05761266578156561,0.1431197386742116,-0.1968730500672125,-0.13935065468028446,-0.016578983758204154,0.2242163793447511,0.18097134986611757,0.09289962357972878,-0.08606210836435554,-0.09699115045611323,1.0,0.08909861085802617,-0.016804785636001036,-0.10461160568013654,-0.1334661932561055,-0.15436389851571036,-0.1551512527209546,-0.07909844596424286,-0.17369656112649143,0.13043466496033357,0.16199586810346261,-0.03099856974653399,-0.025457520436617826,0.027421501265953753,-0.022115156306813346,0.08754695518257219,0.03936678495052513,0.055021576329529684,0.707929776889582
dct_benford_ssd,-0.026324906986965817,-0.011263370421875064,0.13185648808545458,0.02346534862849673,0.09680193094545754,0.06963364640252914,-0.0563982712506516,0.05889401556990659,0.08586408481861452,0.060603774738455726,0.017816652206428925,0.04498508088924845,0.014672087416700536,-0.17970347448974586,0.10538894639057875,0.07639241559798396,-0.02456250280692666,0.0726309024922229,0.09368492769284362,0.07152293177097127,0.018789287716279655,0.046834158893259495,0.03132829285132523,-0.17340920218115272,0.09561729945061603,0.09468800224549656,-0.03205357258464505,0.07744955751472027,0.10893581927419023,0.07891664231320464,0.019293639948337143,0.04720674761526633,0.03293124297918483,-0.18866718366243015,0.08066957315474099,-0.1810405765802473,-0.11807770042467293,-0.2109805354267393,-0.28743778247954177,-0.14609047863099964,-0.22790733942834235,-0.28693296311341066,-0.17137666270001448,-0.236042714026404,-0.3050553702745431,-0.12714485623771296,-0.20496047579194146,-0.26782667796419457,-0.14474440473383782,-0.21100440729128817,-0.2821346249280349,-0.11754005410388228,-0.15928570657794597,-0.22323688098106365,-0.07443823727695074,-0.12737594535687657,-0.21386680161137636,-0.096073819532283,-0.13495651805806755,-0.2192271291928659,0.03427274551854002,0.018092794983327234,-0.1246692892520467,-0.19109556239402922,0.14703238267656682,0.030104179649087643,-0.22573704395907745,-0.34675194413350025,-0.2796873642686015,-0.1187743572264951,-0.03286072112805224,0.29589412287602346,0.1259028605958297,0.2874209579979564,-0.13971733140052872,0.1417864708876777,0.19746462948781213,0.3600057229151185,0.14478548846557282,0.2874209579979564,-0.01754316907729892,-0.04297194822760595,-0.015658941909791762,0.20277513091910634,-0.08653333452071944,-0.13623541037476428,-0.14503212655874437,0.25775728452554236,0.0027263331419415913,-0.10632803011183861,0.0694825164870188,0.19059931082164921,0.08909861085802617,1.0,-0.1451070213978885,-0.07361918015564532,-0.07100623074215638,-0.0733356348079605,-0.07671430066037369,-0.01459479690057873,-0.07076913405381545,0.12581891767608336,0.13841781446492515,0.06970668152179871,0.061777194924178006,-0.07482664397827976,0.0832959581562144,0.055739722698537414,0.028122160345966478,0.047286752543232356,0.062231022764761806
dct_block_var_mean,-0.5355799980379148,0.5591248957737872,0.3926333347302546,0.5843495137061372,0.20840397807342168,0.21991289882690593,0.4905485028993138,0.4119181132514163,0.3902479699787934,0.5214971174547898,0.2946917514533267,0.2998757303787095,0.5594663295115087,-0.008615982083956324,0.22499600438803263,0.2439685603714262,0.4993991870267292,0.44821033045569053,0.41112704023378427,0.5280932434441657,0.30827474382588177,0.30693142100034126,0.5362562083364252,-0.014731319680121698,0.20069893711213962,0.20248665326659585,0.4900059324907591,0.42220541159526437,0.3786700431377481,0.5208033522311686,0.30125147523095935,0.3034798085338698,0.537841259612937,-0.041684976856248654,0.002132367603792968,0.22396047507337888,0.7947075017024905,0.7745671203705624,0.31965139421469224,0.8234984783727475,0.811179473176834,0.3463036877838645,0.8464671328532739,0.7917549276491499,0.36203949738943203,0.8581063644099431,0.8015559697125864,0.3270761506368412,0.8705682696858039,0.8238132224774574,0.3506253508977638,0.8124278682970798,0.7426503298698094,0.3452283002886706,0.8460406989184364,0.7605329958677886,0.3176577185466423,0.8416025314508966,0.7730665957550149,0.33902259057921397,0.6685459746214679,0.6286202878858489,0.32430772401319946,0.7507445966067906,0.32300945788608026,0.354824960707371,0.14730732472378044,0.021458299423452048,0.0036385408760294656,-0.3447997564718589,-0.37407465458712486,0.08132713329684943,-0.1581855163918893,0.2428851409518327,0.20446987725623503,-0.1505816147478422,-0.06881698820696969,-0.09699782822083577,0.31072233896821594,0.2428851409518327,0.6289943424798796,0.7298785976712922,0.7085429985266464,-0.2466354300549032,0.3167354678426669,0.868668051532122,0.9999951217236089,-0.4873267778977011,-0.41751873684721924,-0.1946255822893114,0.21119278539775277,0.11847428464244897,-0.016804785636001036,-0.1451070213978885,1.0,0.5343457612108821,0.5772245324961851,0.6266382558423649,0.6541330018522141,0.5679227836345775,0.6503430884657078,-0.39339003706464826,-0.18551507929234157,0.5334228709016327,0.6020788438225393,-0.5173904093039168,0.5168694967514359,-0.044780685624089184,-0.09977383360273057,-0.09248695925007581,-0.008124418781805351
ela_q95_mean,-0.5394275975112575,0.5271065699650523,0.5001379518487247,0.5431053137479398,0.14235198391650655,0.1370298534787428,0.41499173797238453,0.4348005158554151,0.4474779423602639,0.49536843302575556,0.296317634553764,0.30848779007329846,0.4333414232600344,0.05727177404036012,0.12572599940057805,0.12602817358313328,0.4158959917590326,0.4035926548281596,0.4234584281840971,0.5044957917960297,0.3074177336103109,0.31581537768953866,0.4150641921753745,0.06364390301746582,0.13366913270429234,0.12346090769831802,0.4232077976882788,0.4322255594388962,0.4458062562656104,0.4929351540738825,0.2956379699748206,0.30607908032016723,0.4060027404290636,0.024431570363689085,-0.13778741373165787,0.18169831811027876,0.32527734229777844,0.4344871796190535,0.37609732697894926,0.40814988315948203,0.5407061941165652,0.49694831697843295,0.5273844153424596,0.6321871708739905,0.5526997396458798,0.432134149875938,0.5554648492713168,0.45462123486363837,0.4651513233609971,0.6191079928517296,0.5423396078019114,0.5817720528539198,0.6883426594127164,0.6007126426905279,0.5153343195090029,0.6364178311258303,0.5048975528332903,0.5293552631625192,0.6730070776697011,0.5701508187483147,0.5952080239701555,0.6920207114717066,0.6158225097253329,0.42182090865421856,0.6338107068743927,0.6154761264151266,0.46914717782268306,0.13195373968758692,-0.13921809831575419,-0.5605937168687468,-0.34342645268450933,0.15021345059305075,-0.379218752922201,0.523779280917534,0.40884505696815143,-0.29771310248525745,-0.10474309221998031,-0.17729699099329005,0.5818355938493995,0.523779280917534,0.6740374622154426,0.6260176979511771,0.5702425952135032,-0.39303473988603527,0.6309629385296933,0.7165387642440898,0.5340157958953312,-0.5534692478377146,-0.6331524712277201,-0.39370927914696985,0.38195590714856326,0.3638108338314116,-0.10461160568013654,-0.07361918015564532,0.5343457612108821,1.0,0.9790481945892822,0.9234411885638927,0.8993729218755995,0.9512796345923339,0.759769665757851,0.07871897305770105,-0.48806352979933737,0.4112518027629524,0.4115632852626949,-0.400614685028554,0.39856009077435683,-0.01832485927119796,-0.09150998714987993,-0.05977716718378851,-0.147681768044226
ela_q90_mean,-0.6085481206401342,0.5880401883543622,0.5834209721944627,0.6046076793849984,0.15045185064235056,0.1507339871321973,0.47547963739677607,0.47591349470652194,0.48818763785782915,0.5611889627849361,0.35779637952613996,0.3723292584701087,0.48662282236181703,0.06304535148856134,0.1441054011440473,0.1504275536637937,0.471901844960749,0.4688137702276151,0.47507793044758045,0.565447323922674,0.3666850356020819,0.3793526020507502,0.46377416776659625,0.06553511837987347,0.13346813917714906,0.13639247403559218,0.479763439367974,0.4664541619948366,0.4759846278219825,0.5490118270778236,0.35680843827247305,0.3720359004235266,0.4594523965023162,0.023679012824250723,-0.15535052683023942,0.20193633491190185,0.34331330866134563,0.4715714070129462,0.4242837884040007,0.4255492457439682,0.5768500600072531,0.5478252124432295,0.5734836949965226,0.6987689371483409,0.6197322330649104,0.4656037819009592,0.6130710363241413,0.5147223575747718,0.5004427268597862,0.6772088396737684,0.6044052709199356,0.6533837230606716,0.7818031272393772,0.680738600603484,0.5708075704005448,0.7205409823128597,0.5770606196714689,0.5870288227648254,0.7571806004520126,0.6431385426021543,0.6850151682878886,0.8049109378588392,0.6991218992066117,0.45178053953819525,0.7303337123004384,0.6946114384088777,0.5218314543757445,0.09401155099364224,-0.20214987219156944,-0.6373769038009686,-0.36711530580031343,0.1972203398273981,-0.40065786420979826,0.6167862145559724,0.45470022225058004,-0.3278835702927215,-0.10977750008224926,-0.15247978255395034,0.6745357762451126,0.6167862145559724,0.7814093678973044,0.7140393620295707,0.6500880501017443,-0.4454327997019946,0.7295515990787492,0.8054600425382403,0.5768400642449236,-0.6186076259447025,-0.7117575965900774,-0.48918104044540645,0.4723017301438093,0.4582740653814411,-0.1334661932561055,-0.07100623074215638,0.5772245324961851,0.9790481945892822,1.0,0.9788387904078805,0.9620819746161572,0.9372999868900399,0.8637762761913659,-0.08481461427192576,-0.5280050586766306,0.48056613984783186,0.4737465896940395,-0.4689713803731654,0.46650180110498873,-0.023762592687827325,-0.09209734203618768,-0.06280551483341004,-0.1890233793248702
ela_q75_mean,-0.6665822970238112,0.6381335159955229,0.6564459389581629,0.654840793292158,0.16754624561190087,0.17442460062211135,0.5307395780840647,0.5026404129178574,0.5150845220039176,0.6148064243858444,0.4086590498975673,0.4288423465242249,0.5362293783793606,0.058045388829522766,0.17470184492233803,0.18775137232824748,0.5256183935127183,0.5226149617917766,0.517485027850289,0.6164096850156812,0.4167982096135847,0.435496481281691,0.5097078585652414,0.05788282200539026,0.14515459399057035,0.16101911493909968,0.5334836494733247,0.49138832885284867,0.4992693320837046,0.5970131677215976,0.40883756902572854,0.43032180381182167,0.5100333102732294,0.01576068292826591,-0.15146854591780726,0.21608122494280355,0.3710813385152897,0.5105410874159773,0.4553070908393604,0.4457817456783925,0.6045141856397923,0.5660197963249695,0.6206897192454435,0.7503949386279475,0.6480846485015486,0.506335443667204,0.6660764545404659,0.5488433478582356,0.539657602003835,0.7231171726552996,0.6292965289799317,0.7277095670646088,0.8561613607719615,0.7112503640531377,0.6342112546545673,0.7945337086083368,0.6137565125155054,0.6474119534015881,0.8238998356849845,0.6719924881837099,0.7804743523756695,0.8942488397016816,0.7254119978280994,0.4812245583203408,0.7653193043012403,0.7243273342233078,0.5229708594511442,0.05072860752292191,-0.23618428832431326,-0.658964810008707,-0.3809822146995399,0.22261001659313157,-0.38902608781724146,0.6478120680610402,0.4556523310718211,-0.3244157229829415,-0.1020157893529957,-0.1261081739326434,0.706816217234259,0.6478120680610402,0.8679787887907152,0.7938132628440366,0.7331453546878147,-0.46627540681103274,0.7718849359359337,0.8789712946910333,0.6262181131894526,-0.6577772580542458,-0.7279144716116005,-0.5670787027399988,0.5458279904919799,0.5358672760093091,-0.15436389851571036,-0.0733356348079605,0.6266382558423649,0.9234411885638927,0.9788387904078805,1.0,0.9965161394812373,0.8994247454106127,0.9486072336027522,-0.27634373849822985,-0.5269769375616074,0.5411440802050134,0.5401698868172338,-0.5273439181985957,0.5260668360850005,-0.027257340464606244,-0.08975075833423057,-0.06375973752105375,-0.20999976779877194
ela_q60_mean,-0.6874743869516552,0.6581819828576849,0.6768808189518843,0.6740189302800853,0.17710109118397416,0.18629093196676663,0.5495321757153581,0.5070756702624396,0.5196801071016072,0.6287392219416822,0.42019717954663965,0.44157312788481184,0.554152459670012,0.0553171586059287,0.1898673158653118,0.20396096983370715,0.5444302098452879,0.5361271397956676,0.5283853999023183,0.6302325337693622,0.4287709845863298,0.4480953717986026,0.5262205713383714,0.054657193031041676,0.15479629409083892,0.1725414525073464,0.5521385912495604,0.4973642383532888,0.5048300510811687,0.610712747470772,0.4213264714037775,0.44333305291701436,0.5276271940610089,0.013036583761240703,-0.14290152535071818,0.2166369315526258,0.39128486325164263,0.5303879807199503,0.45935917983106583,0.4613837660176585,0.6173742185239074,0.5605792232630472,0.6429033814975974,0.7669849795283182,0.6436620896048618,0.5308678289825585,0.6880046136401342,0.5501185898012589,0.5622245856760646,0.7400556560095707,0.6236166855489171,0.7570748225127247,0.8762290595457177,0.7030171373916564,0.6653342945806124,0.8190858066721557,0.6112954293106408,0.6752407812977178,0.8436421040910186,0.664560732943044,0.8113545679543787,0.913458369730038,0.7138414439642132,0.49749695935133226,0.7574970940151761,0.7211053377803939,0.5050435842295694,0.033668556113783006,-0.24067752611319299,-0.6550358023838411,-0.3862631684118625,0.22985288375247676,-0.37034651050310335,0.6392709070369418,0.44514397103630937,-0.3158056527035334,-0.09957514170549381,-0.11319930243109548,0.7008978968930675,0.6392709070369418,0.89010797915779,0.821594787576036,0.764821582081351,-0.4621594465410291,0.7663804185910776,0.9025043783695712,0.6537067968741169,-0.6643913837047384,-0.7165422201388183,-0.5855184341797528,0.5653909029034156,0.5483165662588387,-0.1551512527209546,-0.07671430066037369,0.6541330018522141,0.8993729218755995,0.9620819746161572,0.9965161394812373,1.0,0.8844070614008447,0.9659424748171682,-0.33616165456333225,-0.5098087457625705,0.5622783308518897,0.5677456287051107,-0.5475572056264514,0.5468158112983706,-0.027852317478187696,-0.0863730841642507,-0.062318403283272795,-0.20638862103965497
ela_q90_energy,-0.5800328186894979,0.5537790545473236,0.5755666786083545,0.5765017132153716,0.20996495223470488,0.20751947556675232,0.4494818157477681,0.47317862315954645,0.4823983109313246,0.5681663745735125,0.3213627398020653,0.3497625298525795,0.5065607957059137,0.0009067439241128589,0.2033938593040185,0.20717881044783273,0.4626392540722012,0.44569185697678915,0.4689844768029347,0.5862158082949366,0.33843686033145637,0.36162137603339495,0.49284879716755764,0.007467827970946974,0.2053637643110644,0.19376953349824114,0.4685736716218866,0.47928891367572574,0.4880846535202348,0.5757136842356831,0.3244698071666657,0.3488284999462691,0.4869696420143586,-0.04006293537417645,-0.053759313068754394,0.08546350114471474,0.3308932827101899,0.38976134984388094,0.24741731302240458,0.4246509724145126,0.5066319868398238,0.3639344370771109,0.5543958488708814,0.6039082663215928,0.4191509314358828,0.44858394936188883,0.5169248417813884,0.3209304721571707,0.5011789271383987,0.5972476527809876,0.41228523028533653,0.6293167211398203,0.6814729718213932,0.4742713904593372,0.5569952351402945,0.6182110255540487,0.36912651799539753,0.5887016002844425,0.6720664756571089,0.44005996652489926,0.6807678694309343,0.7270631798226592,0.4949266785250431,0.39922857492226055,0.6012880882849478,0.5566568100796707,0.30347500802650473,-0.056779540470960066,-0.26619255712607415,-0.5353429627415762,-0.2945598926394803,0.22535161706511644,-0.19771553260559072,0.5248793815304824,0.3342548243124261,-0.23527976476918286,-0.07292264593046183,0.018218093374085816,0.5720138496585658,0.5248793815304824,0.6972759313722403,0.6831231339049476,0.6408405458424516,-0.3176238295876809,0.5277069836393599,0.7249520234119533,0.5675971687653487,-0.4826400235939202,-0.5249166187678024,-0.4642686300146483,0.44444576402691427,0.4453660768149795,-0.07909844596424286,-0.01459479690057873,0.5679227836345775,0.9512796345923339,0.9372999868900399,0.8994247454106127,0.8844070614008447,1.0,0.7651948323562373,-0.014692421584743523,-0.26510129056542237,0.5128297447047278,0.5180159038292002,-0.5007737317137732,0.5029604253642405,0.0012093146497115595,-0.07350743513968461,-0.03495687552500158,-0.12154900363112796
ela_slope_q90_q75,-0.7002582852907866,0.6619223723066899,0.7141571779979048,0.6774404458462897,0.17988838753302763,0.19638891758027952,0.5715521015956138,0.5016914963931958,0.5133516802445917,0.6460074225576177,0.4529405119554448,0.48016416460359646,0.5678374003376406,0.04543052135557726,0.20732240557209977,0.22967783070171577,0.5644749104424357,0.561855019217261,0.5395361311510602,0.6433698232616227,0.45923596143018713,0.4856876038642368,0.5378668837375705,0.0411799104630182,0.1510171252431867,0.18555859481332643,0.5716842218246327,0.4886135000021748,0.49328074903078667,0.6210258058511918,0.45490789465116543,0.4842607552248184,0.5453516871536462,0.0021895775170876117,-0.13272405231055748,0.21977943492382962,0.3828088964216352,0.5278604830185281,0.4649839117947523,0.43957231200613717,0.5964452363682216,0.5465446693472022,0.6414808184460216,0.7671108403226478,0.637415063243454,0.526733436284888,0.6920182375126397,0.5554425580577099,0.5549069684876112,0.7332854907836492,0.6148548265902973,0.7814380276713285,0.8991348460460192,0.6986067642769203,0.6789139298820445,0.8421259269108964,0.6188773539463258,0.6863330621746959,0.8577737067446973,0.6600874256646425,0.8624461530380317,0.9571839004728174,0.7050485337573915,0.4862789719492546,0.7550461329199071,0.7093529552788783,0.4807418165884593,-0.0204737521399025,-0.26894976259464387,-0.6369189919909318,-0.3703794537522592,0.24314861237897253,-0.3383140880289386,0.6412997662566147,0.4187963199639817,-0.29176375795054865,-0.08143131269183188,-0.074717704822499,0.6972807901198761,0.6412997662566147,0.9288422895818277,0.8504064183024439,0.7999193932779051,-0.45928559632656124,0.7724224464684684,0.9187162422719081,0.649903118317127,-0.6630207080958757,-0.6916699157486569,-0.6398427160632435,0.6136193810118361,0.6107859002550318,-0.17369656112649143,-0.07076913405381545,0.6503430884657078,0.759769665757851,0.8637762761913659,0.9486072336027522,0.9659424748171682,0.7651948323562373,1.0,-0.5492898054771513,-0.481058926799929,0.5893054581156995,0.5974528014986721,-0.573255574353747,0.5739300623294263,-0.0303689933218593,-0.07857224491752944,-0.05987208186977825,-0.2247741515433451
ela_ratio_q90_q75,0.38646221546790827,-0.35685942467143833,-0.4186682056543441,-0.356528161609693,-0.07733926663512196,-0.12390199355493796,-0.35732624102240784,-0.21317151438061607,-0.2045027926550199,-0.35568730190171804,-0.2735330944164013,-0.3096847441559628,-0.33889168233405553,-0.014468298199394878,-0.14092227090466,-0.1880696096626258,-0.3468266911404376,-0.33236134030149717,-0.27501446799678364,-0.3451435480997476,-0.2726066322049062,-0.3097216284961747,-0.3148961385835052,0.0008534785626069023,-0.056088642306620896,-0.12240733731098916,-0.34937723702122453,-0.20139934753127692,-0.1827953536075873,-0.32816445744785344,-0.2779060710059419,-0.3168811958388984,-0.33656157168664586,0.01390171792050877,0.002611088467468128,-0.12546892754078684,-0.249325803773269,-0.327918401119362,-0.25068269994004705,-0.23239682288560365,-0.29411675471950827,-0.20411770533321447,-0.3680541360793186,-0.41000867660817164,-0.26114085559672306,-0.32981980852583204,-0.4093936502899025,-0.2687059677046543,-0.32697760574703016,-0.3841636971987921,-0.24076485842107537,-0.48230166832053567,-0.5056129606078167,-0.2657588979094931,-0.43199543768925563,-0.5016858488588561,-0.2813347212336254,-0.42507819044575706,-0.4747990708945063,-0.25150944584761237,-0.5388154724012095,-0.5413089130306542,-0.22987598004615575,-0.2696416233751654,-0.2584778328425704,-0.25198100112589056,-0.09058178013918754,0.1746784591265774,0.165372868083891,0.1821112461441017,0.13539870498869527,-0.13142758852262307,0.0007354450820099445,-0.1972275018606112,-0.08862886084882438,0.04844203038801277,0.011633574045647337,-0.07031835766488452,-0.23880060093753852,-0.1972275018606112,-0.5412267308145611,-0.5335919096116967,-0.5057342397379736,0.21803987659097548,-0.3141039881005071,-0.5206872238347603,-0.3931926835346652,0.3630415295284757,0.19373064184033814,0.4397848615795899,-0.43036191629594045,-0.39622380046016764,0.13043466496033357,0.12581891767608336,-0.39339003706464826,0.07871897305770105,-0.08481461427192576,-0.27634373849822985,-0.33616165456333225,-0.014692421584743523,-0.5492898054771513,1.0,0.03323471463193879,-0.42988976591352435,-0.4505372856724013,0.41699715682470284,-0.418298416384341,0.03447997282691,0.009411319412600424,0.025452578057759048,0.1268593755744651
ela_q90_gini,0.2282894131215956,-0.24031827661343982,-0.16156940293853794,-0.2287487114308344,0.13951689231855163,0.13832531763361874,-0.13970591653244852,-0.09881492380562865,-0.12249727344264702,-0.08228606617260499,-0.15663431240000458,-0.126004186748522,-0.037658600441863026,-0.20504529001532526,0.1327882013393287,0.12999132265470326,-0.11693723780732104,-0.13708891361881706,-0.11901341152446814,-0.07412536456018097,-0.15298566237930902,-0.12417656200702411,-0.017179972287440486,-0.20440284612137732,0.15600604609225135,0.1394793423957817,-0.12302848266212552,-0.07909807143885204,-0.0946526823389764,-0.055082216537218794,-0.15244365327426743,-0.1268467683819005,-0.011585454763737731,-0.20740363405502338,0.3504838693246988,-0.4829159517209754,-0.1293784802803324,-0.3752116832840793,-0.6904739726525253,-0.12243217804325056,-0.3575755851700895,-0.7082724939059496,-0.20673095398936797,-0.4321770927476987,-0.7457981981820613,-0.17135339594619248,-0.4408355101080647,-0.7467638023085049,-0.14384954743141917,-0.4087467086258282,-0.7319668557785554,-0.23746060263777197,-0.4584909359177237,-0.7594145444422702,-0.19136883967407087,-0.4707757054928539,-0.7834288704774692,-0.15870456482422274,-0.4296614510920009,-0.7613694393749062,-0.20055262073428087,-0.39525251350682694,-0.7544605411053019,-0.2755903835046956,-0.49740060173186057,-0.5562493249989571,-0.7744989704571976,-0.5553077606982764,-0.27393314484899084,0.3551063952256013,0.28639720510924677,0.05876628060518863,0.8324802919750318,-0.36354513217508,-0.44727743299619693,0.3561254358125262,0.1341948804309662,0.6769731163632875,-0.3839653658193695,-0.36354513217508,-0.41358822313406174,-0.23271668428507514,-0.20240828343629694,0.429441334369458,-0.7366965741604932,-0.4230289368274547,-0.18523063181049818,0.4956259521314468,0.7317658676249129,0.11215756227293494,-0.11764417197855483,-0.07941011427566654,0.16199586810346261,0.13841781446492515,-0.18551507929234157,-0.48806352979933737,-0.5280050586766306,-0.5269769375616074,-0.5098087457625705,-0.26510129056542237,-0.481058926799929,0.03323471463193879,1.0,0.11569304672120863,0.11711635372414879,-0.11949280420586127,0.12596429116271038,0.09179717336478299,0.10957032189752063,0.13062776838007834,0.20250508850022514
phase_corr_q90,-0.5131570267304332,0.4634017630233314,0.5862723570821244,0.5107878365887936,0.3869095520378803,0.3817751430316185,0.5360791653237549,0.4862977972124617,0.47343820960810334,0.6101551319403763,0.36679221149735736,0.3995755683438675,0.606232344515036,-0.11941049821461716,0.38694591258271915,0.3792878668482974,0.5287787061328378,0.482951810442457,0.4723885037364361,0.6060503370821755,0.3699894214669635,0.4041995774603016,0.5767855072560144,-0.15309180745261577,0.3731512495015281,0.36562685652298177,0.5266291311000896,0.49864578224766115,0.4737006636556752,0.614562260213732,0.36473054603757776,0.40457564863705053,0.5874639969992921,-0.20716541520620552,0.17267960804342355,0.017968924878497054,0.32749121792103525,0.2835974299616588,-0.024669403385783894,0.3990153428032254,0.38557513571648555,0.06739028225444112,0.4645799140280145,0.4197380357436106,0.060182879601074143,0.40737520063603466,0.3560480673149879,-0.024177714122316195,0.4625257413377702,0.43551685632908643,0.05959223705120186,0.5622059517048619,0.5091636638332839,0.07194081378305472,0.5353323818676229,0.46793376959044697,-0.032098107726932404,0.5690456884964584,0.5265425925720206,0.03576512033359257,0.652200888601606,0.6263520923652272,0.054632999139055755,0.26047439935112326,0.4657702211969844,0.4357143858594565,-0.08397989471373653,-0.43345862755727155,-0.4334895788767211,-0.44330720612018043,-0.19615334670736617,0.4350307341030053,0.10234187481650794,0.4949589701464633,0.25766930860788595,-0.20391541829628948,-0.14015122966765314,0.3627297041929462,0.5171145109443052,0.4949589701464633,0.5897750414867775,0.7076162732521993,0.6095755929697972,-0.08789181824685578,0.20629729563782112,0.5991981824249626,0.5333933678351382,-0.3406397672803561,-0.3277451737149363,-0.5814925875042396,0.5548271728281301,0.5628566980106204,-0.03099856974653399,0.06970668152179871,0.5334228709016327,0.4112518027629524,0.48056613984783186,0.5411440802050134,0.5622783308518897,0.5128297447047278,0.5893054581156995,-0.42988976591352435,0.11569304672120863,1.0,0.9674744471684992,-0.9992811584354515,0.998906194581707,0.057460011724004896,0.046772673959000914,0.07081161472840923,-0.046236851090401224
phase_corr_q75,-0.5248148704660854,0.47846866782823966,0.5864039630948016,0.5162904842516014,0.372076425701424,0.36797597218397765,0.5506623965573996,0.4822720961865056,0.4785523264331399,0.6324796394085802,0.37931401917683194,0.4138915204262884,0.6422044778902525,-0.15549853086335114,0.38202615390086325,0.37661223269746047,0.5457061389826309,0.49233500483850207,0.490731481779113,0.6284011319493759,0.38532174340824404,0.4190552554289112,0.6103875521612038,-0.18340831558436893,0.36600328577617114,0.3544225807267114,0.5419032674212289,0.5043919436084674,0.48541507305195286,0.6370205877487111,0.3792485866655151,0.41907717900184843,0.6210265647284122,-0.22833732821566816,0.19001013874222034,0.01100154254028088,0.38494346283528613,0.3260630315933958,-0.04096925017793305,0.44850747528822293,0.420826824782007,0.04455863896622667,0.530780515725304,0.4621753026020688,0.03985087050818158,0.46834018718845105,0.3976465011958517,-0.03956828405195073,0.5188015016974257,0.47263222174669633,0.04063149226244846,0.6339422369958041,0.5469215487471986,0.04852824659045931,0.5959491261610158,0.5010201316477253,-0.03844378355270214,0.6240123914201199,0.5550675666671847,0.02590171052394966,0.7125556137938681,0.6431609910038406,0.04320786921654954,0.3129359240501236,0.4328790967654483,0.40629499679542913,-0.09361482209428344,-0.41148516672541086,-0.39465948173539267,-0.42520432992718077,-0.2182256297425381,0.3923665524041427,0.11385263474580787,0.4533207933598904,0.21649303426589497,-0.1659010604776491,-0.10358330142060736,0.3426359912261826,0.47742641591164303,0.4533207933598904,0.6022092989777903,0.741576156962941,0.6610535799799562,-0.06488698966110294,0.1743894225957579,0.6333701163842759,0.602031710865386,-0.3293444000646052,-0.2921133286668355,-0.5679262138919522,0.5432863535967015,0.5458760691944674,-0.025457520436617826,0.061777194924178006,0.6020788438225393,0.4115632852626949,0.4737465896940395,0.5401698868172338,0.5677456287051107,0.5180159038292002,0.5974528014986721,-0.4505372856724013,0.11711635372414879,0.9674744471684992,1.0,-0.9598145167256805,0.9639694294516993,0.06075639563059439,0.04864415004741334,0.0747923178546755,-0.02943856725137603
phase_diff_energy_q90,0.5019849799716067,-0.4522790057697024,-0.5765121686784354,-0.5009174454140891,-0.38715594232764383,-0.3807076679699962,-0.5266346824792498,-0.47938996519856536,-0.4656046564344118,-0.5978504896821646,-0.3599212976267621,-0.3916379667998453,-0.594888823159276,0.11778506663235615,-0.38590307001807056,-0.3766007511855802,-0.519232443484872,-0.4736166418788622,-0.4626788870763344,-0.5938156584260197,-0.36272948093671387,-0.39611050292796673,-0.5659668568520785,0.1522880653921872,-0.3733638841748693,-0.3646296437134569,-0.5169593750455582,-0.4912322621895222,-0.46580438376071537,-0.6028735893953202,-0.3576104083114763,-0.3965839220550538,-0.5764995367675517,0.20695323224254894,-0.173211261064431,-0.017198402178773595,-0.31671148809697014,-0.27188432335260304,0.02986020082825745,-0.38826893313343264,-0.37363187606157267,-0.06122272549427748,-0.44783361434803337,-0.40288708919629845,-0.05125487967284285,-0.3936377835279502,-0.3413289908484504,0.03138442138588662,-0.44905967586709944,-0.4207458593491905,-0.05121445547052611,-0.5428704494189849,-0.49088123506687714,-0.062162595734193124,-0.5198271767153306,-0.45225168514014535,0.04181297940731882,-0.5536989633103971,-0.5108973108621508,-0.025387737788484993,-0.6329098657132409,-0.6103386275242537,-0.04337950058451024,-0.24811945464394433,-0.46160698283987367,-0.4327941465579305,0.09057837524513475,0.4371780144076807,0.4344618576542846,0.43904591359672224,0.19174030905723816,-0.44104178099537683,-0.10294962636777631,-0.4946052268040949,-0.2591176856648862,0.2068371814763049,0.1454460375352536,-0.36625441934530006,-0.5149969094153457,-0.4946052268040949,-0.574975686274834,-0.6919747150815201,-0.5925346169561506,0.07969428809644256,-0.1981213722047835,-0.5820642845876719,-0.5173736216639457,0.3293239142961047,0.3253987932965813,0.5737902845547501,-0.5474335057652193,-0.5555234702244278,0.027421501265953753,-0.07482664397827976,-0.5173904093039168,-0.400614685028554,-0.4689713803731654,-0.5273439181985957,-0.5475572056264514,-0.5007737317137732,-0.573255574353747,0.41699715682470284,-0.11949280420586127,-0.9992811584354515,-0.9598145167256805,1.0,-0.9990523365142595,-0.05797056244072573,-0.04889113829493372,-0.07212647572818956,0.04271597120363407
phase_hf_stability_q90,-0.5037711672213678,0.4513323403023717,0.5859888178903838,0.5011913596775499,0.39189170939570855,0.38548325432187963,0.5274941570673873,0.48403154314913477,0.47107182268627046,0.6055146967141535,0.3643786081324425,0.3973682945842271,0.6006891623185223,-0.12858521058120712,0.3911416358983306,0.38209152292936716,0.5206382134189858,0.4784721947606535,0.46911841537885857,0.6016959683286577,0.3674170075383828,0.4019744057026135,0.5716300109694308,-0.16308335287006645,0.37865149303392387,0.36976816180812744,0.5182415729686844,0.49698799776845026,0.4725193832803579,0.6112646942151132,0.36225246134959277,0.40246266720991597,0.5821486750175152,-0.2175095969888406,0.1796646133865361,0.011870680120634856,0.31308468578477816,0.26360760686719803,-0.03925274017506554,0.3862905986613872,0.366819358527754,0.050640435434133976,0.4452995142755446,0.3951746670425406,0.04108173370668275,0.3912739135106326,0.3341485401359342,-0.040751634524606284,0.44909383454879553,0.4157729865635251,0.04121091529863468,0.5451129254506173,0.4871549030045867,0.05343218946857647,0.5220088991488332,0.44865025623152766,-0.05101652084810282,0.5582839907473777,0.5096251024297038,0.015824595185581623,0.644347433294794,0.6142439673542145,0.035385516742224836,0.2418743651076842,0.46214357753580787,0.43184418778391215,-0.1027198780581913,-0.45109575484261744,-0.4430472034560812,-0.43746147078027436,-0.19029426569355093,0.44977567735806345,0.11115295911833464,0.49806518489991153,0.25391907106236944,-0.20275825398825217,-0.1416346589855281,0.37858436013854435,0.5160209055715086,0.49806518489991153,0.5780192464431225,0.6965823384664179,0.6014972326457788,-0.07167847327595482,0.19133473546098426,0.580327181344887,0.5168527246751574,-0.31651241038637673,-0.31844396396766234,-0.5811536340942616,0.5526775039924776,0.5675372486702163,-0.022115156306813346,0.0832959581562144,0.5168694967514359,0.39856009077435683,0.46650180110498873,0.5260668360850005,0.5468158112983706,0.5029604253642405,0.5739300623294263,-0.418298416384341,0.12596429116271038,0.998906194581707,0.9639694294516993,-0.9990523365142595,1.0,0.06085952990382451,0.05194319378640853,0.07580337423474423,-0.037932161764182015
grid_h_ratio,-0.011939562672483587,0.001821715389637159,0.03967039475496525,0.008504545539524296,0.09345544978360845,0.03694809043150509,0.029057735900838797,0.1152641826910604,0.07479893207261264,0.015472288071536831,0.12705287985513328,0.12406934002236614,0.03219957186764482,0.006142290480999525,0.09894490543359696,0.03729653586405726,0.03089749434717531,0.09130213109177218,0.0678143202179723,0.012510199622145382,0.12745298646644612,0.1235470249089807,0.03636965670189341,0.0035861478238698253,0.09760252138218198,0.034777298165611335,0.023299447385788083,0.10682374376731305,0.06304401186911092,0.013560322463276028,0.12470434538907342,0.1225566064063748,0.03634107593403805,-0.001009325430686133,0.046653063330339146,-0.08361876096294696,-0.10162672051115196,-0.12732869231999627,-0.13467095045050068,-0.0032706403923002635,-0.031865095023226694,-0.09661996903808374,-0.027149351918114573,-0.06152318870717425,-0.1323506012611,-0.09227087768731593,-0.11218574710832376,-0.13586615915437092,0.013560871011408682,-0.023277959901380735,-0.08852745112215325,-0.01837426677902601,-0.046671251266970526,-0.11629062094383491,-0.05641499158036621,-0.08349755994704366,-0.14604811366815143,0.011103573017962328,-0.018696442548782593,-0.08002300776203433,0.00879937058724058,-0.016367864335783664,-0.0977378149340174,-0.06539033961260894,-0.01817626316862791,-0.03786517932416633,-0.09028251823337861,-0.08959364040771865,-0.09333488231977652,0.02083442849506873,0.029583295241355816,0.04458952719966931,0.10904752218221464,0.005126729539058007,-0.06153523541423701,0.054313988288264045,0.028582883920833066,0.11971021635910001,-0.008510391342786769,0.005126729539058007,-0.015892105230748008,0.0015005056205703534,0.017906465053128675,0.10261574161120791,-0.07743106077309553,-0.04864612255960986,-0.04452024295396262,0.08386549001451443,0.0646266424717463,-0.06219991883905598,0.0564592288399143,0.0681281199768044,0.08754695518257219,0.055739722698537414,-0.044780685624089184,-0.01832485927119796,-0.023762592687827325,-0.027257340464606244,-0.027852317478187696,0.0012093146497115595,-0.0303689933218593,0.03447997282691,0.09179717336478299,0.057460011724004896,0.06075639563059439,-0.05797056244072573,0.06085952990382451,1.0,0.07937937344537804,0.7084651419219119,0.06553616362694649
grid_v_ratio,0.05110316067041712,-0.060148144052319816,-0.017714095650291167,-0.056990050318214115,0.046138099387906244,0.04273491839178795,-0.030434745908154502,0.02063216524393301,0.05255191270814703,-0.030045187502938404,0.12333603532941226,0.11797794830984167,-0.02382282783241044,-0.07939497520540412,0.0530250824897096,0.0346929932419238,-0.04221557839842135,0.023699948401552894,0.05394453125411118,-0.0386836949082274,0.1200899098057887,0.11250151511353104,-0.035189854241686185,-0.0893338698221311,0.05845028177700813,0.0311486295592099,-0.04030076451373826,0.028229974672637506,0.06674369973345316,-0.03498909859052001,0.11947365791330784,0.11519040533962456,-0.028895897230462576,-0.0881700383964051,0.062196170416336884,-0.07615372524579299,-0.07331510319162905,-0.09824638084923155,-0.11963194405389803,-0.10329742818455934,-0.11696202336663243,-0.1133165294012718,-0.08853715127005225,-0.11032012106368871,-0.1274855422055111,-0.09220943200461712,-0.10642648574774352,-0.11632824985955555,-0.09439625632050665,-0.10412077342243536,-0.11749079290938258,-0.06968252473754294,-0.09122675121491847,-0.12178920135015436,-0.07593933985917034,-0.09413385901716696,-0.11972852359003096,-0.051504309937947794,-0.07418407844005036,-0.1241264664501316,-0.03933763493786772,-0.05938070118571334,-0.12021668829630246,-0.11127015247042642,-0.04857576979921459,-0.04929322910314046,-0.11741074718868345,-0.11271531046519503,-0.05981595167224202,0.03943383623017716,0.023318474542004725,0.0306876681861045,0.12546831739835812,-0.033745292088718244,-0.08282131283523929,0.07852697592700152,0.048238005567672354,0.1112904871992737,-0.03848991584982027,-0.033745292088718244,-0.05445465024975882,-0.03266160214508981,-0.037724585856338734,0.10727345850076697,-0.0996499254238304,-0.09432796088168928,-0.09955544632448714,0.07504011761074936,0.10230373630992531,-0.03942321591864564,0.04199427402348959,0.026150372481816807,0.03936678495052513,0.028122160345966478,-0.09977383360273057,-0.09150998714987993,-0.09209734203618768,-0.08975075833423057,-0.0863730841642507,-0.07350743513968461,-0.07857224491752944,0.009411319412600424,0.10957032189752063,0.046772673959000914,0.04864415004741334,-0.04889113829493372,0.05194319378640853,0.07937937344537804,1.0,0.7326912710390001,0.1714274441676655
grid_strength,0.02389450282183951,-0.03657908860295684,0.016280629276410667,-0.028879707452429404,0.07925293596227553,0.04404588698629222,0.005246911165717366,0.08544663717281117,0.08846929619907103,-0.0012638555699706708,0.16418366263537332,0.16306142437444446,0.013479780280136371,-0.06622684106148881,0.08717145712646604,0.03919529181449503,0.00024820318854344215,0.07520905409801193,0.08810908484195717,-0.00857592643664078,0.16258214306561591,0.15913858200460215,0.01148898853350332,-0.07501803811796262,0.0913334939667558,0.0343548487658919,-0.0033789460414470843,0.08586888987880978,0.09197152313226757,-0.0061726318445539845,0.1607272298919216,0.16047588665208695,0.015429189951729656,-0.07654491974761539,0.07173340529071096,-0.10638541792915343,-0.11546044921790999,-0.1467229962670187,-0.1621154516427296,-0.06493472506453483,-0.08850817781353325,-0.12620665939945416,-0.06483842288372661,-0.09705963013399381,-0.15108532296850805,-0.11974701348002832,-0.13910338862433094,-0.15652155130000517,-0.056358822036724654,-0.07598883110989738,-0.11996920578791709,-0.04790629380276458,-0.07515979405550757,-0.1340964717719125,-0.0831223348636081,-0.10922629224529994,-0.16079084960812684,-0.02581758259906295,-0.05080520893459665,-0.11491515759807619,-0.011666747391393435,-0.03606386516841066,-0.11918000161044857,-0.1114010259646385,-0.029028156068151713,-0.052232313049811435,-0.11926251551077029,-0.12412433846612422,-0.10316734803489666,0.020929052951069636,0.034456405701950826,0.04600924737121376,0.14872342839488684,-0.007837801020096095,-0.08586636529733069,0.08354716378506313,0.05211715488001552,0.1488932192318091,-0.018698159004784016,-0.007837801020096095,-0.03806731117429826,-0.016239047084649256,-0.013141460484967745,0.13207763908191383,-0.1015492149399559,-0.08380338782457294,-0.09215520857879625,0.09175394637327457,0.09475460893931206,-0.07284921165472134,0.06998542158485704,0.06920670805118596,0.055021576329529684,0.047286752543232356,-0.09248695925007581,-0.05977716718378851,-0.06280551483341004,-0.06375973752105375,-0.062318403283272795,-0.03495687552500158,-0.05987208186977825,0.025452578057759048,0.13062776838007834,0.07081161472840923,0.0747923178546755,-0.07212647572818956,0.07580337423474423,0.7084651419219119,0.7326912710390001,1.0,0.1880344222167772
grid_anisotropy,-0.00340652593386462,0.014859793322516086,-0.03034008483436755,0.029635337911491418,0.09174769957615984,0.00015514606140205938,-0.1348250928276549,-0.038369869103239855,-0.04704118196296392,-0.1258793242981884,-0.08293847552077123,-0.03651239995300128,-0.07577565335390192,-0.04867971244985895,0.07688502674879541,-0.00577012789947257,-0.12270101975589712,-0.07701346201782698,-0.047457980837593824,-0.11688468171381106,-0.08020924775828447,-0.03715955870566528,-0.061332151990643125,-0.04704182178860764,0.10846484384965834,-0.004558899348764036,-0.1215525816979794,-0.04110771581950306,-0.044219019865044146,-0.10266736268349975,-0.07850976691932317,-0.0382754336563038,-0.0714668153229803,-0.043416250559580136,0.10165342579165303,-0.14028497526000064,-0.07627448676258615,-0.19040820564486774,-0.29690578271683843,0.11003186318627632,0.017337409606938324,-0.15797381731156382,-0.16523927549167297,-0.24773560508784223,-0.3091136093284348,-0.09796999603059717,-0.21517362656507463,-0.3152459465071043,0.10900050864962363,0.005372450196881748,-0.15890789293532193,-0.17974071883473153,-0.25892948061507365,-0.31361184416691384,-0.10729232962975413,-0.2306580056074926,-0.33515885949143903,0.09120991894080474,-0.02590728383969931,-0.18480484425521956,-0.16992324027362868,-0.23774021387521752,-0.3125216295040979,-0.05782070235613365,-0.19389501691349995,-0.08588927699903419,-0.36199852995837967,-0.18547982263651994,0.023967258235826818,0.22650437807871043,-0.11931684798917605,0.06689602566118368,0.18264645544996216,-0.1804120921379168,-0.20111417455756594,0.1555828270458291,0.06780435531657425,0.10641609313913229,-0.17618633333124162,-0.1804120921379168,-0.14367207108791208,-0.06643951090562017,-0.04142131337056221,0.1768591612896451,-0.25992506051497655,-0.16397998181687393,-0.007730789788064985,0.16810387128641424,0.24158473464459523,0.09971566054236282,-0.06899332495560646,-0.16823731962788777,0.707929776889582,0.062231022764761806,-0.008124418781805351,-0.147681768044226,-0.1890233793248702,-0.20999976779877194,-0.20638862103965497,-0.12154900363112796,-0.2247741515433451,0.1268593755744651,0.20250508850022514,-0.046236851090401224,-0.02943856725137603,0.04271597120363407,-0.037932161764182015,0.06553616362694649,0.1714274441676655,0.1880344222167772,1.0
