,fft_low_freq_ratio,fft_mid_freq_ratio,fft_high_freq_ratio,fft_spectral_centroid,synth_r_p2_x_mean,synth_r_p2_y_mean,synth_r_p2_d_mean,synth_r_p4_x_mean,synth_r_p4_y_mean,synth_r_p4_d_mean,synth_r_p8_x_mean,synth_r_p8_y_mean,synth_r_p8_d_mean,synth_r_fft_highfreq_ratio,synth_g_p2_x_mean,synth_g_p2_y_mean,synth_g_p2_d_mean,synth_g_p4_x_mean,synth_g_p4_y_mean,synth_g_p4_d_mean,synth_g_p8_x_mean,synth_g_p8_y_mean,synth_g_p8_d_mean,synth_g_fft_highfreq_ratio,synth_b_p2_x_mean,synth_b_p2_y_mean,synth_b_p2_d_mean,synth_b_p4_x_mean,synth_b_p4_y_mean,synth_b_p4_d_mean,synth_b_p8_x_mean,synth_b_p8_y_mean,synth_b_p8_d_mean,synth_b_fft_highfreq_ratio,LL3_energy,LL3_entropy,LH3_energy,LH3_absmean,LH3_entropy,HL3_energy,HL3_absmean,HL3_entropy,HH3_energy,HH3_absmean,HH3_entropy,LH2_energy,LH2_absmean,LH2_entropy,HL2_energy,HL2_absmean,HL2_entropy,HH2_energy,HH2_absmean,HH2_entropy,LH1_energy,LH1_absmean,LH1_entropy,HL1_energy,HL1_absmean,HL1_entropy,HH1_energy,HH1_absmean,HH1_entropy,detail_energy_ratio,lbp_bin_0,lbp_bin_1,lbp_bin_2,lbp_bin_3,lbp_bin_4,lbp_bin_5,lbp_bin_6,lbp_bin_7,lbp_bin_8,lbp_bin_nonuniform,lbp_entropy,lbp_uniformity,lbp_dominant_bin,lbp_mean_code,lbp_std_code,lbp_nonuniform_ratio,mfr_absmean,mfr_std,mfr_energy,mfr_kurtosis,mfr_entropy,dct_ac_mean_abs,dct_ac_energy,dct_ac_kurtosis,dct_sparsity_ratio,dct_low_freq_ratio,dct_mid_freq_ratio,dct_high_freq_ratio,dct_anisotropy,dct_benford_ssd,dct_block_var_mean,ela_q95_mean,ela_q90_mean,ela_q75_mean,ela_q60_mean,ela_q90_energy,ela_slope_q90_q75,ela_ratio_q90_q75,ela_q90_gini,phase_corr_q90,phase_corr_q75,phase_diff_energy_q90,phase_hf_stability_q90,grid_h_ratio,grid_v_ratio,grid_strength,grid_anisotropy
fft_low_freq_ratio,1.0,-0.9901083303983732,-0.8859685363243723,-0.9645994785115944,-0.28555577799602794,-0.28181907156045005,-0.5029192904184173,-0.46212923045560605,-0.44173188409862046,-0.5563824020542439,-0.4248548863730422,-0.4284166530148195,-0.4865208490626576,-0.10192968605886878,-0.29207260237767785,-0.28450877698388505,-0.48953950906845456,-0.4976770058558803,-0.44785073138062687,-0.5630989537359006,-0.42943455401967645,-0.4349332613964153,-0.49509585470962464,-0.08385008849396591,-0.26456577849065677,-0.2654259628055602,-0.5001903224851519,-0.4562966837452822,-0.4136195820600029,-0.5470193007099574,-0.4252457189708969,-0.4361750502073282,-0.49268996304200824,-0.04526726185076591,0.15034407464239768,0.030471127640635257,-0.2988283183191402,-0.35977641082901884,-0.3080237339869513,-0.3683384092227292,-0.45426456798649123,-0.40508786267387364,-0.5028462449001285,-0.5349810634458838,-0.4073983245023555,-0.5012379924974624,-0.5406255648591258,-0.3584944100080379,-0.5528052814086223,-0.6080002852280714,-0.4424857679533063,-0.6539146052238692,-0.6528350804535833,-0.44518576996338716,-0.6629820947441419,-0.6650230965051578,-0.3928289513545487,-0.6902525935719931,-0.7095754544099544,-0.4502642615726127,-0.7187205524496583,-0.7122093013194039,-0.44664119632778954,-0.4494700057860527,-0.5889125009210864,-0.6161451518472931,-0.24223095733400804,0.13405330928428516,0.32252514282196226,0.5232351850045236,0.31117785508738477,-0.383228481236999,0.15271239162600067,-0.5307345661394107,-0.3936981735150906,0.292550506247333,0.08945689333307577,-0.08489011898654082,-0.5753051670420312,-0.5307345661394107,-0.774097585814683,-0.7965194399285548,-0.7967483017358561,0.5668270666693268,-0.569087297235232,-0.7290964420475217,-0.5700253187200892,0.7274467078844695,0.6020257607188017,0.6965807594176254,-0.7102098975688032,-0.5569493354461899,0.012942754740542219,0.04169069543830787,-0.5707594136538882,-0.5689459878765613,-0.6399424072155586,-0.6902364060856174,-0.7079391875157512,-0.6462935053157364,-0.7198234352257926,0.39394043467829165,0.24927039625455186,-0.5982772447680191,-0.5658112398393476,0.5944744435915388,-0.5882222297761408,-0.002573858894429921,0.029189102091059176,0.024468870885569375,0.0117481769414498
fft_mid_freq_ratio,-0.9901083303983732,1.0,0.8169229862307466,0.9634503773625943,0.24622450655612663,0.24202276700569175,0.4773173288293322,0.42264732816183204,0.4035823188955797,0.5073127628281907,0.39128115332028834,0.3854814048703512,0.44380306945076736,0.1286613344635816,0.25404727251181813,0.24717666779416694,0.46437609059402263,0.46079212469803116,0.41066608866652216,0.5145533801383451,0.3969182357295589,0.39169289892322473,0.45272398118099527,0.11447184011796004,0.22747021786755448,0.22807995235551806,0.47484667221166804,0.41652287763071943,0.3746937606734402,0.49781987695496926,0.39279203469800866,0.3925510611377653,0.4502481362308771,0.08159267792876673,-0.18016282204070552,-0.011785055950683384,0.3273256013314003,0.3967857946964487,0.3470205643852738,0.38475090618772656,0.47789692747423185,0.4354846748711687,0.5264217221054305,0.5605762341440585,0.4321361205340301,0.5234546028636508,0.5689830042457511,0.39193667898416973,0.5659440349860088,0.6261325295331324,0.46812937145789135,0.6569262847315712,0.658150696037674,0.45789478697369673,0.6563019905754977,0.667702351925588,0.42004842751210686,0.6755145293786323,0.7037568769392193,0.47150061947878036,0.6734313303578325,0.6771593532898383,0.45289226622306655,0.48840837810209453,0.536749888274148,0.5707551436570465,0.2710366215692817,-0.05890477785010868,-0.24528249042201086,-0.4771650517044255,-0.3031465130595513,0.3090212321469024,-0.19914904311961035,0.46689663671183695,0.3700139699197582,-0.2742647110661778,-0.07908436350731046,0.010688948764429374,0.5143107430776858,0.46689663671183695,0.7372593643148411,0.7527104961776241,0.7529426767356692,-0.5615854208963552,0.5557109694277423,0.7225857261464316,0.5830668872667218,-0.7361477665369416,-0.584214153778694,-0.6260906505074466,0.6484180261045065,0.4669628472407118,-0.014221346055336514,-0.08914086428521607,0.583834195958549,0.5582063262202362,0.6213723288260968,0.6679717532439171,0.6861147675359849,0.619614631903658,0.6954808708702177,-0.37389834675501044,-0.27842110420968397,0.533117144229205,0.5079599331209532,-0.5285149966287491,0.5205258071314518,-0.006204474051118513,-0.03809538581670376,-0.036321258093934994,-0.010348805587201396
fft_high_freq_ratio,-0.8859685363243723,0.8169229862307466,1.0,0.8314420388605097,0.3911612612903153,0.3899516204879051,0.530355944088986,0.5331217752804438,0.517660303915076,0.6488495162123791,0.48602925150731285,0.5203918675979669,0.5716564354141088,0.011543174890122413,0.3915651753912939,0.38312237978059493,0.5159243939810985,0.5499128814782204,0.5185542966385741,0.6538736249684063,0.48801915950478986,0.5277396254349064,0.5777905714476429,-0.018899334224833555,0.3668968817242204,0.3665685325295963,0.5245698171424543,0.5294255433563858,0.4993841493460373,0.6426030256507564,0.48386968596742147,0.5291268662817166,0.5757539206543879,-0.07380725222949078,-0.02258479764619941,-0.08172781296260118,0.1683670020917505,0.18913916928479232,0.12872536572961343,0.2753225923306481,0.3210017812504453,0.24317681779420444,0.3560538380134595,0.37077963269490816,0.25522315580578897,0.36222047455511863,0.36680884370221095,0.1819621099905275,0.44206301651575414,0.46403822750955687,0.28313290688940157,0.5511343362835841,0.5345614621403655,0.31943122085780523,0.5945548231387058,0.5520384945096236,0.22135129333782333,0.6502699010674753,0.6246510871627718,0.2946593606358347,0.774678312169578,0.7253033983258496,0.33706472576618146,0.25924748581187146,0.6806009571086277,0.6830764939036649,0.10231083051231958,-0.374365528094409,-0.5369486360728959,-0.6016954028084331,-0.28839179107779694,0.5944857962360242,0.029448549703297223,0.6764343256470245,0.43737893658678545,-0.3366469876617469,-0.1425934611956676,0.32942243144687633,0.703419343854836,0.6764343256470245,0.7824364791091197,0.8331784782946196,0.8333258788314697,-0.4779907584976896,0.5145550331387583,0.6460148425037107,0.4551769587942397,-0.5845033596258399,-0.5799954610436717,-0.8333056163888937,0.814110196027549,0.7901070955267738,0.003953244988311247,0.12566165391541348,0.4556984054246014,0.5194793157594384,0.6052175422813422,0.6588281957011701,0.6726894326746167,0.6408946737236685,0.6906329926582482,-0.3997573662391596,-0.10443192514714326,0.7503515853692782,0.7005253644067351,-0.7497371714342929,0.7499564384891096,0.030982837745709438,0.006866901974450759,0.017655808420573033,-0.00519400779850195
fft_spectral_centroid,-0.9645994785115944,0.9634503773625943,0.8314420388605097,1.0,0.27986650296662574,0.2694466468616617,0.4680909375227344,0.4346959356739839,0.4162728170682043,0.5205517511379378,0.3934662443665611,0.38335803133950785,0.46355878988969745,0.048306447094726694,0.27926450331612584,0.26882751270687816,0.4556267369066842,0.4573653903413476,0.4150911707727927,0.5294163333540833,0.39834642208660553,0.3898765859691465,0.47203101100775274,0.03088340872085218,0.2578916489729122,0.2562217841515292,0.466416856104214,0.4364487701121925,0.39431718257929566,0.5216920304230076,0.3946727606681902,0.39244016461004116,0.4699127759044113,-0.003936234235534647,-0.16752223488055873,-0.02678402770605094,0.3597674864418716,0.4156020859005215,0.33540388272674715,0.42787327096831773,0.5067659736914935,0.4222210655552664,0.527841623960406,0.5509459302364825,0.4035411948852987,0.5214627328656832,0.5556364149091038,0.36523394530848635,0.5703911295977824,0.6202385345596336,0.4437961621154641,0.6255404193851049,0.6205429506357376,0.4233665648416412,0.6354622993655749,0.6359682689920673,0.37944597486149373,0.6651236292809073,0.6822151510537877,0.4345642449669844,0.6647071451767863,0.6535154368788593,0.40518173929543483,0.5099547554886888,0.5022606379606847,0.526871320135051,0.20265489512580193,-0.08479347016187418,-0.2211259633918375,-0.45965340817823114,-0.32269073736916,0.3023266320412339,-0.18990849332484916,0.4512791929465644,0.29670144475915033,-0.19960464940116235,-0.01673751346586092,0.02973955894139343,0.4827981231995308,0.4512791929465644,0.6883757500939375,0.711219008304752,0.7113632618408154,-0.49385145346286335,0.49756785139196286,0.7068238542059635,0.6005857441464361,-0.6800890505222627,-0.575329408927685,-0.5399330859357464,0.5464663411165853,0.4500743940185985,0.005466137866534467,-0.011719628929907232,0.6010924022731006,0.5491373291961853,0.6082109182808086,0.6491103510144205,0.6648349252080444,0.6139119244779812,0.6672955458238865,-0.3416844406773735,-0.2527613312851183,0.5571518504968945,0.5273178594749532,-0.553710943927736,0.5472709188177297,0.008017797504449376,-0.03507080980715711,-0.02948955363344699,0.00944113736028434
synth_r_p2_x_mean,-0.28555577799602794,0.24622450655612663,0.3911612612903153,0.27986650296662574,1.0,0.5909737132434283,0.3074197383549346,0.3543037995759499,0.286067836016959,0.3310543772635943,0.20788165147041288,0.22252477813119453,0.31688496272124067,-0.05072600920052455,0.9394787063696766,0.5469818537454635,0.2930104212526053,0.25274127618531905,0.20855164313791077,0.31656182214045553,0.21069410417352605,0.22366139891534972,0.31022912205728054,-0.07047452361863091,0.9164810021202505,0.5747435061514053,0.2904046461011615,0.3584197016049254,0.29842403660600914,0.3660848340212085,0.1977464084366021,0.23012866553216638,0.31004144512662685,-0.10722398609620552,0.20536316434079108,-0.018023164512549816,0.11889242372310593,0.07368127992031998,-0.043997094515772536,0.20323252630813157,0.17233903908475978,0.02646916711729178,0.18080626820156706,0.14317045179261295,0.003599400899850225,0.16276115869028968,0.1067734451933613,-0.0536053004013251,0.23508925977231496,0.18945720236430058,0.02142339986388374,0.2299394299848575,0.1740675375168844,-0.0012436743109185777,0.2390415687603922,0.1489835412458853,-0.09475456768864192,0.3123822255955564,0.22898836224709057,-0.020955432754574763,0.3371355872838968,0.2407826431956608,-0.06468968367242092,0.04590943147735787,0.11858088219847182,0.15461228179185685,-0.14822025557916507,-0.24404833117068775,-0.24482368153373732,-0.1844514619743602,0.03660161277111423,0.324718692765255,0.19382335586479638,0.17712002104374666,0.09395128009351521,-0.09683041220760305,-0.09780306339974655,0.2823752282792934,0.17849420512355127,0.17712002104374666,0.25074724618681155,0.33730924082731023,0.33740666585166645,-0.06021740405435101,0.05079668019917005,0.24862269065567266,0.2402106180526545,-0.1569035312258828,-0.17743819219503093,-0.28754861174498364,0.26871318417829604,0.3308889347222337,0.02366819391704848,0.21521123530280883,0.24039429609857402,0.1914056729949725,0.20838294267387927,0.21542966851898937,0.2188674982989499,0.262019488004872,0.20513439478359868,-0.06236568438819536,0.12800823505006184,0.4217131978364419,0.40306720181910083,-0.4227034176758544,0.42524454431113606,0.029586320896580223,0.03811250907100384,0.060208278074647625,0.04671897567974392
synth_r_p2_y_mean,-0.28181907156045005,0.24202276700569175,0.3899516204879051,0.2694466468616617,0.5909737132434283,1.0,0.29034327658581915,0.33686529021632255,0.30755441138860284,0.33843968610992153,0.22147716286929073,0.22661517865379466,0.30556358689089674,-0.04978098796391486,0.5409551177387795,0.9272359028089757,0.2705003416250854,0.24561269690317422,0.22701613175403293,0.32333781283445323,0.21864694866173717,0.22619382854845713,0.3092827988206997,-0.06787543996885999,0.5653834458458614,0.9111418636271441,0.2743323835830959,0.35592913248228314,0.32233494258373563,0.36417564104391026,0.2081250595312649,0.23100284925071232,0.3087144405443781,-0.10181209799120404,0.21763417690854422,-0.033366940604247754,0.09935654333913584,0.061204551301137826,-0.035777626457823224,0.14600777750194438,0.12331655482913871,0.022919893229973308,0.1544896676224169,0.12166841291710323,-0.009028814257203564,0.16450740062685015,0.11088381972095493,-0.0435987603996901,0.18465267566316892,0.1498273619568405,0.012891324227665304,0.22525613031403258,0.16943455235863808,-0.012297412574353144,0.2508241452060363,0.16248068262017065,-0.07943442635860659,0.26518856429714105,0.1922555460638865,-0.034745934462543066,0.3394372208593052,0.2432736743184186,-0.06503286125821532,0.009834917458729364,0.10837468079694332,0.11801426309401004,-0.16042427920784105,-0.24174117045715973,-0.2505774185177698,-0.14204748913209284,0.06679636967502221,0.2893112732672849,0.21981691917967558,0.16866498871390492,0.10278584056209421,-0.10997259649314912,-0.11799535704541492,0.29371437696188074,0.16897641624410406,0.16866498871390492,0.24685649571412394,0.3311466827866707,0.33127227181806795,-0.06924076431019108,0.04863694965923741,0.22972259143064785,0.20591315447828862,-0.1635815463953866,-0.14223141938824815,-0.30625716242913703,0.2869835892458973,0.3515619833904958,0.017250352312588077,0.2073814988453747,0.20606948001737,0.16376291531355103,0.1880008978207248,0.2023018887271986,0.20707242309575793,0.24722039580509894,0.20139299184824797,-0.08605244607765085,0.1685066979398645,0.42479441685790215,0.39928929262179014,-0.4253952748488187,0.4272454248113562,0.021555918888979723,0.032026236542588654,0.03603908102328491,0.02225974156493539
synth_r_p2_d_mean,-0.5029192904184173,0.4773173288293322,0.530355944088986,0.4680909375227344,0.3074197383549346,0.29034327658581915,1.0,0.3819994074998519,0.3728476382119095,0.5113115223278806,0.3731589977897494,0.41441061310265326,0.5623264270816067,0.04895434675694457,0.2947809526952382,0.29387696096924026,0.9512116943029236,0.388294996073749,0.380161616040404,0.5173768803442201,0.37512356028089006,0.4160846075211519,0.5545776051444012,0.02780504795126199,0.27320308580077146,0.2754285524604238,0.9168946227236556,0.37770719392679847,0.35693955373488845,0.503357255839314,0.37490729622682406,0.4139615804903951,0.5528822021778814,-0.00698565399903312,-0.0009732827433206858,0.09960328968817365,0.33085455471363867,0.34951770487942624,0.18692491605132586,0.36072718818179705,0.4043655860913965,0.2783273075818269,0.5483233685808422,0.5339882114970529,0.3105440111360028,0.4384017376004344,0.44325472631368157,0.2245418016354504,0.45414951553737887,0.47773429593357397,0.2905481077459825,0.6506424456606115,0.607046287761572,0.3349088727272182,0.5479734349933587,0.5292975933243983,0.25486116221529054,0.5486680326670081,0.5462062980515745,0.29457688311515345,0.6991626322906581,0.6527169836792459,0.3177749624437406,0.34037020459255113,0.4599511353915449,0.4214981785585529,0.22266126706202505,-0.09400113925722711,-0.24919675660167284,-0.4321895364772262,-0.1656892852260897,0.21786651720559863,-0.08283919079551363,0.4413058924034611,0.32237984845763945,-0.24650052612513154,-0.09100206557720576,0.10283082559462227,0.46082388420597103,0.4413058924034611,0.5842714535678634,0.6018208654552164,0.6015846993961749,-0.38131263982815994,0.39258077464519364,0.6084424086106022,0.5039264189816047,-0.496387684096921,-0.43655409180121074,-0.5017847426343549,0.47577025694256425,0.539275384318846,-0.10812929103232276,-0.07025820406455102,0.5043035940758985,0.45794292607918874,0.523868952663689,0.5739929991787446,0.5887945144194265,0.545529035882259,0.6133380393345098,-0.3535491624024525,-0.13916695684392683,0.6257820884301903,0.6007406661357221,-0.6231099657774914,0.6157576614394153,0.02968345492086373,-0.006996228256927821,0.012905313981167989,-0.1269276092319023
synth_r_p4_x_mean,-0.46212923045560605,0.42264732816183204,0.5331217752804438,0.4346959356739839,0.3543037995759499,0.33686529021632255,0.3819994074998519,1.0,0.46069298817324705,0.5060374625093657,0.3976664749166187,0.4247317631829408,0.4219546129886532,-0.02520307531021998,0.31759040389760096,0.3005769196442299,0.3683363045840761,0.8755646713911679,0.41208664152166036,0.4933860303465076,0.3956881604220401,0.42423760605940153,0.42385772946443234,-0.04350936187734047,0.31244517911129477,0.2878025070585527,0.3587040371760093,0.84184495996124,0.41164631941157986,0.48409941102485277,0.3808117867029467,0.42195395748848935,0.42602110216503347,-0.0794194128846355,0.01832050508012627,0.029869110728478598,0.2390567652641913,0.21825852656463163,0.07270988945473857,0.33158950389737596,0.3392052848013212,0.1884887991221998,0.361925611981403,0.3463261675815419,0.1906353536588384,0.33278243019560755,0.3066725941681485,0.11159736989934248,0.4074461773615443,0.3989773432443358,0.21222883938679565,0.4425036131259033,0.41445976061494016,0.2274572923643231,0.450313656078414,0.40241770510442626,0.13991965097991274,0.5064383451095863,0.47050095062523767,0.21877245085719205,0.5620896970224243,0.5196708714177178,0.23356342189085547,0.26487130221782557,0.4277335814190638,0.41231697286962765,0.08752007037266599,-0.1745397488921651,-0.29055898031721306,-0.3864251477285557,-0.19801024549634927,0.29696656910450214,0.014909769412769069,0.41739481335759304,0.28016472360636624,-0.21692884973221244,-0.08054880950741877,0.17515666979989372,0.4420296970074242,0.41739481335759304,0.5228290472072618,0.5613910733477684,0.5612017013004253,-0.3113683213420803,0.32288085272021316,0.4986100816525204,0.4276850944212736,-0.3668459447114862,-0.3944272139685672,-0.4356146995670304,0.4118208699552175,0.4610842407710602,-0.007307119826779957,0.0765453236363309,0.4278880444720111,0.43352046520525667,0.47316216446797693,0.4930899058922939,0.4960920319590425,0.5137339539334885,0.49036139509034876,-0.17613607191612005,-0.06266002418850355,0.5436891858761799,0.513093746658257,-0.5430180442545111,0.5424947436236859,0.1015663123915781,0.023560416666609636,0.08136970812294067,-0.030255654063913517
synth_r_p4_y_mean,-0.44173188409862046,0.4035823188955797,0.517660303915076,0.4162728170682043,0.286067836016959,0.30755441138860284,0.3728476382119095,0.46069298817324705,1.0,0.4638652969663242,0.38923801030950256,0.4294907573726893,0.4265384611346153,0.00743905761255405,0.25674276568569143,0.2775163788790947,0.3602796060699015,0.4224630936157734,0.8776288654072163,0.45957593339398334,0.38595367098841776,0.4252854283213571,0.4281292190323048,-0.006137661034415259,0.26313511628377906,0.27782534531052083,0.35675303168825795,0.42404315501078876,0.8361060095265024,0.4528398772099693,0.37796869049217263,0.42359217539804384,0.42894419714690335,-0.04392734674830944,0.009725238931309733,0.019394274355841443,0.23339740334935083,0.21787512946878237,0.06751747165468697,0.3043607815901954,0.3149763472440868,0.17661973415493354,0.347734475933619,0.33849658262414567,0.18676432219108055,0.3382946435736609,0.31140724785181195,0.10933706583426646,0.37439612459903115,0.37608598752149686,0.20810484860425146,0.4343544875886219,0.41166354541588634,0.23236300009075003,0.4449426647356662,0.4037640364410091,0.1375688128922032,0.47350336787584196,0.4489652907413227,0.2060194154093684,0.5538229384557346,0.5174531103632776,0.24273118868279717,0.25959468189867047,0.4440491590046204,0.4097167771832883,0.09541362998349194,-0.17261408858796118,-0.31388557359726516,-0.4027419523435761,-0.18890477764494729,0.3101868137311502,0.007495116969641066,0.4375922205203269,0.28403566207845565,-0.21684676821169205,-0.06958896876463312,0.18336340667236106,0.45502690775672694,0.4375922205203269,0.5136846324211581,0.5463599910899978,0.5461810980452745,-0.29147464736866185,0.3237481169370292,0.48521495980373996,0.40905533426383356,-0.3511575907893977,-0.3928501382568783,-0.4411307326981072,0.41755764388941097,0.4684667116166779,-0.030035311508827878,0.08526794431698607,0.40933164333291083,0.42807807684057775,0.46712640220677293,0.48503409087229826,0.4873331697660424,0.5054598498649625,0.4806099976524994,-0.16736127221583902,-0.06311860430332056,0.5325425518353414,0.5025292417592073,-0.5323817650954413,0.5306049006512251,0.08257007664251916,0.0489321317880816,0.08438354037752892,-0.05051604512901128
synth_r_p4_d_mean,-0.5563824020542439,0.5073127628281907,0.6488495162123791,0.5205517511379378,0.3310543772635943,0.33843968610992153,0.5113115223278806,0.5060374625093657,0.4638652969663242,1.0,0.44877952619488154,0.49371601692900424,0.5924705171176293,-0.09051706591321038,0.33274713818678453,0.3372254868063717,0.50632808008202,0.5131421812855453,0.46204684051171013,0.9527058626764656,0.456321072080268,0.49694013723503433,0.601484011871003,-0.10906124126531032,0.31906176326544083,0.3327045038008901,0.5074680578670144,0.502260940065235,0.45797525299381325,0.9221712580428145,0.45110549127637284,0.5000663870165968,0.600323266805938,-0.15396856079987842,0.056679281169820295,0.03814525705061873,0.315646455911614,0.3001460055365014,0.10403270979718972,0.40502873625718405,0.4138081019520255,0.2156796404199101,0.5242051685512922,0.49425735356433836,0.2526671191667798,0.44271531567882894,0.41326814831703707,0.14862026965506742,0.5043144165786041,0.4951976107994027,0.24957600098759125,0.6358159829539958,0.5858611854652964,0.30488566622141655,0.5793417818354455,0.5268832962208241,0.18894556423639106,0.6204841626210407,0.5853077483269371,0.2615598093361222,0.7575066408766602,0.6970438217609555,0.31780911895227976,0.3262825715706429,0.5372387092589044,0.48945363581323176,0.12790303171136552,-0.25368571894550196,-0.3684470340407253,-0.5316047459384856,-0.24349036922301728,0.35247199692659964,0.010202071861582711,0.5404930844179532,0.29864045774608494,-0.20858972814743204,-0.04689426926439315,0.24623499143252467,0.5566950011737503,0.5404930844179532,0.6466384931596233,0.688240756060189,0.6880769980192495,-0.3677110264277566,0.3923523215880804,0.6396548859137214,0.540740328185082,-0.4639882984970746,-0.4800435062827369,-0.5671002069877144,0.5294340093585024,0.6313252938313234,-0.06415977253994314,0.05265211316302829,0.5410316027579007,0.5134902755076866,0.5829394197034572,0.6272486607826017,0.6373724510821275,0.6285264491316123,0.6497592379398095,-0.3264130890980821,-0.07038340987224624,0.7154384128778927,0.6795802366547443,-0.7146747661686915,0.7116658389164597,0.02695223023805756,-0.020612568676331308,0.016607141658013094,-0.11927921381980346
synth_r_p8_x_mean,-0.4248548863730422,0.39128115332028834,0.48602925150731285,0.3934662443665611,0.20788165147041288,0.22147716286929073,0.3731589977897494,0.3976664749166187,0.38923801030950256,0.44877952619488154,1.0,0.44618389404597353,0.41986775096693774,-8.935277237170038e-05,0.2022690100672525,0.22642822610705654,0.36399508899877225,0.4337944054486014,0.39748465387116344,0.4513115388278847,0.9723160875790219,0.4500756780189195,0.4203973275993319,-0.01416018204004551,0.18711875127968783,0.21096113206939343,0.34921726380431595,0.3831226347806587,0.3694703588675897,0.4355616218904055,0.9555617028904257,0.4517237209309302,0.422771047601301,-0.03736208810453281,-0.005398826849706713,0.06852014840573216,0.3384172356043089,0.3244286611071653,0.13591216752900895,0.3267471516867879,0.3285936236484059,0.1563507015876754,0.4046604936651234,0.38499374124843533,0.20714068128517032,0.42188083847020963,0.3921263375315844,0.15956868539217134,0.3999965739991435,0.38768769842192463,0.1836685247360069,0.4755886023971506,0.4466147631536908,0.24614705253676314,0.5212756453189114,0.465603927900982,0.17054367213591803,0.49172067293016825,0.4575576723894181,0.19637792074176363,0.5647147396786849,0.5226894736723684,0.24533164183291045,0.3233028148257037,0.42988429745194523,0.4175971927787281,0.15340767335926575,-0.11424881071316119,-0.24927355362481754,-0.38934438873313953,-0.1900208421121583,0.2659866860758348,-0.028224656550024423,0.40184236686215274,0.3212675531783143,-0.26224476106119027,-0.13175127149305976,0.11962261593739905,0.4333212888303222,0.40184236686215274,0.5234757123689281,0.5636592494148124,0.5634896473724118,-0.30099726024931506,0.32382344545586134,0.5218575794643948,0.4651859647964912,-0.3777956294489074,-0.3823315224275535,-0.4167205643364113,0.40061349865337464,0.4284339576084894,-0.0713163868290967,-0.0623735315933829,0.46526168781542193,0.4000607608152358,0.4503195849987661,0.4874712809834237,0.49820312723760796,0.47301252425313106,0.512285264071316,-0.27968130188008644,-0.11271787022173675,0.5432487085158954,0.5296570125614959,-0.542102900025725,0.5405377021344255,0.03577212144303036,0.04471755747969662,0.03760694141583796,-0.08554226738556685
synth_r_p8_y_mean,-0.4284166530148195,0.3854814048703512,0.5203918675979669,0.38335803133950785,0.22252477813119453,0.22661517865379466,0.41441061310265326,0.4247317631829408,0.4294907573726893,0.49371601692900424,0.44618389404597353,1.0,0.45840967110241776,0.0003723623432302217,0.22634767008691753,0.2473727688431922,0.4019743964935991,0.4307416331854083,0.44486320221580056,0.49539950634987656,0.4409010712252678,0.9740018195004548,0.45747821736955435,-0.016378568594642148,0.20160298290074571,0.21460670523215383,0.39506946576736646,0.39531449382862344,0.4000350790087698,0.48313760628440156,0.4368588807147202,0.9547175896793975,0.45859485382068654,-0.046348891104603614,0.045932583983145994,0.05830972984929861,0.24390669847667462,0.22277109169277293,0.048586269164787144,0.36036030159007537,0.35246246811561704,0.14911309027827258,0.3767942201985551,0.35377510644377663,0.1688465672116418,0.34521150230287556,0.3143093735773434,0.09291867372966843,0.44199121899780475,0.41753036338259086,0.18575243025776472,0.4746789496697374,0.435893463973366,0.2138807139701785,0.4714823708705927,0.41793844148461035,0.13374663943665985,0.5439435684858921,0.4945136616284154,0.19581409685038478,0.5944079791019947,0.5405308516327129,0.23021589655397415,0.26179999444999863,0.4580659899862038,0.43729516876593005,0.10580856855543601,-0.19499783368597304,-0.3069588550097253,-0.4023634767133332,-0.23145936999159547,0.31424438626500856,0.014390314741608753,0.4401087855381938,0.30536161293393504,-0.24275314418828606,-0.12541470307912161,0.18104305457226,0.46625767006441754,0.4401087855381938,0.5449462452365613,0.5928743502185876,0.5926445051611263,-0.301356895839224,0.3217792284448071,0.5171844482961121,0.45103829575957394,-0.35818023104505775,-0.36105636819925213,-0.4805266360618565,0.46090629422657353,0.4919400929850232,-0.032473253118313276,-0.005742347935586984,0.4512424248106062,0.3805777794298782,0.43989526113877603,0.4871981391649334,0.5008353751466571,0.4737034094258524,0.5266519226629807,-0.31999174648793044,-0.05997430426606643,0.5874832328411145,0.5706541070915173,-0.5861879890469973,0.5846256861564215,0.10547031236757809,0.045802011252030074,0.09337458162866087,-0.0411812967953242
synth_r_p8_d_mean,-0.4865208490626576,0.44380306945076736,0.5716564354141088,0.46355878988969745,0.31688496272124067,0.30556358689089674,0.5623264270816067,0.4219546129886532,0.4265384611346153,0.5924705171176293,0.41986775096693774,0.45840967110241776,1.0,-0.1486758829747242,0.32380302745075684,0.3048692832173208,0.5563150210787553,0.43853750563437643,0.4443777540944385,0.5981480395370099,0.4270813547703387,0.4656462174115544,0.9767938241984561,-0.16526457981614495,0.31263075765768944,0.28901169261130255,0.5560950340237585,0.43473002018250506,0.43018383854595965,0.5827355731838932,0.4184243486060871,0.4644182676045669,0.960685367781599,-0.20589941155206518,0.05936689184172296,0.05029287959207973,0.3651925047981262,0.3275943128985782,0.07644631989024735,0.4296726684181671,0.4158193024548256,0.16977917294479325,0.5501462950365738,0.48962734890683723,0.20166328591582147,0.46397708899427226,0.40367893991973497,0.10525245231311307,0.5018425029606257,0.46356287289071824,0.17811816334633515,0.6378119809529952,0.5487871866967967,0.21699544224886055,0.5729693767423442,0.48401907550476886,0.1262428335607084,0.6012780498195125,0.5302947290736822,0.17653817176694658,0.7308084972021243,0.631683672420918,0.21529297782324447,0.3542237175559294,0.45375030641359665,0.41137001643757876,0.06230657589483212,-0.2328214759820722,-0.303769335798484,-0.4565278811026591,-0.22572966480954323,0.30857816567481533,0.03484724498216733,0.46927462793742153,0.26338693889304504,-0.19747128736782185,-0.07882492041871064,0.2303632510776958,0.47527280431820107,0.46927462793742153,0.559647211911803,0.6309632027408006,0.6307736176934045,-0.27083736470934117,0.29317451829362956,0.5995790308947577,0.5583911295977824,-0.41109776177444046,-0.4009724636346891,-0.49266598535124606,0.45737868784467195,0.5637953714488428,-0.0548096072024018,0.033806097951524484,0.5584951066237767,0.4517445930249567,0.5112080217437085,0.5544129595190496,0.5687074738901338,0.562853152213288,0.5810912382728096,-0.3144102150883614,-0.020681393178103816,0.7235463266579115,0.7078292119881749,-0.7224843426210856,0.7182855490713873,0.040438216109554025,-0.028828678239601824,0.01165338891771725,-0.0716152124038031
synth_r_fft_highfreq_ratio,-0.10192968605886878,0.1286613344635816,0.011543174890122413,0.048306447094726694,-0.05072600920052455,-0.04978098796391486,0.04895434675694457,-0.02520307531021998,0.00743905761255405,-0.09051706591321038,-8.935277237170038e-05,0.0003723623432302217,-0.1486758829747242,1.0,-0.03928572758616405,-0.058137573306194915,0.038758178954079056,0.00994479923992911,0.009495349627398163,-0.0935928646833135,-0.004328494833746894,-0.0033940635997886737,-0.1525942019557733,0.9743202579454345,-0.059572930415572455,-0.05899820004379866,0.0341228245435022,-0.04909169054133202,-0.04436941035899112,-0.10748516541159829,-0.002048432762876353,-0.013991371253089578,-0.1530430696255497,0.9419652606977891,-0.16114611059695744,0.11047045195046583,-0.030231333069170016,0.05188029323952842,0.18483958784852667,-0.02567043642723552,0.06167958869302702,0.22625662989900372,-0.03676382570474286,0.04261074691866576,0.1999839748209877,0.027688576682527388,0.10526456485561543,0.2090074595802427,0.010526884885668802,0.09594361727188318,0.2281091274483637,0.009024117009413296,0.08233216236391515,0.19490685754980447,0.050459353383760605,0.1247001529718008,0.20971662000779873,0.021397893857497675,0.10726845435733925,0.22108849427084812,-0.04345368637971673,0.04518825906401036,0.18260673822016207,0.060794727971480014,0.10531131524025368,0.1353343045470297,0.3534375307092564,0.2956459843300256,0.015572016198855907,0.023555347739817403,0.11133259908686978,-0.07593384809031893,-0.1974281530016126,0.00851255960058697,0.3460394797789292,-0.3416653950444733,-0.24924621121104948,-0.24265102409661524,0.06633664660903789,0.00851255960058697,0.15478379300399217,0.08777202172591994,0.0876970832071572,-0.24212747312266608,0.23515991062816263,0.08742535738912385,-0.013343928340986059,-0.2024751596947181,-0.13421834659275297,-0.0762597101221223,0.12185580275964662,-0.08768746895475003,-0.07100561752803149,-0.22179767478259282,-0.01284918246711406,0.07022176538444083,0.07795869529814285,0.08726109316344202,0.0900172095718153,0.03252854089433343,0.10228068835852734,-0.05248382443000041,-0.20602511691079806,-0.1521073986409302,-0.1691201839703062,0.1557460042449058,-0.16387143352931016,-0.050395419617753186,-0.05617196612724948,-0.06960415745324249,-0.05946386163826436
synth_g_p2_x_mean,-0.29207260237767785,0.25404727251181813,0.3915651753912939,0.27926450331612584,0.9394787063696766,0.5409551177387795,0.2947809526952382,0.31759040389760096,0.25674276568569143,0.33274713818678453,0.2022690100672525,0.22634767008691753,0.32380302745075684,-0.03928572758616405,1.0,0.5226642856660714,0.2928636612159153,0.2582262540565635,0.21770231142557786,0.3213102623275656,0.20946522886630722,0.23349118937279734,0.31652182613045654,-0.04913466928366732,0.9461287915321979,0.5437230686346634,0.29100391575097895,0.35574229093557275,0.3018939484734871,0.3637606674401669,0.19695678573919642,0.23861734465433615,0.3171898656664126,-0.08292581451255081,0.21161809390452346,-0.033547004399331226,0.12039907659976914,0.0767842211960553,-0.041060111780425484,0.2011396507849127,0.16671473667868417,0.01393051548262887,0.1888528552132138,0.14938395584598896,0.002302332575583144,0.1674281143570286,0.11226600256650064,-0.049954176488544125,0.2397873464468366,0.1887010971752743,0.01177239744751401,0.24623552855888214,0.18561463190365798,-0.010029119507279877,0.2518484204621051,0.16031223407805853,-0.0893589688397422,0.32066883816720954,0.23292767523191882,-0.02460869867063119,0.3464395196098799,0.2476485259121315,-0.060359445089861276,0.04858343714585928,0.12967930727849075,0.16209392970535888,-0.13572201277862828,-0.2555883354900822,-0.2516538045921657,-0.19385876096164698,0.03872642338657081,0.32859045795597747,0.19009342763578502,0.18319165914635527,0.08786533906518328,-0.08821276005319001,-0.09249442058684501,0.28620497376976134,0.18593272348318088,0.18319165914635527,0.25851935712983926,0.34828478257119566,0.34840897960224493,-0.06476932169233042,0.05046206911551728,0.25471885117971277,0.24520787980196995,-0.1651391347847837,-0.16771189759765817,-0.3061312163976033,0.2911855687963922,0.334486252121563,0.019748683937170983,0.20136377334094333,0.24540561885140472,0.1721170121583408,0.19674274775946546,0.21387232687848595,0.22126946990034352,0.24694609073652268,0.21799866649966662,-0.11242552319069994,0.11852175717488496,0.4318473473737796,0.41800869806568103,-0.43228315057078764,0.43468248067062015,0.04176094044023511,0.04091968252595527,0.06550204790007524,0.0379226419806605
synth_g_p2_y_mean,-0.28450877698388505,0.24717666779416694,0.38312237978059493,0.26882751270687816,0.5469818537454635,0.9272359028089757,0.29387696096924026,0.3005769196442299,0.2775163788790947,0.3372254868063717,0.22642822610705654,0.2473727688431922,0.3048692832173208,-0.058137573306194915,0.5226642856660714,1.0,0.2912376023094006,0.23998103849525962,0.2352067968016992,0.32989491897372974,0.22733756083439022,0.24508659277164818,0.3094967723741931,-0.07645629411407352,0.5411533862883465,0.9414525032161705,0.2896591144147786,0.33799174699793677,0.32883263820815956,0.3748956952239238,0.21678006019501506,0.2512525543131386,0.3135952730164165,-0.10696420703116334,0.2359789339947335,-0.03329834483707309,0.11723393780848446,0.07726556531639132,-0.036114508542170076,0.1650730372682593,0.14006379951594988,0.022050814012703503,0.18058643564660892,0.1420344100086025,-0.014295149073787268,0.18213548153387038,0.12741153935288485,-0.040024691506172876,0.2071359232839808,0.16978901294725324,0.013499617129966638,0.25297803774450944,0.1929982712495678,-0.007089475772368943,0.2693561788390447,0.18173877943469485,-0.06813505703376425,0.2847727056931764,0.21195468648867163,-0.024880308988737478,0.3549170477292619,0.2593669863417466,-0.047876801969200494,0.021596646899161725,0.11718756077932917,0.12320126846058135,-0.15063003098677524,-0.24545382725765807,-0.23887412474068964,-0.14082046170984203,0.05806546706432525,0.27784227501844916,0.19500933425557626,0.1690239290734266,0.08094977407851202,-0.08414105253526313,-0.09539033432579956,0.2774046372437743,0.1670679972669993,0.1690239290734266,0.2594025483506371,0.34329072332268085,0.34340712935178236,-0.07250187312546828,0.05505576626394157,0.24680820620205154,0.22865138416284603,-0.1713222383305596,-0.13941493681372288,-0.31388293258843925,0.29640032010008005,0.3502683935670984,0.009154706288676573,0.19096862224215555,0.2287957051989263,0.15171178179172928,0.18552500845082398,0.210352175495808,0.21841493168563852,0.240253380063345,0.22400042900010725,-0.14338621120409245,0.15564185996883068,0.4383880480114075,0.41973668349897336,-0.4384613716153429,0.44005922751480686,0.021899727974931994,0.02058045291826624,0.02975487819987763,0.014029959507489876
synth_g_p2_d_mean,-0.48953950906845456,0.46437609059402263,0.5159243939810985,0.4556267369066842,0.2930104212526053,0.2705003416250854,0.9512116943029236,0.3683363045840761,0.3602796060699015,0.50632808008202,0.36399508899877225,0.4019743964935991,0.5563150210787553,0.038758178954079056,0.2928636612159153,0.2912376023094006,1.0,0.39294759073689767,0.3840907740226935,0.5142957250739313,0.36936574734143685,0.40468060867015215,0.5542331345582836,0.01952800988200247,0.27523161430790355,0.27431082568057297,0.9514427468606867,0.3781604460401115,0.36776040494010126,0.5024792666198167,0.36692092373023094,0.40316692229173057,0.5527908266550032,-0.012575856898680172,0.00783722295930574,0.090037959043254,0.3353557258389315,0.34708368277092067,0.1730129705681225,0.36523262230815556,0.40143299985825,0.26630472507618125,0.5459799674949919,0.524320364080091,0.28958799339699837,0.4408049152012288,0.4388787332196833,0.21149081137270284,0.4550422587605647,0.47050208912552227,0.2757739777969097,0.644263856065964,0.5946383971595993,0.3150528202632051,0.545637299909325,0.5227652416913104,0.24463949665987417,0.5455312453828114,0.5375585213896303,0.28403597772202144,0.6904332001083,0.6399772404943102,0.30563865290966324,0.3384085821021455,0.45282736197035256,0.4097363911922372,0.20779622912898393,-0.10091221964346715,-0.24427541411850323,-0.4216294713432437,-0.17729479868408368,0.2082797881502504,-0.07977575328611096,0.4352333423005742,0.30090809456554524,-0.22469701117425278,-0.07380239220351724,0.105492520033003,0.45112775878193967,0.4352333423005742,0.5704674571168643,0.5910058972514743,0.5907815631953908,-0.36158675739668933,0.3766604231651058,0.5987268476817119,0.5056011784002946,-0.4860185910046477,-0.4225625414551844,-0.4905196273138517,0.4647890556972639,0.5272645408161352,-0.0996069624017406,-0.06050078112519528,0.5059500034875009,0.448709942264018,0.5140075324446359,0.5643655347646579,0.5796868053890839,0.5385874856468714,0.6037423149355787,-0.3495609164023998,-0.12510424857297622,0.6231761430277268,0.6016825343718954,-0.6206485641621411,0.6137709664427417,0.029943443985860997,-0.016933604002451304,0.0070919770256537475,-0.12349295187323797
synth_g_p4_x_mean,-0.4976770058558803,0.46079212469803116,0.5499128814782204,0.4573653903413476,0.25274127618531905,0.24561269690317422,0.388294996073749,0.8755646713911679,0.4224630936157734,0.5131421812855453,0.4337944054486014,0.4307416331854083,0.43853750563437643,0.00994479923992911,0.2582262540565635,0.23998103849525962,0.39294759073689767,1.0,0.4322363850590963,0.5097469469367367,0.4408174132043533,0.43843907860976966,0.44643663510915876,-0.00256486264121566,0.24371704142926034,0.22281336628689657,0.38095409773852446,0.8637633734408433,0.4090833872708468,0.49534830983707745,0.42869790667447666,0.43871788217947055,0.4492747259871595,-0.03005584052523107,-0.005563366390841598,0.047249318080048015,0.2730903022725756,0.2688719052179763,0.1240307890542088,0.3472622323155581,0.363779667944917,0.2068354312088578,0.40715722778930696,0.39825115256278815,0.23585681146420287,0.3831672072918018,0.36975031143757786,0.1707924651981163,0.43358348289587073,0.436575448143862,0.2435700437338497,0.49973355793338947,0.4777751889437972,0.27957918539479637,0.5089629372407343,0.47431652257913065,0.2059042939760735,0.5362955900738975,0.5156122394030599,0.2619014269217828,0.6031928782982195,0.5742062455515614,0.3013260003315001,0.30923847980961994,0.4807278981195858,0.4548229685129891,0.15847466881902478,-0.1456202003146382,-0.29113622324117966,-0.42290667153276024,-0.22246819621364175,0.2917020764656751,-0.02613840111260325,0.4520814434413511,0.31744185021758464,-0.2462916540729135,-0.0981532857693475,0.14541659110836588,0.4833151553287888,0.4520814434413511,0.581505107876277,0.6083414570853642,0.6082226375556594,-0.3677704804426201,0.38219989304997326,0.5551321252830314,0.465915543978886,-0.42279728019932006,-0.4296199017712266,-0.474150633965465,0.455200307800077,0.47577883994471,-0.041234590308647574,0.011649491912372979,0.46617309104327276,0.4417079757582749,0.49581621188998404,0.5312136919518332,0.5399756574464052,0.5211799527949882,0.5526496861624215,-0.2799286954421204,-0.11696577153530505,0.5541235274886782,0.5269919783932386,-0.552262500065625,0.5502797455699364,0.07576510594127649,0.01955802641150938,0.05548393764179089,-0.0722407995601999
synth_g_p4_y_mean,-0.44785073138062687,0.41066608866652216,0.5185542966385741,0.4150911707727927,0.20855164313791077,0.22701613175403293,0.380161616040404,0.41208664152166036,0.8776288654072163,0.46204684051171013,0.39748465387116344,0.44486320221580056,0.4443777540944385,0.009495349627398163,0.21770231142557786,0.2352067968016992,0.3840907740226935,0.4322363850590963,1.0,0.47088371022092756,0.4037734309433577,0.44613832403458104,0.45256675864168966,-0.004113512528378132,0.20857585464396367,0.22336306692452787,0.3796708909177227,0.41333863183465797,0.8783923130980783,0.45603491100872773,0.39208409902102476,0.4450462427615607,0.45712729245324585,-0.03979845921453923,0.00831716007929002,0.017400354606613783,0.2558116089529022,0.2389979472494868,0.07029388609983173,0.3264936171234043,0.33299927024981757,0.1679220779805195,0.380364908091227,0.36560126540031634,0.18794925048731262,0.3611025047756262,0.3329175832293958,0.11565508091377023,0.4099498699874675,0.4026952291738073,0.20498025632193168,0.47323781980945495,0.4450764827691207,0.242087180021795,0.47299802974950744,0.43067684816921203,0.15735391383847847,0.5096310314077579,0.4801760460440115,0.21639626126136252,0.5825200066300017,0.5482173830543458,0.2682722845680711,0.29025047456261865,0.47763426138386667,0.4381286816462203,0.11875094286540112,-0.1788681019497936,-0.3222187713586826,-0.4188692063933675,-0.23165713461868398,0.3043499965554454,-0.00532605175493407,0.45551859999011346,0.2898631612918864,-0.21565293741323435,-0.06237654255158954,0.17575797945540744,0.47877043619260906,0.45551859999011346,0.5447908886977222,0.5776221289055322,0.5774187618546904,-0.312059664014916,0.3429271787317947,0.5154499603624901,0.43975724443931113,-0.3669259232314808,-0.3939521503294924,-0.46448579479563085,0.44312007728001934,0.47815513303878326,-0.05229399557349889,0.04937819584454896,0.4400899565224891,0.4168495255250185,0.46875334536411883,0.5003960537243105,0.5078020833909467,0.5014902968725742,0.5165474416368604,-0.24937764178144367,-0.07382702973444256,0.5549197216880253,0.5316595595636345,-0.5538644419661105,0.5517131354282838,0.06721181430295357,0.05437800465567642,0.07666175069418583,-0.058115848028962004
synth_g_p4_d_mean,-0.5630989537359006,0.5145533801383451,0.6538736249684063,0.5294163333540833,0.31656182214045553,0.32333781283445323,0.5173768803442201,0.4933860303465076,0.45957593339398334,0.9527058626764656,0.4513115388278847,0.49539950634987656,0.5981480395370099,-0.0935928646833135,0.3213102623275656,0.32989491897372974,0.5142957250739313,0.5097469469367367,0.47088371022092756,1.0,0.4629337067334267,0.49999325749831436,0.60851300012825,-0.11344828636207159,0.30870995617748903,0.3231112618989822,0.517109503777376,0.4951376887844222,0.46228611457152863,0.9439958914989729,0.4577814409453602,0.5037890294472573,0.6069817174730475,-0.15752715194086067,0.049929070982267745,0.037740985949399355,0.3185647351411838,0.30269267767316943,0.10122964634537271,0.410050088012522,0.4173752588438147,0.21173702293425573,0.5268669552167388,0.4948084027021007,0.25083381870845467,0.4434547708636927,0.41255794013948505,0.1456658164164541,0.5099356859839215,0.4979194019798505,0.24538335443785736,0.6373418028354507,0.5857814304453576,0.29996345249086315,0.5795754233938558,0.5250490402622601,0.18647278661819666,0.6245893426473357,0.5879744669936168,0.25763564560213814,0.7603555435888859,0.6983453765863441,0.3122319975579994,0.33492818073204517,0.5426846561243205,0.4893116172484358,0.12097574566496419,-0.2571808734051659,-0.3666798137581293,-0.5349463675884212,-0.25386732414150875,0.3573180606056892,0.009389148843724575,0.5469697301441397,0.2951327278652063,-0.20488449622112406,-0.04204948810990036,0.2475858362818869,0.5598461899615474,0.5469697301441397,0.6452936138234034,0.6877612404403101,0.6875675348918837,-0.3623089700772425,0.38669348017337,0.6416695889173972,0.5453447263361816,-0.4660628815157204,-0.4792090755384573,-0.5651856650083609,0.5275244893811224,0.6307653196913299,-0.05997738449434612,0.054120202530050635,0.5456332529083132,0.5104077814847512,0.5812092360202624,0.6259775004638582,0.636328431320731,0.6276003024000756,0.6493757988439497,-0.32978887744456103,-0.06821009307810205,0.7168810524890935,0.6798019224603321,-0.715946215986554,0.7128410097102524,0.019823955455988865,-0.021013581777035724,0.004383678347563466,-0.11859918564979641
synth_g_p8_x_mean,-0.42943455401967645,0.3969182357295589,0.48801915950478986,0.39834642208660553,0.21069410417352605,0.21864694866173717,0.37512356028089006,0.3956881604220401,0.38595367098841776,0.456321072080268,0.9723160875790219,0.4409010712252678,0.4270813547703387,-0.004328494833746894,0.20946522886630722,0.22733756083439022,0.36936574734143685,0.4408174132043533,0.4037734309433577,0.4629337067334267,1.0,0.44729329582332394,0.43002415900603974,-0.020535854133963534,0.1933451028362757,0.21218462837572633,0.35357518939379734,0.3903892500973125,0.3788075177018794,0.44741014585253647,0.9785531461382866,0.4492625473156368,0.4314074437636387,-0.043213880569675345,0.006529518132379533,0.0656350941833867,0.34906249526562383,0.3310416467604117,0.13036486089010205,0.3352722928180732,0.33451593862898465,0.15422710155677538,0.41619595554898886,0.3919076974769244,0.20414770503692625,0.4371672987918247,0.4011079527769882,0.15372140643035162,0.40994285298571326,0.3947232956808239,0.18065417573128925,0.48658169864542467,0.4525891191472798,0.243988563997141,0.5345966146491536,0.472587712146928,0.16541432785358196,0.5018566149641538,0.46393662948415737,0.19384721610718944,0.5722700135675034,0.527003735750934,0.24470435217608805,0.32673698468424617,0.43202000072761676,0.41993456884515595,0.14811060326511438,-0.11794429625648839,-0.25125139122088835,-0.3929107404604103,-0.19082551012925816,0.2710363493569787,-0.02523935256636675,0.40367918417261167,0.32252094074307125,-0.2651804492951123,-0.1383170234852641,0.1234551799285959,0.43588157497039376,0.40367918417261167,0.5282625915656479,0.5712757938189484,0.5711038397759599,-0.2999651699912925,0.3219109899777475,0.5298350089587522,0.47891253872813466,-0.3811167787791947,-0.3842040547257374,-0.41910304568292506,0.40393963548490885,0.42824573456143367,-0.06889534872383718,-0.06891771222942805,0.4789708557427139,0.4034197401574998,0.45444119153071333,0.4921616434095321,0.503153541727068,0.4763953430988358,0.5164346011086502,-0.28450845759049576,-0.10813940407540329,0.550776698900716,0.53869483582773,-0.5495525888881472,0.5479300144825037,0.03549735587433897,0.04357503944278178,0.03825245982745963,-0.08146127336531835
synth_g_p8_y_mean,-0.4349332613964153,0.39169289892322473,0.5277396254349064,0.3898765859691465,0.22366139891534972,0.22619382854845713,0.4160846075211519,0.42423760605940153,0.4252854283213571,0.49694013723503433,0.4500756780189195,0.9740018195004548,0.4656462174115544,-0.0033940635997886737,0.23349118937279734,0.24508659277164818,0.40468060867015215,0.43843907860976966,0.44613832403458104,0.49999325749831436,0.44729329582332394,1.0,0.465350367837592,-0.01963790740947685,0.2061429095357274,0.21491284330880314,0.3998249904562476,0.4020863745215936,0.40350353737588435,0.484710484177621,0.4424329976082494,0.977808155952039,0.46562583933106955,-0.05033608335289687,0.050677338669334666,0.05396958376263453,0.24599639099909776,0.22439367659841916,0.04659171866540156,0.36448834762208693,0.355672135918034,0.15039071859767966,0.38127439731859936,0.3579648024912006,0.1688556347139087,0.3481910250477563,0.31602327100581773,0.0911535047883762,0.4456305169076292,0.41926046531511635,0.18453322470250613,0.48009754652438663,0.44040491910122975,0.21282041020510256,0.4746353356588339,0.41942417985604497,0.13168265092066272,0.5495825378956345,0.4988178677044669,0.19529595847046158,0.6003569250892312,0.5456246744061686,0.23046999061749765,0.26319736329934085,0.4638773542771117,0.44278863852232575,0.10019548577669372,-0.20295984676110887,-0.31155069914359235,-0.40738863744261666,-0.23580614028493907,0.3207501047760002,0.02038713521756112,0.44584030678702424,0.30512853012540214,-0.24158999139749784,-0.12530546104181547,0.18734440995194804,0.47283924570981145,0.44584030678702424,0.5491186057796514,0.5963885120971281,0.5961593750398437,-0.30073359618339907,0.3225973901493475,0.5228042087010522,0.45585205046301264,-0.3643957555989389,-0.363524982671939,-0.483826711888113,0.4634240268560067,0.4976458949114737,-0.02786666796666699,0.0011920652980163245,0.45605251501312877,0.38600727079132313,0.4467622793581057,0.49489815559571254,0.5087133283690995,0.4808881007220252,0.5341601910400477,-0.3271397695302972,-0.05438100761564478,0.5940919029957602,0.5760211654373072,-0.5928627372156843,0.5913193883298471,0.10602424450606113,0.04147888266638441,0.0912140373377146,-0.037624251406062854
synth_g_p8_d_mean,-0.49509585470962464,0.45272398118099527,0.5777905714476429,0.47203101100775274,0.31022912205728054,0.3092827988206997,0.5545776051444012,0.42385772946443234,0.4281292190323048,0.601484011871003,0.4203973275993319,0.45747821736955435,0.9767938241984561,-0.1525942019557733,0.31652182613045654,0.3094967723741931,0.5542331345582836,0.44643663510915876,0.45256675864168966,0.60851300012825,0.43002415900603974,0.465350367837592,1.0,-0.17153583388395846,0.30805127901281976,0.2954822082313579,0.552248736062184,0.438557472139368,0.4363932550983138,0.5944916011229002,0.42086002071500517,0.4653814103453526,0.9802202926726558,-0.21219061787722596,0.056675564168891045,0.04164845767773259,0.3683249150812288,0.3286190651547663,0.07458011242299564,0.4253251603312901,0.4110031312507828,0.16655754863938715,0.5554514933628734,0.49259710214927555,0.20063205815801455,0.46780600195150046,0.40642761260690313,0.1043287415821854,0.49989414647353664,0.4610838312709578,0.17680051576642913,0.6431092292773073,0.5529399422349855,0.22024593256148314,0.5766868846717211,0.4884531786132947,0.12946804136701034,0.5998610429652608,0.5295795003948751,0.1781264059151963,0.7368153897038474,0.6375608613902154,0.2203235380808845,0.3550771097692774,0.4589752716728864,0.41430608927716206,0.06437606035366984,-0.23550177385143164,-0.3105034588279803,-0.46424319375769113,-0.22898224139973053,0.3114687526237221,0.0358694743189919,0.4731908756323666,0.26340489164755343,-0.19378839494709874,-0.06637071616559985,0.23344307662421568,0.4794766738691685,0.4731908756323666,0.5633344348336087,0.6335073248768313,0.6333090803272701,-0.2752091563022891,0.2976494979123745,0.6020570075142518,0.5599073449768363,-0.413756027939007,-0.4016733928398861,-0.49674449012240174,0.4607941721985431,0.5695068853767213,-0.05443241860810465,0.03843016410754103,0.55999651999913,0.4535590812299396,0.5134965678167032,0.5569638316586808,0.5712546987778953,0.5672074463018616,0.584509827627457,-0.32183649195050035,-0.018537972141444776,0.7279283677550651,0.7107012439583369,-0.7269149117287279,0.722656388164097,0.0396363444090861,-0.023094551049619133,0.012607203906528678,-0.07176352494088123
synth_g_fft_highfreq_ratio,-0.08385008849396591,0.11447184011796004,-0.018899334224833555,0.03088340872085218,-0.07047452361863091,-0.06787543996885999,0.02780504795126199,-0.04350936187734047,-0.006137661034415259,-0.10906124126531032,-0.01416018204004551,-0.016378568594642148,-0.16526457981614495,0.9743202579454345,-0.04913466928366732,-0.07645629411407352,0.01952800988200247,-0.00256486264121566,-0.004113512528378132,-0.11344828636207159,-0.020535854133963534,-0.01963790740947685,-0.17153583388395846,1.0,-0.0676930564232641,-0.08020956658247023,0.012819066204766551,-0.06800495150123788,-0.0627312291828073,-0.12914684628671158,-0.01869457667364417,-0.030535429633857407,-0.1758571235302273,0.9766322190242919,-0.18067777216944303,0.11122163709711738,-0.03345943436485859,0.052200083550020884,0.19199040006959642,-0.028629206657301665,0.05824463056115764,0.2251038487759622,-0.04427166956791739,0.04047206211801553,0.2105680636420159,0.0219970059992515,0.10354569188642297,0.21654138463534617,0.0031107892776973192,0.09152947538236884,0.23176352277779202,-0.002366108091527023,0.07591223047805762,0.20014212353553087,0.036218430054607516,0.11696138624034656,0.21846756511689128,0.007883022470755618,0.09901048125262031,0.2279839756669819,-0.06796243849060962,0.027099330774832692,0.19236380259095065,0.07090013822503456,0.09349878590279441,0.12261260519200373,0.3675266746815394,0.3205554296219658,0.035818933794931215,0.03015622112750973,0.11210208003960782,-0.09566313595114992,-0.20755141363819146,-0.008070611462545334,0.3345771285206814,-0.33007548451887114,-0.23863019749221343,-0.26161160340930095,0.051655496413874104,-0.008070611462545334,0.13979662394915598,0.06845715811428953,0.06838959659739915,-0.24159089889772473,0.23429438257359564,0.07559937539984385,-0.023826694456673615,-0.19905584576396143,-0.1283405895717077,-0.05275060545743284,0.10138573184643296,-0.11956318189079547,-0.07636889809222452,-0.23574857743714436,-0.02332891483222871,0.07684112376791179,0.07984476949113416,0.08609346133793543,0.08829723710742074,0.033738108934527236,0.09644319911079978,-0.034824103982144076,-0.21030097440410647,-0.1809475450547416,-0.19575868383648998,0.1847343671835918,-0.19283580020895005,-0.05356696789174197,-0.06252852145247495,-0.07511858855781661,-0.053710796927699235
synth_b_p2_x_mean,-0.26456577849065677,0.22747021786755448,0.3668968817242204,0.2578916489729122,0.9164810021202505,0.5653834458458614,0.27320308580077146,0.31244517911129477,0.26313511628377906,0.31906176326544083,0.18711875127968783,0.20160298290074571,0.31263075765768944,-0.059572930415572455,0.9461287915321979,0.5411533862883465,0.27523161430790355,0.24371704142926034,0.20857585464396367,0.30870995617748903,0.1933451028362757,0.2061429095357274,0.30805127901281976,-0.0676930564232641,1.0,0.5715450141005829,0.2685475151368788,0.378436632109158,0.31649388862347216,0.36005013451253365,0.18378976744744185,0.21311920577980145,0.30841238246875025,-0.09589938076080745,0.23891561372890344,-0.035569451155701336,0.11000946050236513,0.06006076051519013,-0.05787582624066,0.2014473383618346,0.16398542899635724,0.006787515196878799,0.17384871146217787,0.13065443666360915,-0.01392546348136587,0.14869757667439418,0.08593910298477575,-0.07685921371480343,0.23155704388926096,0.1765496376374094,-0.0049934322502306,0.21989224747306188,0.15647287511821878,-0.03529143732285933,0.2231743307935827,0.12593725498431374,-0.12083591570897893,0.3009108272277068,0.21014677203669302,-0.04605974579948126,0.3188131817032954,0.21636372309093077,-0.09343607635901909,0.029133773783443447,0.09595863258413584,0.13125328938431607,-0.15684398111649922,-0.24325678834011966,-0.22360636638936895,-0.16233488511349306,0.04290403557120916,0.30462033119095067,0.19569098548018035,0.15594205608182007,0.07220722888304035,-0.08116133779033445,-0.0999432693806269,0.2752725989423759,0.15497237374309344,0.15594205608182007,0.2248986892246723,0.3187758796939699,0.31889237122309283,-0.026795778698944676,0.01649755612438903,0.22728302082075522,0.2299368124842031,-0.13668143967035992,-0.14942625174453533,-0.27257442974582285,0.2563034350758588,0.3103762495940624,0.028002041500510375,0.20870981067745267,0.2301120500280125,0.1708885846003126,0.18615804385932022,0.194001471645869,0.19831401240287086,0.24051611262902817,0.18521486080371521,-0.0544579314053263,0.14171294273137805,0.4146991495802996,0.4029680690442433,-0.4154569923642481,0.41827951906987976,0.04089411272352818,0.05092047453740417,0.074384579124039,0.04232527808131952
synth_b_p2_y_mean,-0.2654259628055602,0.22807995235551806,0.3665685325295963,0.2562217841515292,0.5747435061514053,0.9111418636271441,0.2754285524604238,0.2878025070585527,0.27782534531052083,0.3327045038008901,0.21096113206939343,0.21460670523215383,0.28901169261130255,-0.05899820004379866,0.5437230686346634,0.9414525032161705,0.27431082568057297,0.22281336628689657,0.22336306692452787,0.3231112618989822,0.21218462837572633,0.21491284330880314,0.2954822082313579,-0.08020956658247023,0.5715450141005829,1.0,0.27256125224252353,0.34821268443375086,0.3454597434944833,0.3730605536550361,0.2060912091000865,0.2248965855584826,0.29743097058081586,-0.11038574767922624,0.25666653726288424,-0.043540866417872255,0.11966061821002728,0.0776809349493641,-0.037134423311456645,0.15312147908779034,0.12709231607073865,0.01465910542027352,0.16973860474830316,0.13190348927533613,-0.016484464127297704,0.17794248255234907,0.12154810993260802,-0.044160431806668114,0.19056712246324328,0.1511483470937674,0.004604481404573712,0.2315755562307299,0.17362787547207933,-0.013128725537104657,0.2548219200510382,0.16666303397825713,-0.07757381017254272,0.2635594229886905,0.18938499316726767,-0.042030303804860045,0.33313915740971656,0.23668365300966962,-0.07073236020961468,0.004931251234662028,0.09055058852087901,0.10361082268629411,-0.15628127797141567,-0.23207423800703472,-0.22751580340289396,-0.12724993983760485,0.07454796780934904,0.27032602447730053,0.20167710277823492,0.14706604455367683,0.07402324186684534,-0.0810447712915846,-0.09292256164290115,0.2738448716758218,0.14605219631781866,0.14706604455367683,0.23637205568165345,0.3210641048864253,0.3211964956695726,-0.04955610115760883,0.035247485075089076,0.23008438635737824,0.21722744663832194,-0.15511225783623156,-0.1329036655823871,-0.2885028085920793,0.2705514962393309,0.3313947394729579,0.004942126987385044,0.21162835998645063,0.21732702491325387,0.15031871874878824,0.17749745500748684,0.19590419744644158,0.2019591648912606,0.2344995969628366,0.2004282516822235,-0.10598258211487593,0.1635356262565583,0.42059992171543037,0.3999217776803564,-0.42096323439866984,0.42272424233958217,0.015667674922794108,0.01208929654045808,0.021315781594932234,0.010814152957593547
synth_b_p2_d_mean,-0.5001903224851519,0.47484667221166804,0.5245698171424543,0.466416856104214,0.2904046461011615,0.2743323835830959,0.9168946227236556,0.3587040371760093,0.35675303168825795,0.5074680578670144,0.34921726380431595,0.39506946576736646,0.5560950340237585,0.0341228245435022,0.29100391575097895,0.2896591144147786,0.9514427468606867,0.38095409773852446,0.3796708909177227,0.517109503777376,0.35357518939379734,0.3998249904562476,0.552248736062184,0.012819066204766551,0.2685475151368788,0.27256125224252353,1.0,0.3745445346361337,0.3654339268584817,0.5007289206822302,0.3542716515679129,0.4017587084396771,0.5527456203936847,-0.01711567253533651,0.0069085787271446816,0.0823059558573537,0.31978055744513934,0.3343084990771248,0.16813180284600013,0.3562431770607943,0.39518641179660297,0.2691204972801243,0.5420937905234476,0.5224663711165928,0.29566877741719433,0.42841116660279166,0.4306754051688513,0.21333841583460394,0.4496893304223326,0.4666028351507088,0.2828049310572846,0.6445233951308488,0.596715140178785,0.32591224097806026,0.5352027348006837,0.518076380019095,0.24999190299797575,0.5380873495218373,0.5337132869283218,0.2943165205498675,0.6909122207280551,0.6421069875267469,0.3158754024688506,0.32834311458577864,0.45461359282818997,0.4077627277917532,0.21098626449236352,-0.10601616527500252,-0.24997551408637086,-0.4259780733397064,-0.1678623951225846,0.20073587036886137,-0.07871570443682487,0.433813366117304,0.29617603362720646,-0.21531261582815395,-0.05875867781608871,0.11045733906702931,0.4515487548871887,0.433813366117304,0.5704825501206375,0.5878185914546479,0.5875984288996072,-0.37169226442306613,0.3847773091943273,0.5935066423766606,0.49565009341252336,-0.48692566373141594,-0.42164733793725856,-0.49871518911581547,0.4719402699850675,0.5374857458714365,-0.08864649116162279,-0.06316392979098245,0.4960255420063855,0.44408529710438827,0.5109348251753069,0.5618694456387635,0.5770264294729923,0.5355564123891031,0.6027781506945377,-0.35488949598854114,-0.1293609968887596,0.6213034420588494,0.5965603428375059,-0.6187559161889791,0.6118271264567816,0.02345552536388134,-0.016463068884288175,0.00033006608264029544,-0.12375498393874598
synth_b_p4_x_mean,-0.4562966837452822,0.41652287763071943,0.5294255433563858,0.4364487701121925,0.3584197016049254,0.35592913248228314,0.37770719392679847,0.84184495996124,0.42404315501078876,0.502260940065235,0.3831226347806587,0.39531449382862344,0.43473002018250506,-0.04909169054133202,0.35574229093557275,0.33799174699793677,0.3781604460401115,0.8637633734408433,0.41333863183465797,0.4951376887844222,0.3903892500973125,0.4020863745215936,0.438557472139368,-0.06800495150123788,0.378436632109158,0.34821268443375086,0.3745445346361337,1.0,0.4617344579336145,0.508093852023463,0.37795533148883287,0.40680333420083353,0.4394128422679904,-0.09387471175388096,0.09125168731292183,-0.013571947148076267,0.24185812546453136,0.21394597448649363,0.04767378893632491,0.32902521575630395,0.3304214851053713,0.16422781855695465,0.3650657337664334,0.3400863805215951,0.16253089513272378,0.3276636699159175,0.29436809559202387,0.08320576630144158,0.39895027873756966,0.3850938842734711,0.18638353216577686,0.44330300382575094,0.4041723455430864,0.19715331428832858,0.4417496109374027,0.38250132412533105,0.10290782872695718,0.49690434572608644,0.45251020262755065,0.18386801810490555,0.5588370977092745,0.5003719055929764,0.18925487181371795,0.23387160746790187,0.38397442790372915,0.37287417137384865,0.060046810324846434,-0.18197734974829327,-0.27747116512287273,-0.3554911500833936,-0.15956615454121237,0.28093478156856816,0.030736251377594927,0.38106133727134106,0.24970991445840227,-0.1946705391676348,-0.07956156242027389,0.18555174373831973,0.40410527152631787,0.38106133727134106,0.49473812468453116,0.5461782885445722,0.546071544017886,-0.269880575970144,0.2789032522258131,0.4838767194691799,0.42415064053766016,-0.3456198204049551,-0.36597416388893683,-0.41957422130089567,0.3934013843503461,0.4557335339333835,-0.015761241940310484,0.08856745014186254,0.42433672008418,0.4106220782134861,0.4501769222130469,0.47159814425323465,0.47631836400821037,0.49173905393476347,0.47037394409348604,-0.17814200966910892,-0.03975380345335854,0.5617745321542985,0.5354103232541385,-0.5612614568153642,0.5611065982766495,0.09860130065032516,0.032366092377934946,0.07734041836410725,-0.054117163529290885
synth_b_p4_y_mean,-0.4136195820600029,0.3746937606734402,0.4993841493460373,0.39431718257929566,0.29842403660600914,0.32233494258373563,0.35693955373488845,0.41164631941157986,0.8361060095265024,0.45797525299381325,0.3694703588675897,0.4000350790087698,0.43018383854595965,-0.04436941035899112,0.3018939484734871,0.32883263820815956,0.36776040494010126,0.4090833872708468,0.8783923130980783,0.46228611457152863,0.3788075177018794,0.40350353737588435,0.4363932550983138,-0.0627312291828073,0.31649388862347216,0.3454597434944833,0.3654339268584817,0.4617344579336145,1.0,0.47394253498563377,0.3688108192027048,0.4086133786533447,0.4418590893804695,-0.09642325664197288,0.09309773327443333,-0.0030901282736908666,0.23309192977298243,0.20290382822595707,0.027984526756625886,0.3065159131289783,0.29843577860894466,0.11656315114078779,0.3457401804350451,0.3163129075782269,0.12334464533616134,0.3268638352159588,0.28301276575319145,0.05989576797394199,0.3746767551691888,0.3521129020282255,0.13869691597624034,0.42563938940984736,0.3811231342807836,0.16483378870844717,0.43175817593954396,0.3671584502896126,0.07840939510234878,0.46373748043437013,0.4154201208550302,0.13746265571876093,0.5406113161528291,0.4815087063771766,0.17064505566126392,0.22013415703353925,0.39297029072399253,0.3629007410734708,0.037763042558339344,-0.2077699212699163,-0.2990974703905005,-0.35000659469602097,-0.17013003882982933,0.29523693923752514,0.04257805402946894,0.3961561561271477,0.23360012566283156,-0.17692874023218505,-0.06540810358686765,0.2054572311363764,0.4086815956703989,0.3961561561271477,0.46929824132456033,0.5239611394902849,0.5237881504470376,-0.22414338503584627,0.25055959763989943,0.4539823794955949,0.40565976991494246,-0.3082019735504934,-0.3346076757063974,-0.4226960895825334,0.39852626463156615,0.4572292353073088,-0.018710055177513795,0.1136285384071346,0.4059364824841206,0.3862609831049415,0.42469018483180504,0.44500169458417493,0.4497832276144756,0.47204306501076626,0.444385344096336,-0.16548445374522677,-0.01200980325695449,0.5530716829753226,0.5323158517281998,-0.5528197352049338,0.5519439374859844,0.06730430582607645,0.0755949527337825,0.09225225134765744,-0.03791475497868874
synth_b_p4_d_mean,-0.5470193007099574,0.49781987695496926,0.6426030256507564,0.5216920304230076,0.3660848340212085,0.36417564104391026,0.503357255839314,0.48409941102485277,0.4528398772099693,0.9221712580428145,0.4355616218904055,0.48313760628440156,0.5827355731838932,-0.10748516541159829,0.3637606674401669,0.3748956952239238,0.5024792666198167,0.49534830983707745,0.45603491100872773,0.9439958914989729,0.44741014585253647,0.484710484177621,0.5944916011229002,-0.12914684628671158,0.36005013451253365,0.3730605536550361,0.5007289206822302,0.508093852023463,0.47394253498563377,1.0,0.4414528523632131,0.48947557136889286,0.5945167638521347,-0.17338299441076724,0.08743504585876147,0.013536940889311575,0.3116289209072302,0.2898401689600422,0.08549166265497504,0.3920887625221906,0.39308819627204905,0.18674455668613918,0.5062657250664313,0.4686456406614102,0.21684495771123943,0.4304434376108594,0.3931470067867517,0.12488660972165243,0.4868226827056707,0.46784898746224685,0.21375571376908684,0.6127131436782859,0.5538070549517637,0.26079775869943966,0.5590954382738595,0.4977031424257856,0.15430639307659827,0.598357048089262,0.5519717264929316,0.2162412039724819,0.7355329673832418,0.6628340527085131,0.2646211696552924,0.3014436963609241,0.4924948165206487,0.4427009507323182,0.07727886989052418,-0.27064013152608873,-0.35987204220643715,-0.49336514652928326,-0.2191897071068024,0.343667874513533,0.04042666707058693,0.5077180414174681,0.25962460644822927,-0.17862701065675265,-0.038985286313475434,0.26680074150134175,0.5170104977526244,0.5077180414174681,0.6064350826087707,0.6592034413008603,0.6590418972604744,-0.3246182431545608,0.3432132693033173,0.609155144288786,0.525635247908812,-0.4381842975460744,-0.44367758038661204,-0.5395061985788645,0.5001326450331612,0.6151879207969801,-0.04793631748407937,0.09435623808905952,0.5259296979824245,0.4768701903252002,0.543952618942137,0.5866114590928234,0.5968753074426552,0.5942770665692666,0.60700392025098,-0.3024524693399567,-0.03643874637335112,0.7169703242614449,0.6829965077613743,-0.7165323351330838,0.714320544080136,0.025855483963870992,-0.008744648945999967,0.016177704300492715,-0.10573169343292335
synth_b_p8_x_mean,-0.4252457189708969,0.39279203469800866,0.48386968596742147,0.3946727606681902,0.1977464084366021,0.2081250595312649,0.37490729622682406,0.3808117867029467,0.37796869049217263,0.45110549127637284,0.9555617028904257,0.4368588807147202,0.4184243486060871,-0.002048432762876353,0.19695678573919642,0.21678006019501506,0.36692092373023094,0.42869790667447666,0.39208409902102476,0.4577814409453602,0.9785531461382866,0.4424329976082494,0.42086002071500517,-0.01869457667364417,0.18378976744744185,0.2060912091000865,0.3542716515679129,0.37795533148883287,0.3688108192027048,0.4414528523632131,1.0,0.44691762072940516,0.42395301189723533,-0.04068555118664488,0.008615312153828039,0.06417122506687048,0.3413619748404937,0.323708327927082,0.12970938772598795,0.3249124547281137,0.3257893699473425,0.15165091091272773,0.4065951806487952,0.3837732254433064,0.20407336651834163,0.42738947584736897,0.39301067175266796,0.15296904974226244,0.398103776025944,0.38628384657096165,0.181413060421295,0.47760614490153624,0.4455949983987496,0.24330855982713995,0.5234986908746727,0.4645537506384377,0.16688781872195468,0.4887083031770758,0.4550795982698996,0.1954558090105441,0.5632874623218656,0.5197603284400821,0.24395841098960275,0.315577047894262,0.4263660772623199,0.41415721345923745,0.15150532949805903,-0.11530445115402305,-0.24803953025291375,-0.3877427354319706,-0.1820836635115283,0.26948816783095264,-0.028866064261368268,0.399645412191807,0.3147586390437632,-0.2569761537440384,-0.13253141125947748,0.12110562657094268,0.43034656458664117,0.399645412191807,0.5203804600951151,0.5606240796560199,0.5604388431097108,-0.29884200421050106,0.3210310267577567,0.5201090665272666,0.46732866133216533,-0.3740702180175545,-0.3815974807126628,-0.41353215753811395,0.3976628749157187,0.42442812710703176,-0.07027880806970202,-0.06938412684603171,0.46739083184770797,0.39464187895645114,0.44586217338274164,0.4838575820772887,0.4950635942015474,0.4676985044246261,0.5095195873798969,-0.28759009961321746,-0.10900394954186386,0.5413751300467982,0.5284687752635454,-0.5402820000705,0.5385429956357489,0.028200850050212514,0.04042939765283249,0.03119840356130029,-0.08501435875358969
synth_b_p8_y_mean,-0.4361750502073282,0.3925510611377653,0.5291268662817166,0.39244016461004116,0.23012866553216638,0.23100284925071232,0.4139615804903951,0.42195395748848935,0.42359217539804384,0.5000663870165968,0.4517237209309302,0.9547175896793975,0.4644182676045669,-0.013991371253089578,0.23861734465433615,0.2512525543131386,0.40316692229173057,0.43871788217947055,0.4450462427615607,0.5037890294472573,0.4492625473156368,0.977808155952039,0.4653814103453526,-0.030535429633857407,0.21311920577980145,0.2248965855584826,0.4017587084396771,0.40680333420083353,0.4086133786533447,0.48947557136889286,0.44691762072940516,1.0,0.46661818707952857,-0.059574217415894686,0.05625771506442877,0.047958775507678415,0.24516041379010345,0.22295483573870895,0.045504528143196235,0.36035242208810553,0.3522030430507608,0.15281884570471144,0.38194450298612576,0.35873399668349915,0.17031333807833451,0.346150876037719,0.31479048819762206,0.08989124697281174,0.44063841215960303,0.4159466254866564,0.18543853867917412,0.4810985387746347,0.44159083289770823,0.21348097137024286,0.4717059684264921,0.4191362907840727,0.1318968059742015,0.5463790365947592,0.49732026133006535,0.19563613830576168,0.6031297507824377,0.547890487972622,0.23102626875656718,0.25997974099493526,0.46260346216532494,0.4404402839508889,0.0997956942931655,-0.20653083900244457,-0.31144662836222803,-0.40916704555461136,-0.23423028652225591,0.3181222759588009,0.020948076152391158,0.44624244190972573,0.2977565615241165,-0.23256117264029316,-0.11346868249955554,0.1898628926032906,0.47185275996319,0.44624244190972573,0.5484788631197158,0.5945587216396804,0.5943401325850332,-0.2991329952832488,0.32186983896745974,0.521846783961696,0.45360100890025223,-0.36262428815607206,-0.3633556671223719,-0.4828838754020503,0.4611032607758152,0.5023178590794648,-0.0316004224001056,0.007092175773043943,0.45376220494055125,0.3821399098215824,0.44430385374257736,0.49335964870993193,0.5072497225026493,0.477218907804727,0.5340783900195976,-0.33312579553129323,-0.058251775834788376,0.5986888708967261,0.58023860399483,-0.5976318309079577,0.596233748058437,0.09978916744729187,0.04112698332801369,0.0869932425309331,-0.04090534022633505
synth_b_p8_d_mean,-0.49268996304200824,0.4502481362308771,0.5757539206543879,0.4699127759044113,0.31004144512662685,0.3087144405443781,0.5528822021778814,0.42602110216503347,0.42894419714690335,0.600323266805938,0.422771047601301,0.45859485382068654,0.960685367781599,-0.1530430696255497,0.3171898656664126,0.3135952730164165,0.5527908266550032,0.4492747259871595,0.45712729245324585,0.6069817174730475,0.4314074437636387,0.46562583933106955,0.9802202926726558,-0.1758571235302273,0.30841238246875025,0.29743097058081586,0.5527456203936847,0.4394128422679904,0.4418590893804695,0.5945167638521347,0.42395301189723533,0.46661818707952857,1.0,-0.21772932509562826,0.06322006057872266,0.048319487366111455,0.3711451971754787,0.3336233252809401,0.08018636760673167,0.42309927093348,0.4100020026542514,0.1643307291443063,0.5579915072071236,0.4949419366710874,0.20090331155116664,0.46946382879200615,0.41022930221116155,0.10826447635671826,0.4969769091805936,0.4594168397764913,0.17561408078523075,0.6461994282921819,0.5553181405377794,0.22118111012822045,0.5783045662930058,0.4912499024966943,0.13120293434993469,0.5972362240330196,0.5277420316334112,0.17723865100905623,0.7391073140539938,0.6392418843001868,0.21945010144481916,0.3512333116900404,0.45166130995472903,0.40668750570369094,0.06122506966105662,-0.23630884177709915,-0.30764101558067686,-0.45839043079050545,-0.2231417574801672,0.3046900299651459,0.039245034195955784,0.4663474867191579,0.2579311323696798,-0.18891488179956353,-0.06366307388981365,0.23414310814306502,0.4725685235693441,0.4663474867191579,0.5624983288355191,0.6326460158987463,0.6324417075975926,-0.2754070462050392,0.29385030232276943,0.6026009858762218,0.5591100357371752,-0.41512217743621516,-0.39739757273716386,-0.49704549688415833,0.4605936890711449,0.5718357891733857,-0.05558701766759955,0.03435832235246496,0.5592319145176906,0.44332939158109347,0.5056576822936638,0.5515728935137428,0.5668036698760203,0.5605426688458707,0.5841722437621255,-0.33422688668272693,-0.013855956474381086,0.7305248649291098,0.7125815569470435,-0.7295691656658798,0.7252361528310017,0.041816433719789596,-0.018128355809281484,0.018985070510506432,-0.07525215909125933
synth_b_fft_highfreq_ratio,-0.04526726185076591,0.08159267792876673,-0.07380725222949078,-0.003936234235534647,-0.10722398609620552,-0.10181209799120404,-0.00698565399903312,-0.0794194128846355,-0.04392734674830944,-0.15396856079987842,-0.03736208810453281,-0.046348891104603614,-0.20589941155206518,0.9419652606977891,-0.08292581451255081,-0.10696420703116334,-0.012575856898680172,-0.03005584052523107,-0.03979845921453923,-0.15752715194086067,-0.043213880569675345,-0.05033608335289687,-0.21219061787722596,0.9766322190242919,-0.09589938076080745,-0.11038574767922624,-0.01711567253533651,-0.09387471175388096,-0.09642325664197288,-0.17338299441076724,-0.04068555118664488,-0.059574217415894686,-0.21772932509562826,1.0,-0.18839450016927298,0.11050848446000248,-0.04231009059338893,0.043236164575254706,0.18891350562006154,-0.04909316954170232,0.037901221239518265,0.21381318853347708,-0.059238446081825935,0.02428954433149466,0.20009617109907885,0.006989671000038876,0.08743944689265151,0.21012892211102888,-0.021666238674684507,0.06789019324800713,0.21862950082134733,-0.02835224734869393,0.04950932964589841,0.1859968763189679,0.0074692421201114955,0.08968967020605118,0.21124776414115895,-0.02791011698799554,0.0658865437463434,0.2169719697370859,-0.11502338204897929,-0.01811374278522835,0.17653022169875426,0.06334733411058878,0.0526744183166437,0.08496245492098278,0.37098948796837633,0.3532787867955378,0.076023870440203,0.06618870180200806,0.12233678541256243,-0.1348845867864851,-0.21849420532577668,-0.053289113779824336,0.3067030071358063,-0.3080163801196012,-0.228153957000135,-0.2937524845818935,0.0073332595860648685,-0.053289113779824336,0.09555772792526612,0.02250611063496745,0.022463286374245325,-0.21591652431009978,0.20644980068986885,0.04035975710507419,-0.048118695797718464,-0.17252561669610128,-0.09438891441775062,-0.007002154755790305,0.058913034500351014,-0.17131067864191116,-0.08596630402381338,-0.2571949056451745,-0.047650812680572224,0.04625098086477757,0.04474984797102438,0.05003746856565929,0.05255300892766699,-0.005424558608173861,0.06086999499032499,-0.02057257791628863,-0.21619560846104882,-0.22611641744869168,-0.2347342084476281,0.23007808110579955,-0.2379603618293256,-0.04951727589788795,-0.06301044159712606,-0.07225649336831572,-0.058890164744624995
LL3_energy,0.15034407464239768,-0.18016282204070552,-0.02258479764619941,-0.16752223488055873,0.20536316434079108,0.21763417690854422,-0.0009732827433206858,0.01832050508012627,0.009725238931309733,0.056679281169820295,-0.005398826849706713,0.045932583983145994,0.05936689184172296,-0.16114611059695744,0.21161809390452346,0.2359789339947335,0.00783722295930574,-0.005563366390841598,0.00831716007929002,0.049929070982267745,0.006529518132379533,0.050677338669334666,0.056675564168891045,-0.18067777216944303,0.23891561372890344,0.25666653726288424,0.0069085787271446816,0.09125168731292183,0.09309773327443333,0.08743504585876147,0.008615312153828039,0.05625771506442877,0.06322006057872266,-0.18839450016927298,1.0,0.006788987449792732,-0.007595935898983975,-0.1332471303117826,-0.32779230332099796,0.015720351930087983,-0.09001652850413212,-0.28832798708199675,-0.06908934977233744,-0.17032036858009214,-0.3420550020137505,-0.03744605886151472,-0.17129269732317434,-0.35531827682956924,-0.012843736710934178,-0.12946056236514059,-0.3145111184957213,-0.06576256944064236,-0.17127664581916147,-0.3448108477027119,-0.014952291738072934,-0.16410995902748976,-0.37583284895821223,0.003088668772167193,-0.1314397603599401,-0.3377054759296481,0.0062687625671906414,-0.11581749795437449,-0.33647461661865413,-0.5309470597367649,-0.16567019181311401,-0.18153515282541735,-0.421834604654162,-0.3345232914552943,-0.13095286771592068,0.1806433874139065,0.07020582386602298,0.0825577613820805,0.3593083536421037,-0.11803670326594926,-0.2001032107509188,0.13739577734894434,-0.025869660584489196,0.31244055730493914,-0.1296019404004851,-0.11803670326594926,-0.12072306768076692,-0.00951282387820597,-0.0095983643995911,0.24207045651761414,-0.30499908274977067,-0.12188100047025012,-0.00672704868176217,0.2164835536208884,0.2959208478808285,-0.007531582135719877,-0.005311219327804832,0.047946253486563374,0.05435978258994565,0.1756090384022596,-0.006992665748166437,-0.17381638433445837,-0.17179573301335666,-0.16199348936986746,-0.1541496903452287,-0.10783074895768724,-0.14378637444659362,-0.012775395953430536,0.3560903916561318,0.16714552484906078,0.18169000105876776,-0.1686705616676404,0.17343870735967684,0.037697878924469734,0.05581231401586736,0.07272913295955666,0.08494424273606069
LL3_entropy,0.030471127640635257,-0.011785055950683384,-0.08172781296260118,-0.02678402770605094,-0.018023164512549816,-0.033366940604247754,0.09960328968817365,0.029869110728478598,0.019394274355841443,0.03814525705061873,0.06852014840573216,0.05830972984929861,0.05029287959207973,0.11047045195046583,-0.033547004399331226,-0.03329834483707309,0.090037959043254,0.047249318080048015,0.017400354606613783,0.037740985949399355,0.0656350941833867,0.05396958376263453,0.04164845767773259,0.11122163709711738,-0.035569451155701336,-0.043540866417872255,0.0823059558573537,-0.013571947148076267,-0.0030901282736908666,0.013536940889311575,0.06417122506687048,0.047958775507678415,0.048319487366111455,0.11050848446000248,0.006788987449792732,1.0,0.3072239426711946,0.4147199013354953,0.46691008357770347,0.27914268539034987,0.38470495832050394,0.4564224655267748,0.24297611333514438,0.318311073197135,0.3859048101209168,0.2759101298309988,0.3711983871887962,0.41589175262889755,0.2530847561160958,0.3391177606566093,0.3936089389474414,0.19717126186675468,0.25773516378044165,0.31415728940713133,0.2252409421447009,0.31266551428362815,0.36084472384649774,0.19723624713302537,0.277590306501673,0.33742607248612244,0.11388527176402492,0.17784778452863906,0.2429176898205166,0.2196226044880096,0.05786967606361459,0.11365877189943914,0.3013774780301527,0.42861718266198834,0.4111635535686028,0.05090254903592837,-0.09798089212672118,-0.1557537357549726,-0.4854819183983494,-0.009916758029569593,0.14731599779997345,-0.12587617876624826,-0.06924516342319054,-0.5036695394504107,-0.02600305626051521,-0.009916758029569593,0.19008949309365683,0.13990035202755063,0.13951893343205296,-0.21239245717776148,0.23032164891678283,0.2880145433616413,0.2848542338203788,-0.30314123639898705,-0.26356147200645674,0.07588816377895707,-0.06310134979900045,-0.10852609442222089,-0.11733356787739206,-0.2506670637607661,0.2847815018021685,0.1489437981535113,0.16384135408321954,0.1943600753086739,0.20612319518539118,0.08785319799624444,0.23851083121714936,-0.1682609732545369,-0.37443258238897004,-0.0018231162071463889,0.011971183506263458,0.005015170255673253,-0.011481945624792135,-0.07821633008341365,-0.05067353324439361,-0.06188853051854903,-0.09053914066873735
LH3_energy,-0.2988283183191402,0.3273256013314003,0.1683670020917505,0.3597674864418716,0.11889242372310593,0.09935654333913584,0.33085455471363867,0.2390567652641913,0.23339740334935083,0.315646455911614,0.3384172356043089,0.24390669847667462,0.3651925047981262,-0.030231333069170016,0.12039907659976914,0.11723393780848446,0.3353557258389315,0.2730903022725756,0.2558116089529022,0.3185647351411838,0.34906249526562383,0.24599639099909776,0.3683249150812288,-0.03345943436485859,0.11000946050236513,0.11966061821002728,0.31978055744513934,0.24185812546453136,0.23309192977298243,0.3116289209072302,0.3413619748404937,0.24516041379010345,0.3711451971754787,-0.04231009059338893,-0.007595935898983975,0.3072239426711946,1.0,0.9265616271404068,0.3865901092924986,0.5326179596544899,0.5226841126710282,0.22679640869910217,0.7113904673476168,0.6529455987363997,0.3101599375399844,0.9179904464976116,0.8261740165435041,0.37586092896523227,0.5368281172070293,0.499775743943936,0.20954563046498723,0.613833307958327,0.548813091703273,0.2601657860414465,0.7932089103022276,0.7037554054388514,0.3444743496185874,0.4877878309469577,0.44374078343519585,0.1872530337036982,0.4711056862764216,0.4327694086923522,0.21884614571153643,0.6920232140058035,0.14368801950617516,0.1597224256233601,0.141626708477709,0.19823998603997697,0.17566110493986573,-0.1727953854632128,-0.3034735740197289,-0.10129495177409778,-0.18729488271366446,0.06528887667126859,0.09857909625567554,-0.06339721884930472,0.01892970796449535,-0.20145964610250097,0.10897170624292656,0.06528887667126859,0.3969873497468374,0.45030039007509753,0.44996017949004485,-0.22695670623917655,0.1867896331974083,0.6367521631880408,0.8099129594782398,-0.3925501371375343,-0.2761249190855703,0.028168939802798304,-0.02354930388732597,-0.03793885398471349,-0.18407261951815487,-0.2029866867466717,0.8097193004298251,0.37403088153824354,0.39711060267656717,0.43737504242179187,0.46131292800122436,0.39478711769677943,0.4770752527688132,-0.2835876313595986,-0.18658490571619576,0.38844509450694054,0.4141192083403915,-0.3829171677292919,0.3722075220518805,-0.11319631629907907,-0.05469587273550104,-0.11354428567865053,-0.15123217530804384
LH3_absmean,-0.35977641082901884,0.3967857946964487,0.18913916928479232,0.4156020859005215,0.07368127992031998,0.061204551301137826,0.34951770487942624,0.21825852656463163,0.21787512946878237,0.3001460055365014,0.3244286611071653,0.22277109169277293,0.3275943128985782,0.05188029323952842,0.0767842211960553,0.07726556531639132,0.34708368277092067,0.2688719052179763,0.2389979472494868,0.30269267767316943,0.3310416467604117,0.22439367659841916,0.3286190651547663,0.052200083550020884,0.06006076051519013,0.0776809349493641,0.3343084990771248,0.21394597448649363,0.20290382822595707,0.2898401689600422,0.323708327927082,0.22295483573870895,0.3336233252809401,0.043236164575254706,-0.1332471303117826,0.4147199013354953,0.9265616271404068,1.0,0.6709533382399421,0.5119982674995669,0.5865663341415835,0.43793795248448814,0.7398645229661307,0.7680089805022451,0.5524008346002086,0.8930523297630825,0.9377313514328378,0.6462506515626629,0.5350331102582776,0.5905225101306275,0.4273747040039415,0.6536507354126838,0.6671213447803362,0.4854079363519841,0.7819728589932148,0.817868443967111,0.595595443898861,0.4897895844473961,0.5376731274182819,0.39896989904170216,0.4836198984049746,0.5151438177859544,0.4114471028617757,0.7291504747876187,0.20348277097260614,0.23034073059296323,0.34631117828903635,0.37608782956368514,0.28709652627371596,-0.21918193842598555,-0.32066712581873646,-0.16366682728800236,-0.40027357264014346,0.08960447509056559,0.16485947640033602,-0.1055698583924646,0.025876418086796884,-0.39272138206756746,0.1374453043613261,0.08960447509056559,0.4892843768210942,0.4763007215751804,0.4760338085084521,-0.40948755337188836,0.3695993423998356,0.7186634606658652,0.7831422697855674,-0.5858454564613641,-0.42139297011279236,-0.02124260856861812,0.032773523193380796,-0.01633549008387252,-0.22116382179095545,-0.30745177086294273,0.7831238752809688,0.45560910999398435,0.48885184964628187,0.5361117669300256,0.5598386189195942,0.4425943451485863,0.5820138420034605,-0.3333115240778647,-0.3994133567531192,0.3123103141946949,0.32505768650821487,-0.30595811698952924,0.2932830388207597,-0.12157555539388885,-0.07488600080574695,-0.129552235686641,-0.21540935385233848
LH3_entropy,-0.3080237339869513,0.3470205643852738,0.12872536572961343,0.33540388272674715,-0.043997094515772536,-0.035777626457823224,0.18692491605132586,0.07270988945473857,0.06751747165468697,0.10403270979718972,0.13591216752900895,0.048586269164787144,0.07644631989024735,0.18483958784852667,-0.041060111780425484,-0.036114508542170076,0.1730129705681225,0.1240307890542088,0.07029388609983173,0.10122964634537271,0.13036486089010205,0.04659171866540156,0.07458011242299564,0.19199040006959642,-0.05787582624066,-0.037134423311456645,0.16813180284600013,0.04767378893632491,0.027984526756625886,0.08549166265497504,0.12970938772598795,0.045504528143196235,0.08018636760673167,0.18891350562006154,-0.32779230332099796,0.46691008357770347,0.3865901092924986,0.6709533382399421,1.0,0.18676316201082668,0.39285018610986533,0.6624893296207659,0.403638170810907,0.5844927315923677,0.7743429506261162,0.4330179386668664,0.7023150610921334,0.923254857909935,0.23714160762433,0.4476511503306568,0.6629384472318156,0.3815026645187296,0.5418643799192941,0.7011462825495005,0.39606037216361567,0.6453543130805861,0.8460575440816576,0.22376598127540756,0.4278055243618082,0.6287967236565772,0.24198459208689224,0.39602253165414136,0.5889691497131508,0.4513985442689105,0.20284335936659498,0.25236880886291274,0.5837753677167349,0.5752663725863517,0.4174624645942992,-0.16053898255568022,-0.18253914149768202,-0.20900513309220647,-0.6723240402828949,0.07245624301038234,0.2133794576649336,-0.13731400112999304,0.023204085432896805,-0.6300667894372984,0.09871055021465401,0.07245624301038234,0.4119315536373627,0.2750325223612678,0.2750932738764785,-0.5700341132222911,0.5549158471870552,0.5084024255412573,0.34444505174042983,-0.6900055922601501,-0.5163574003572634,-0.07424316361647328,0.09848828315900389,-0.012990796002570549,-0.190014670074923,-0.35610646041015503,0.34470963605667515,0.37096875915952965,0.4063633161456015,0.44401739900386933,0.45508262036196706,0.2878727220761328,0.4802992667549289,-0.267960525541587,-0.6557586954314929,-0.01721287031612723,-0.037013026794896355,0.02198162125364842,-0.032259526326978906,-0.10269302121176518,-0.06838746144944656,-0.10356701146942812,-0.2236619854993696
HL3_energy,-0.3683384092227292,0.38475090618772656,0.2753225923306481,0.42787327096831773,0.20323252630813157,0.14600777750194438,0.36072718818179705,0.33158950389737596,0.3043607815901954,0.40502873625718405,0.3267471516867879,0.36036030159007537,0.4296726684181671,-0.02567043642723552,0.2011396507849127,0.1650730372682593,0.36523262230815556,0.3472622323155581,0.3264936171234043,0.410050088012522,0.3352722928180732,0.36448834762208693,0.4253251603312901,-0.028629206657301665,0.2014473383618346,0.15312147908779034,0.3562431770607943,0.32902521575630395,0.3065159131289783,0.3920887625221906,0.3249124547281137,0.36035242208810553,0.42309927093348,-0.04909316954170232,0.015720351930087983,0.27914268539034987,0.5326179596544899,0.5119982674995669,0.18676316201082668,1.0,0.9339473739868435,0.37580161145040286,0.7115080538770134,0.6565712181428045,0.3103185955796489,0.559640827910207,0.5076557844139461,0.17794729298682324,0.9242193645548411,0.8376610299152575,0.36654879027465337,0.6311759087939772,0.5708540222135056,0.28019816504954126,0.5401183890295973,0.47651389412847356,0.17442895210723802,0.8224796161199041,0.7343161685790421,0.33298967199716023,0.5384897291224323,0.4936612444153111,0.24019235854808962,0.6979649929912483,0.2356703661806996,0.2725029755794884,0.12135866138863485,0.11515817784293565,0.1435122672510097,-0.257015482445454,-0.3819334149399902,-0.007280196649198801,-0.18918900833777885,0.16619370720985516,0.1368989901287589,-0.09476286869071718,-0.01449744870087879,-0.16756309183600462,0.20644901011225253,0.16619370720985516,0.4713008588252147,0.5425125651281413,0.5420307665076917,-0.2276863739215935,0.22011274152818538,0.6873625793406448,0.8496428034107009,-0.3903469815867454,-0.34797484261963546,-0.04453647365081959,0.04250404062601015,0.05238766459691615,0.033157110789277695,-0.18321983630495908,0.8494754948688737,0.46738700644729186,0.48805596594701245,0.5192588382041536,0.5380973884761336,0.5014983548745887,0.5381058145264537,-0.23622121498246965,-0.16557492845582272,0.46505738718874334,0.48678910406236786,-0.4599174369793592,0.4514669943667486,-0.01055796263949066,-0.09345741396949309,-0.06184944498555479,0.037164465291116326
HL3_absmean,-0.45426456798649123,0.47789692747423185,0.3210017812504453,0.5067659736914935,0.17233903908475978,0.12331655482913871,0.4043655860913965,0.3392052848013212,0.3149763472440868,0.4138081019520255,0.3285936236484059,0.35246246811561704,0.4158193024548256,0.06167958869302702,0.16671473667868417,0.14006379951594988,0.40143299985825,0.363779667944917,0.33299927024981757,0.4173752588438147,0.33451593862898465,0.355672135918034,0.4110031312507828,0.05824463056115764,0.16398542899635724,0.12709231607073865,0.39518641179660297,0.3304214851053713,0.29843577860894466,0.39308819627204905,0.3257893699473425,0.3522030430507608,0.4100020026542514,0.037901221239518265,-0.09001652850413212,0.38470495832050394,0.5226841126710282,0.5865663341415835,0.39285018610986533,0.9339473739868435,1.0,0.648302724075681,0.7606402871600718,0.7843362175840544,0.548914311728578,0.5708274152068538,0.6156802569200642,0.40146166486541623,0.9062847150711788,0.9457620339405085,0.6269113127129199,0.7003406710851677,0.7105201251300313,0.5069777032444258,0.5615102723775681,0.5942211900552975,0.39698162424540606,0.8201065225266306,0.8498349024587256,0.5781633812244679,0.581964587991147,0.6045529856382464,0.4446152116538029,0.7288414687103671,0.3182505538398369,0.3518132587648068,0.33410400465852036,0.282841324121612,0.22964198270835282,-0.30770846489017684,-0.39395565266578164,-0.07376937997690405,-0.4086755951586099,0.2152254109206538,0.2105778791313699,-0.13956735339183834,-0.0034131071655761113,-0.34690675096875845,0.2547318036829509,0.2152254109206538,0.5825755246438812,0.5853191753297938,0.5848804207201052,-0.4225421061355265,0.41586451696612925,0.7855615873903968,0.8359670689917672,-0.5948425322106331,-0.510734656017571,-0.11700026404394111,0.11887505821876455,0.10302111775527945,-0.019706712426678107,-0.2606168796542199,0.8360040500010125,0.5759702996745526,0.6069404577127171,0.6426997469069615,0.6593704478398759,0.5799397149849288,0.6619217989804498,-0.27837161480168243,-0.37481761509496037,0.42087865387749296,0.42581509602313533,-0.41509730577432646,0.4040635985158996,-0.030031399507849877,-0.09755620249880136,-0.07333534836133784,-0.02246833011708253
HL3_entropy,-0.40508786267387364,0.4354846748711687,0.24317681779420444,0.4222210655552664,0.02646916711729178,0.022919893229973308,0.2783273075818269,0.1884887991221998,0.17661973415493354,0.2156796404199101,0.1563507015876754,0.14911309027827258,0.16977917294479325,0.22625662989900372,0.01393051548262887,0.022050814012703503,0.26630472507618125,0.2068354312088578,0.1679220779805195,0.21173702293425573,0.15422710155677538,0.15039071859767966,0.16655754863938715,0.2251038487759622,0.006787515196878799,0.01465910542027352,0.2691204972801243,0.16422781855695465,0.11656315114078779,0.18674455668613918,0.15165091091272773,0.15281884570471144,0.1643307291443063,0.21381318853347708,-0.28832798708199675,0.4564224655267748,0.22679640869910217,0.43793795248448814,0.6624893296207659,0.37580161145040286,0.648302724075681,1.0,0.4660971580242895,0.6448577722144431,0.8139880629970158,0.2996805539201385,0.5251143997786,0.7052777033194259,0.4344566856141714,0.6971970122992531,0.9221133448741288,0.47319356379839095,0.6334950983737746,0.7676601674150418,0.30799687099921774,0.5326362011590503,0.7015358668839667,0.41588951747237934,0.6660687810171952,0.8617849440925748,0.3629327527331882,0.5224501876125469,0.6839615189903797,0.4383568980892245,0.336473555591434,0.36092037716992975,0.6399448743078354,0.5265730231600663,0.3287688915827251,-0.2587990370592198,-0.2256290439948818,-0.17778333586390274,-0.7161169572105397,0.2075498268286412,0.2630308313036175,-0.15996019899004973,0.03856161791879268,-0.5937814625667308,0.22523603630900907,0.2075498268286412,0.5179778539944635,0.36762998140749537,0.3674741208685302,-0.6367022221755555,0.6518982504745626,0.5895106143776536,0.3924410181102545,-0.7412510843127711,-0.6323225098624153,-0.17709694134064669,0.187720567930142,0.12212593103148275,-0.10409435752358938,-0.2988928752232188,0.39286411871602966,0.5147485493231987,0.5512140735102237,0.5755824985773115,0.5774266453231963,0.4453435803358951,0.5828653877163469,-0.2185287270460783,-0.6718177329563649,0.09193789776895116,0.058663838709957554,-0.0876294624073656,0.07613083303270826,-0.06464139866034967,-0.0792358653981067,-0.0745507266656382,-0.11985803246450812
HH3_energy,-0.5028462449001285,0.5264217221054305,0.3560538380134595,0.527841623960406,0.18080626820156706,0.1544896676224169,0.5483233685808422,0.361925611981403,0.347734475933619,0.5242051685512922,0.4046604936651234,0.3767942201985551,0.5501462950365738,-0.03676382570474286,0.1888528552132138,0.18058643564660892,0.5459799674949919,0.40715722778930696,0.380364908091227,0.5268669552167388,0.41619595554898886,0.38127439731859936,0.5554514933628734,-0.04427166956791739,0.17384871146217787,0.16973860474830316,0.5420937905234476,0.3650657337664334,0.3457401804350451,0.5062657250664313,0.4065951806487952,0.38194450298612576,0.5579915072071236,-0.059238446081825935,-0.06908934977233744,0.24297611333514438,0.7113904673476168,0.7398645229661307,0.403638170810907,0.7115080538770134,0.7606402871600718,0.4660971580242895,1.0,0.9481046490261622,0.5126796486699121,0.7769317687329422,0.778591235647809,0.42441028460257113,0.7606880621720156,0.7842133585533396,0.47492311840887574,0.930504552126138,0.8730651532662883,0.5080711015177753,0.748165552041388,0.7440021150005287,0.4308554127138532,0.728313860078465,0.743303651825913,0.461887593318314,0.7582316030579007,0.7340461730115433,0.4591456507864127,0.724273468068367,0.34583803833872706,0.29740833519255927,0.34259798837006905,0.17165527468753652,0.06157291930653863,-0.4086477296259018,-0.26743727936190226,-0.06868732867952568,-0.27026306455168064,0.27555703582934093,0.2053357025649283,-0.1264689136172284,0.032471458339003154,-0.164404918269222,0.30975956943989236,0.27555703582934093,0.6060155445038862,0.6224914571228642,0.6221005060251265,-0.4385449366362342,0.4003742410935603,0.8397452489363122,0.8613220163305041,-0.6450915772728943,-0.48194175308844867,-0.2509292173264028,0.23805366251341561,0.27823312105828024,-0.1535629283907321,-0.2590152047538012,0.8616715344178836,0.5846330185967294,0.6355004011134129,0.6869973102645756,0.7080333760238565,0.6392262248065562,0.7266201811550453,-0.3807481974726105,-0.26874094328601367,0.578509452094304,0.5829846156833924,-0.5722246235561559,0.5582259210564803,-0.005174935293733823,-0.06891376130596831,-0.04417250080968989,-0.18051288312822078
HH3_absmean,-0.5349810634458838,0.5605762341440585,0.37077963269490816,0.5509459302364825,0.14317045179261295,0.12166841291710323,0.5339882114970529,0.3463261675815419,0.33849658262414567,0.49425735356433836,0.38499374124843533,0.35377510644377663,0.48962734890683723,0.04261074691866576,0.14938395584598896,0.1420344100086025,0.524320364080091,0.39825115256278815,0.36560126540031634,0.4948084027021007,0.3919076974769244,0.3579648024912006,0.49259710214927555,0.04047206211801553,0.13065443666360915,0.13190348927533613,0.5224663711165928,0.3400863805215951,0.3163129075782269,0.4686456406614102,0.3837732254433064,0.35873399668349915,0.4949419366710874,0.02428954433149466,-0.17032036858009214,0.318311073197135,0.6529455987363997,0.7680089805022451,0.5844927315923677,0.6565712181428045,0.7843362175840544,0.6448577722144431,0.9481046490261622,1.0,0.7366815731703933,0.7355765708941427,0.8391758307939577,0.6239583584895896,0.7198164149541038,0.837222063805516,0.6672823835708268,0.9116343734085933,0.9475399993849999,0.716988296247074,0.7216408174102044,0.8203995205998802,0.6331606462901616,0.7023406845851712,0.8125946466486617,0.6578538419568508,0.7407854946963737,0.796719076179769,0.6477492254373064,0.726213888053472,0.4283252124531946,0.3842202928005168,0.5301529386756149,0.3003848889482435,0.11761818469718056,-0.47132447269453626,-0.2695938959977982,-0.09412210042870582,-0.4421034181730777,0.3278292010288854,0.28213485485111545,-0.17639643509910877,0.03501864745886825,-0.30240635795984433,0.3668456657114164,0.3278292010288854,0.6877792314448079,0.6354740353685089,0.6351289842822461,-0.6038560989640247,0.5792058218014554,0.8893371918342979,0.8069975542493886,-0.7683339795834949,-0.6244061307948954,-0.28590169608263716,0.2776106404026601,0.29184190146047534,-0.18641900110475026,-0.3271966297991574,0.8074519658629915,0.6635379531321417,0.7221010477960499,0.7739056003068293,0.7911466778333495,0.682913831728458,0.8087246306811576,-0.3937684542374399,-0.46365256333701055,0.48578101362742127,0.47226520942050126,-0.47938439534609883,0.46440112710028175,-0.029537516884379222,-0.0812312386491948,-0.06420118232437103,-0.23115512178878045
HH3_entropy,-0.4073983245023555,0.4321361205340301,0.25522315580578897,0.4035411948852987,0.003599400899850225,-0.009028814257203564,0.3105440111360028,0.1906353536588384,0.18676432219108055,0.2526671191667798,0.20714068128517032,0.1688465672116418,0.20166328591582147,0.1999839748209877,0.002302332575583144,-0.014295149073787268,0.28958799339699837,0.23585681146420287,0.18794925048731262,0.25083381870845467,0.20414770503692625,0.1688556347139087,0.20063205815801455,0.2105680636420159,-0.01392546348136587,-0.016484464127297704,0.29566877741719433,0.16253089513272378,0.12334464533616134,0.21684495771123943,0.20407336651834163,0.17031333807833451,0.20090331155116664,0.20009617109907885,-0.3420550020137505,0.3859048101209168,0.3101599375399844,0.5524008346002086,0.7743429506261162,0.3103185955796489,0.548914311728578,0.8139880629970158,0.5126796486699121,0.7366815731703933,1.0,0.3950776407694102,0.6581175610293902,0.8394316423579106,0.3769295862323966,0.6382832000708,0.8535660554616011,0.5467792546948137,0.7476264744066186,0.9154584578646144,0.40664775416193855,0.6742406645601662,0.8515817608954402,0.38996781149195286,0.6519250029812508,0.8525473117762384,0.4342192295548074,0.6279039099759774,0.820806575701644,0.48368764892191224,0.4442132215834114,0.4288647606695562,0.7550357190352815,0.5023801378065121,0.21998116154682285,-0.42232867033385557,-0.16748589338063513,-0.12385283983123989,-0.6852995453062024,0.31229096403778084,0.3571962934509192,-0.23334038983509747,0.02324905468955227,-0.523755951456383,0.34438907609726904,0.31229096403778084,0.5970707287676822,0.4169683867420967,0.4168318192079548,-0.7353589538397385,0.7573549023387256,0.6605529646382412,0.40970865492716374,-0.7517389954347489,-0.7161294678969023,-0.23968934251221913,0.2447509811877453,0.1992839043209761,-0.1882122875530719,-0.36581455645363914,0.41020353655088415,0.5806695061028787,0.6314919073597863,0.6634029673482941,0.6654429781102856,0.5151149082787271,0.6752983553245888,-0.2778966651825888,-0.7242154430754416,0.11314988082990142,0.06993272428563062,-0.10837299459324864,0.09616961104240276,-0.08784948696237174,-0.08478269954105543,-0.09917014582972526,-0.2476242844060711
LH2_energy,-0.5012379924974624,0.5234546028636508,0.36222047455511863,0.5214627328656832,0.16276115869028968,0.16450740062685015,0.4384017376004344,0.33278243019560755,0.3382946435736609,0.44271531567882894,0.42188083847020963,0.34521150230287556,0.46397708899427226,0.027688576682527388,0.1674281143570286,0.18213548153387038,0.4408049152012288,0.3831672072918018,0.3611025047756262,0.4434547708636927,0.4371672987918247,0.3481910250477563,0.46780600195150046,0.0219970059992515,0.14869757667439418,0.17794248255234907,0.42841116660279166,0.3276636699159175,0.3268638352159588,0.4304434376108594,0.42738947584736897,0.346150876037719,0.46946382879200615,0.006989671000038876,-0.03744605886151472,0.2759101298309988,0.9179904464976116,0.8930523297630825,0.4330179386668664,0.559640827910207,0.5708274152068538,0.2996805539201385,0.7769317687329422,0.7355765708941427,0.3950776407694102,1.0,0.9156564054141013,0.4320088965022241,0.6196015174003794,0.6034433153608288,0.3043583854537308,0.7503262005815502,0.6914139633534908,0.3690215422553856,0.9230486472621618,0.8410396277599069,0.4296996084249021,0.6161541340385335,0.5880457185114296,0.29516366526228904,0.6326079126519781,0.6004334431083608,0.3400369300092325,0.7116008709002177,0.3125770838651528,0.32999078080830074,0.22419964171062823,0.14589156992796895,0.04043589543636804,-0.31350656838544927,-0.3309396926701455,0.02533258419795863,-0.19455112460459617,0.21717232001470446,0.23876526520992722,-0.18065400016350003,-0.0384906806445676,-0.14979934324185515,0.278630672157668,0.21717232001470446,0.5911845787961447,0.6393342023335505,0.639100335775084,-0.38534697933674483,0.3450380827595207,0.7802745465686366,0.8738535729633933,-0.57018732004683,-0.4100120085310159,-0.20383452678506964,0.2140533100133275,0.14323852780963195,-0.18812783303195826,-0.232376788094197,0.8738892309723078,0.49847235124194206,0.540304371278707,0.5924726423125151,0.6194815228526863,0.541994263998566,0.6395290193822548,-0.37274551771593856,-0.23080340253740192,0.5126710051100029,0.5288717811145991,-0.5063416355854089,0.4947176451794113,-0.10147604236901059,-0.06622579888095374,-0.11031356986976006,-0.17766270691567673
LH2_absmean,-0.5406255648591258,0.5689830042457511,0.36680884370221095,0.5556364149091038,0.1067734451933613,0.11088381972095493,0.44325472631368157,0.3066725941681485,0.31140724785181195,0.41326814831703707,0.3921263375315844,0.3143093735773434,0.40367893991973497,0.10526456485561543,0.11226600256650064,0.12741153935288485,0.4388787332196833,0.36975031143757786,0.3329175832293958,0.41255794013948505,0.4011079527769882,0.31602327100581773,0.40642761260690313,0.10354569188642297,0.08593910298477575,0.12154810993260802,0.4306754051688513,0.29436809559202387,0.28301276575319145,0.3931470067867517,0.39301067175266796,0.31479048819762206,0.41022930221116155,0.08743944689265151,-0.17129269732317434,0.3711983871887962,0.8261740165435041,0.9377313514328378,0.7023150610921334,0.5076557844139461,0.6156802569200642,0.5251143997786,0.778591235647809,0.8391758307939577,0.6581175610293902,0.9156564054141013,1.0,0.7271616137904034,0.5859943404985851,0.6839085419771355,0.5473466427919157,0.7681670295417574,0.8096542379135595,0.6293829883457471,0.8686680491670123,0.9450382102595526,0.7135661233915308,0.5912622128155532,0.6798346669586668,0.541871808874356,0.6284461781115446,0.6856386529096632,0.5713105608276402,0.7250353782588446,0.3866428099352197,0.4057654716305051,0.45962474697833094,0.3315945312321708,0.14526503352924966,-0.3681380024354917,-0.3378240573442109,-0.05043976103293182,-0.43019300999859816,0.25204516315528075,0.29837783393013356,-0.20767707541926886,-0.006199137617005522,-0.3502054580718866,0.31582046045511514,0.25204516315528075,0.6834501823625456,0.6438317899579475,0.6436420579105144,-0.5991165792791449,0.56247892011973,0.8466908566727142,0.8083217035804259,-0.7455439263859815,-0.5729921307434468,-0.2453682531840764,0.2597442169360542,0.16584256746064185,-0.22123036930759232,-0.3193039593259898,0.8085421106355276,0.586556510329045,0.6397533416782429,0.6964529098855672,0.7201847425662549,0.5887509496877374,0.7445891731472933,-0.41015608359663797,-0.4762360094875909,0.4101219164342748,0.406876925274389,-0.40352171138042786,0.3901564980391245,-0.10216724404181102,-0.07762535849366815,-0.11513283407638333,-0.24162018940504734
LH2_entropy,-0.3584944100080379,0.39193667898416973,0.1819621099905275,0.36523394530848635,-0.0536053004013251,-0.0435987603996901,0.2245418016354504,0.11159736989934248,0.10933706583426646,0.14862026965506742,0.15956868539217134,0.09291867372966843,0.10525245231311307,0.2090074595802427,-0.049954176488544125,-0.040024691506172876,0.21149081137270284,0.1707924651981163,0.11565508091377023,0.1456658164164541,0.15372140643035162,0.0911535047883762,0.1043287415821854,0.21654138463534617,-0.07685921371480343,-0.044160431806668114,0.21333841583460394,0.08320576630144158,0.05989576797394199,0.12488660972165243,0.15296904974226244,0.08989124697281174,0.10826447635671826,0.21012892211102888,-0.35531827682956924,0.41589175262889755,0.37586092896523227,0.6462506515626629,0.923254857909935,0.17794729298682324,0.40146166486541623,0.7052777033194259,0.42441028460257113,0.6239583584895896,0.8394316423579106,0.4320088965022241,0.7271616137904034,1.0,0.24731133782783446,0.4910035062508766,0.7437045174550185,0.43598013249503315,0.6237384944346236,0.8117647444411861,0.42799931449982864,0.7125702056425514,0.9433371063342766,0.2553500393375098,0.5004890466222617,0.7395122896827067,0.3074285448571362,0.49225767906441975,0.7247113991778498,0.4534789643697411,0.3248584387632738,0.35509375801153464,0.6758192837629768,0.5567084452453723,0.32269978325364757,-0.26525707403159177,-0.2069780267592704,-0.17549501046687954,-0.6980044474924677,0.1748978948657204,0.2724667359232091,-0.16593185948296488,0.05183359170117178,-0.6054267365784898,0.21383607995902,0.1748978948657204,0.513481143870286,0.34054737413684355,0.3405275816318954,-0.70178051994513,0.6934897343724336,0.5690531487632872,0.3543712980928245,-0.7250053767513441,-0.6087250497042589,-0.15898338980546622,0.179942291985573,0.06705335876333969,-0.18836048309012077,-0.3450366232591558,0.3547310446827612,0.4591546541330295,0.5034717278067339,0.5401352846889227,0.5477228031360968,0.3779006804751701,0.5676746919186729,-0.28336594930401177,-0.725431396629886,0.011495876878280173,-0.020242796825881305,-0.006903957225989307,-0.004268570567142642,-0.09528392532098133,-0.0737873975298602,-0.10197474003192554,-0.24429691907422976
HL2_energy,-0.5528052814086223,0.5659440349860088,0.44206301651575414,0.5703911295977824,0.23508925977231496,0.18465267566316892,0.45414951553737887,0.4074461773615443,0.37439612459903115,0.5043144165786041,0.3999965739991435,0.44199121899780475,0.5018425029606257,0.010526884885668802,0.2397873464468366,0.2071359232839808,0.4550422587605647,0.43358348289587073,0.4099498699874675,0.5099356859839215,0.40994285298571326,0.4456305169076292,0.49989414647353664,0.0031107892776973192,0.23155704388926096,0.19056712246324328,0.4496893304223326,0.39895027873756966,0.3746767551691888,0.4868226827056707,0.398103776025944,0.44063841215960303,0.4969769091805936,-0.021666238674684507,-0.012843736710934178,0.2530847561160958,0.5368281172070293,0.5350331102582776,0.23714160762433,0.9242193645548411,0.9062847150711788,0.4344566856141714,0.7606880621720156,0.7198164149541038,0.3769295862323966,0.6196015174003794,0.5859943404985851,0.24731133782783446,1.0,0.91988983997246,0.4302804679814722,0.7431797352949339,0.6860177615044404,0.3641029135257284,0.6481539780384945,0.5935414588853647,0.2572003153000788,0.9335081408770353,0.8519772794943199,0.41589563853583134,0.6679917454979364,0.6262374215593554,0.33347459786864947,0.7058854854713714,0.3677564516150456,0.40780131155935706,0.17822802735745644,0.058607924726135394,0.022686996087293475,-0.36755485473481603,-0.413442550688551,0.10433948155016842,-0.18678848179680535,0.2885644052982146,0.24212539955374096,-0.18183441495860375,-0.05684659716311317,-0.11446459835340675,0.34136828234207056,0.2885644052982146,0.6311448797862199,0.7035736788934197,0.703251139812785,-0.36180344895086225,0.34911145977786495,0.8031806142951535,0.8944772146193036,-0.5578844594711149,-0.45456983357531916,-0.2522810484148675,0.2603733245933311,0.19866633766658442,0.014395607098901775,-0.19243936660984165,0.8944683586170896,0.5499277333943792,0.5906944028951111,0.6361487832643073,0.6590883052692345,0.6046408136602034,0.66704208026052,-0.33527291256968283,-0.20424097963683527,0.566263305028175,0.5793827345302207,-0.5603786330946583,0.5513193253298313,-0.007518756379689095,-0.0655886407209474,-0.04189138498855552,0.025715466428866608
HL2_absmean,-0.6080002852280714,0.6261325295331324,0.46403822750955687,0.6202385345596336,0.18945720236430058,0.1498273619568405,0.47773429593357397,0.3989773432443358,0.37608598752149686,0.4951976107994027,0.38768769842192463,0.41753036338259086,0.46356287289071824,0.09594361727188318,0.1887010971752743,0.16978901294725324,0.47050208912552227,0.436575448143862,0.4026952291738073,0.4979194019798505,0.3947232956808239,0.41926046531511635,0.4610838312709578,0.09152947538236884,0.1765496376374094,0.1511483470937674,0.4666028351507088,0.3850938842734711,0.3521129020282255,0.46784898746224685,0.38628384657096165,0.4159466254866564,0.4594168397764913,0.06789019324800713,-0.12946056236514059,0.3391177606566093,0.499775743943936,0.5905225101306275,0.4476511503306568,0.8376610299152575,0.9457620339405085,0.6971970122992531,0.7842133585533396,0.837222063805516,0.6382832000708,0.6034433153608288,0.6839085419771355,0.4910035062508766,0.91988983997246,1.0,0.7163553623574739,0.7898571429642858,0.8254493738623435,0.6272974088243523,0.6392423543105886,0.7062220375555094,0.5111358062839516,0.8853517118379279,0.9542432475608119,0.6945867361676241,0.6913345623336405,0.7375804018951004,0.5784794481198621,0.7157455204363801,0.4624398818367655,0.49388875758675616,0.42529933592799835,0.23538720455358464,0.10106974170989354,-0.43268818689882427,-0.40577809401317894,0.030741889159372916,-0.4200410329035217,0.3450188320238716,0.31740560420848235,-0.2211998007999502,-0.028545215248191126,-0.29998682808409344,0.3994238783559696,0.3450188320238716,0.7390934267733567,0.7169255947313987,0.7166109966527492,-0.5877418529354632,0.5786192631548158,0.8843912450978113,0.8417746069436517,-0.7399053649763413,-0.6324056826367641,-0.3096236492720212,0.3172028728007182,0.24779150894787724,-0.0424120516030129,-0.2657315014328754,0.842006156001539,0.6617183124258669,0.7141055357941736,0.7617472077581123,0.7797459714788976,0.6801642455410614,0.7885452756363189,-0.36471022795108965,-0.44028116323539623,0.4896664376002343,0.48036938445262317,-0.4835786948946737,0.47206738151684535,-0.028525732131433033,-0.07986166480526058,-0.05958171441777175,-0.04856482364120591
HL2_entropy,-0.4424857679533063,0.46812937145789135,0.28313290688940157,0.4437961621154641,0.02142339986388374,0.012891324227665304,0.2905481077459825,0.21222883938679565,0.20810484860425146,0.24957600098759125,0.1836685247360069,0.18575243025776472,0.17811816334633515,0.2281091274483637,0.01177239744751401,0.013499617129966638,0.2757739777969097,0.2435700437338497,0.20498025632193168,0.24538335443785736,0.18065417573128925,0.18453322470250613,0.17680051576642913,0.23176352277779202,-0.0049934322502306,0.004604481404573712,0.2828049310572846,0.18638353216577686,0.13869691597624034,0.21375571376908684,0.181413060421295,0.18543853867917412,0.17561408078523075,0.21862950082134733,-0.3145111184957213,0.3936089389474414,0.20954563046498723,0.4273747040039415,0.6629384472318156,0.36654879027465337,0.6269113127129199,0.9221133448741288,0.47492311840887574,0.6672823835708268,0.8535660554616011,0.3043583854537308,0.5473466427919157,0.7437045174550185,0.4302804679814722,0.7163553623574739,1.0,0.506991324937953,0.6906375176683685,0.8507400967540517,0.327757152312197,0.5792119052701807,0.7687092379655754,0.44127472448415916,0.7194922516428726,0.9432967161353878,0.40603622141131895,0.5884027360713351,0.7804222128982116,0.4439917584144365,0.42331743995695575,0.44021060363617626,0.6971823876281443,0.4938143904144221,0.240666633621157,-0.3452066561736946,-0.2288735345407003,-0.12444903205174962,-0.7059012881091897,0.27966481306260077,0.3192708330466145,-0.1978833712950491,0.04084359383840381,-0.5549083287212572,0.31303340887573977,0.27966481306260077,0.5937330639059158,0.41557750105021685,0.41541094850851623,-0.7431050805549345,0.7569680090258653,0.6323852633334603,0.3964241702547016,-0.7579645582753762,-0.6927668859422941,-0.24269418310556642,0.25199653509363246,0.17832017514691384,-0.10902465404704775,-0.3015610280033424,0.3968605376139571,0.5610256753875728,0.6081307442387841,0.6367548189050539,0.6376329218864552,0.49929015425977236,0.6440524530046329,-0.24982822323811257,-0.7027472632138763,0.1097357112662296,0.06632978190706648,-0.10568232096021112,0.0943033961112128,-0.06109301804616439,-0.08299094837222351,-0.07883113826690792,-0.13055866168862493
HH2_energy,-0.6539146052238692,0.6569262847315712,0.5511343362835841,0.6255404193851049,0.2299394299848575,0.22525613031403258,0.6506424456606115,0.4425036131259033,0.4343544875886219,0.6358159829539958,0.4755886023971506,0.4746789496697374,0.6378119809529952,0.009024117009413296,0.24623552855888214,0.25297803774450944,0.644263856065964,0.49973355793338947,0.47323781980945495,0.6373418028354507,0.48658169864542467,0.48009754652438663,0.6431092292773073,-0.002366108091527023,0.21989224747306188,0.2315755562307299,0.6445233951308488,0.44330300382575094,0.42563938940984736,0.6127131436782859,0.47760614490153624,0.4810985387746347,0.6461994282921819,-0.02835224734869393,-0.06576256944064236,0.19717126186675468,0.613833307958327,0.6536507354126838,0.3815026645187296,0.6311759087939772,0.7003406710851677,0.47319356379839095,0.930504552126138,0.9116343734085933,0.5467792546948137,0.7503262005815502,0.7681670295417574,0.43598013249503315,0.7431797352949339,0.7898571429642858,0.506991324937953,1.0,0.9460951930237983,0.5570216412554103,0.8106101161525291,0.8145419336354834,0.4750309652577413,0.7956228714057179,0.8230430987607746,0.5184826165095161,0.9024547191136798,0.8761263495315874,0.5414929578732395,0.6536755784188946,0.5256677959519729,0.47325595342303883,0.3848897135737254,0.046093918999973574,-0.12874502305053148,-0.5390833660120657,-0.2858688914565184,0.09327505750412553,-0.23291031024394798,0.4552292161518152,0.33645560899241483,-0.23402313300578326,-0.030642125214285887,-0.049465941043129,0.49775248493812124,0.4552292161518152,0.7726451786612947,0.7838451024612756,0.7835428073857018,-0.5715788988947247,0.5411889257972314,0.9111856167964042,0.8326093646523411,-0.7422677560669391,-0.5839629892051657,-0.5091036232168197,0.4934970138742535,0.5088161502040376,-0.1493975563493891,-0.23042473710618427,0.8331850287962572,0.6500695015049275,0.7270574210370018,0.7954616962120203,0.819190642104857,0.7328397572099393,0.8513017003254251,-0.4877324647989155,-0.2902993941837108,0.7155154821471889,0.7071364293144596,-0.7094309703577426,0.6960641250160312,0.008426628606657152,-0.05317579785377224,-0.02446560687557632,-0.1927062976765744
HH2_absmean,-0.6528350804535833,0.658150696037674,0.5345614621403655,0.6205429506357376,0.1740675375168844,0.16943455235863808,0.607046287761572,0.41445976061494016,0.41166354541588634,0.5858611854652964,0.4466147631536908,0.435893463973366,0.5487871866967967,0.08233216236391515,0.18561463190365798,0.1929982712495678,0.5946383971595993,0.4777751889437972,0.4450764827691207,0.5857814304453576,0.4525891191472798,0.44040491910122975,0.5529399422349855,0.07591223047805762,0.15647287511821878,0.17362787547207933,0.596715140178785,0.4041723455430864,0.3811231342807836,0.5538070549517637,0.4455949983987496,0.44159083289770823,0.5553181405377794,0.04950932964589841,-0.17127664581916147,0.25773516378044165,0.548813091703273,0.6671213447803362,0.5418643799192941,0.5708540222135056,0.7105201251300313,0.6334950983737746,0.8730651532662883,0.9475399993849999,0.7476264744066186,0.6914139633534908,0.8096542379135595,0.6237384944346236,0.6860177615044404,0.8254493738623435,0.6906375176683685,0.9460951930237983,1.0,0.7747470646867661,0.7555616338904084,0.8720815055203763,0.6762378250594563,0.7431566592891649,0.8745692336423084,0.7162511793499832,0.852784380196095,0.9234490108622527,0.7460286710071677,0.6488076572019142,0.6135989691809212,0.5585918668575511,0.5837940050087057,0.1789121007181686,-0.07957249648116123,-0.6058993612551204,-0.27824599680785517,0.06428372397221868,-0.4034792356964095,0.5123845758413444,0.415424354323441,-0.28379443244860814,-0.021438673321307028,-0.1851291553790278,0.5600101115025279,0.5123845758413444,0.838397740099435,0.7639809214952303,0.7636987849246962,-0.7359681504920377,0.7286535336633834,0.9382541870635468,0.7604698766174691,-0.8324336606084152,-0.7284495400036035,-0.5074537000537201,0.494524748131187,0.4937606344401586,-0.1794420448605112,-0.29132444933111235,0.7611142137785535,0.7236040859437245,0.8070618258181046,0.8708089643553478,0.8876038592338162,0.7672499263124816,0.9147964836991209,-0.4718698670713692,-0.48814223921861316,0.5815067235947459,0.552018779668709,-0.5756408204102051,0.5615116268779067,-0.022751489687872422,-0.07071926525937548,-0.051130956051913125,-0.2428326052081513
HH2_entropy,-0.44518576996338716,0.45789478697369673,0.31943122085780523,0.4233665648416412,-0.0012436743109185777,-0.012297412574353144,0.3349088727272182,0.2274572923643231,0.23236300009075003,0.30488566622141655,0.24614705253676314,0.2138807139701785,0.21699544224886055,0.19490685754980447,-0.010029119507279877,-0.007089475772368943,0.3150528202632051,0.27957918539479637,0.242087180021795,0.29996345249086315,0.243988563997141,0.21282041020510256,0.22024593256148314,0.20014212353553087,-0.03529143732285933,-0.013128725537104657,0.32591224097806026,0.19715331428832858,0.16483378870844717,0.26079775869943966,0.24330855982713995,0.21348097137024286,0.22118111012822045,0.1859968763189679,-0.3448108477027119,0.31415728940713133,0.2601657860414465,0.4854079363519841,0.7011462825495005,0.28019816504954126,0.5069777032444258,0.7676601674150418,0.5080711015177753,0.716988296247074,0.9154584578646144,0.3690215422553856,0.6293829883457471,0.8117647444411861,0.3641029135257284,0.6272974088243523,0.8507400967540517,0.5570216412554103,0.7747470646867661,1.0,0.4113718988429747,0.6909065102266275,0.8713468503367126,0.4067594366898592,0.6819122169780543,0.8906314948258474,0.4842779395694849,0.6999146604786651,0.9168714477178619,0.4503674820918705,0.5764663373479738,0.5389598421504395,0.798108179694985,0.40991041668884354,0.06610850067344948,-0.5340923092945183,-0.17294501863880593,-0.02383249419603847,-0.6399580336161741,0.4467427400623792,0.42664609564150074,-0.2772885108221277,0.02692507144491201,-0.42077346907253843,0.48490875572718894,0.4467427400623792,0.6708838347209587,0.46219944754986186,0.46203582300895574,-0.8157775304443826,0.8603227655806914,0.6810830497707624,0.3908600597150149,-0.7444548631137158,-0.7819782774241414,-0.32412479940274663,0.3215735828933957,0.2898262354565589,-0.17356630039157508,-0.31857750914437727,0.3913942683485671,0.6312432712842503,0.6943056950867884,0.724594353192034,0.7217005784457823,0.5802670270667568,0.7275428343857085,-0.28148448758223527,-0.7369666545180261,0.14128563162439,0.08309813083685631,-0.1373392063348016,0.12563047190761797,-0.08248627312156828,-0.08380387729524869,-0.09153934916916455,-0.25286143821535956
LH1_energy,-0.6629820947441419,0.6563019905754977,0.5945548231387058,0.6354622993655749,0.2390415687603922,0.2508241452060363,0.5479734349933587,0.450313656078414,0.4449426647356662,0.5793417818354455,0.5212756453189114,0.4714823708705927,0.5729693767423442,0.050459353383760605,0.2518484204621051,0.2693561788390447,0.545637299909325,0.5089629372407343,0.47299802974950744,0.5795754233938558,0.5345966146491536,0.4746353356588339,0.5766868846717211,0.036218430054607516,0.2231743307935827,0.2548219200510382,0.5352027348006837,0.4417496109374027,0.43175817593954396,0.5590954382738595,0.5234986908746727,0.4717059684264921,0.5783045662930058,0.0074692421201114955,-0.014952291738072934,0.2252409421447009,0.7932089103022276,0.7819728589932148,0.39606037216361567,0.5401183890295973,0.5615102723775681,0.30799687099921774,0.748165552041388,0.7216408174102044,0.40664775416193855,0.9230486472621618,0.8686680491670123,0.42799931449982864,0.6481539780384945,0.6392423543105886,0.327757152312197,0.8106101161525291,0.7555616338904084,0.4113718988429747,1.0,0.9087022551755638,0.4416793419198355,0.7206971491742873,0.6877374534343633,0.33448066487102673,0.7895358668839667,0.7482190795547699,0.4046119911529978,0.6462562315640579,0.5082142173198914,0.5264615109480756,0.2407997734071811,-0.004733485226821835,-0.15990695569195898,-0.46498139801172567,-0.3727217042703139,0.2252213028921852,-0.1468499891370719,0.4167960439248935,0.3684049592656954,-0.2871129972782493,-0.1051165416472994,-0.014323272704356403,0.48502355975588995,0.4167960439248935,0.771057212264303,0.8286357271589317,0.828452496113124,-0.495716415929104,0.47434299458574863,0.8641393305348326,0.8642639700659925,-0.6651054852763714,-0.5178466290996011,-0.4763381160131558,0.48531690732922683,0.38462065665516415,-0.1659539739884935,-0.18401509900377475,0.864481524120381,0.5818530543996534,0.6487181644228104,0.7160036920379258,0.745341064364769,0.6584913776228444,0.77492587973147,-0.47337182869798605,-0.23413934487263846,0.6746440411640018,0.6772949245817024,-0.6686723436680859,0.6587036816759204,-0.059620652905163225,-0.04506914256798843,-0.06881339397915352,-0.1684503796125949
LH1_absmean,-0.6650230965051578,0.667702351925588,0.5520384945096236,0.6359682689920673,0.1489835412458853,0.16248068262017065,0.5292975933243983,0.40241770510442626,0.4037640364410091,0.5268832962208241,0.465603927900982,0.41793844148461035,0.48401907550476886,0.1247001529718008,0.16031223407805853,0.18173877943469485,0.5227652416913104,0.47431652257913065,0.43067684816921203,0.5250490402622601,0.472587712146928,0.41942417985604497,0.4884531786132947,0.11696138624034656,0.12593725498431374,0.16666303397825713,0.518076380019095,0.38250132412533105,0.3671584502896126,0.4977031424257856,0.4645537506384377,0.4191362907840727,0.4912499024966943,0.08968967020605118,-0.16410995902748976,0.31266551428362815,0.7037554054388514,0.817868443967111,0.6453543130805861,0.47651389412847356,0.5942211900552975,0.5326362011590503,0.7440021150005287,0.8203995205998802,0.6742406645601662,0.8410396277599069,0.9450382102595526,0.7125702056425514,0.5935414588853647,0.7062220375555094,0.5792119052701807,0.8145419336354834,0.8720815055203763,0.6909065102266275,0.9087022551755638,1.0,0.7438207769551942,0.6646343981585996,0.7678384214596053,0.6039775664473748,0.7609600032400008,0.8307674871918718,0.6721517925379481,0.6598697804674452,0.5958707921669637,0.601805326573693,0.5056509598633951,0.1971800668473282,-0.055578965500110794,-0.5306421213572223,-0.3802269388433659,0.12106911443589745,-0.39698101080524434,0.45903605531337704,0.42525264254156986,-0.3038731404682851,-0.04698295829468045,-0.22585048866058263,0.5303592395898099,0.45903605531337704,0.8516151224037806,0.7949169772292443,0.7947319821829956,-0.7258206419551605,0.7148691677172919,0.9136744444186111,0.7815562473890618,-0.8128242697060675,-0.6878597478709418,-0.47784562539059844,0.4864551451137863,0.3830061237515309,-0.20496375324093832,-0.268056688014172,0.7819503484875872,0.6722128490573719,0.7496182351856656,0.8170834561336766,0.8397081864919372,0.7007068886767222,0.87105168026292,-0.4858642098304506,-0.5006306723454046,0.5259241114282494,0.5060630108953,-0.5198244939561235,0.5074980593745149,-0.07577663344415836,-0.06598274406991661,-0.08821936833792435,-0.24604467751116937
LH1_entropy,-0.3928289513545487,0.42004842751210686,0.22135129333782333,0.37944597486149373,-0.09475456768864192,-0.07943442635860659,0.25486116221529054,0.13991965097991274,0.1375688128922032,0.18894556423639106,0.17054367213591803,0.13374663943665985,0.1262428335607084,0.20971662000779873,-0.0893589688397422,-0.06813505703376425,0.24463949665987417,0.2059042939760735,0.15735391383847847,0.18647278661819666,0.16541432785358196,0.13168265092066272,0.12946804136701034,0.21846756511689128,-0.12083591570897893,-0.07757381017254272,0.24999190299797575,0.10290782872695718,0.07840939510234878,0.15430639307659827,0.16688781872195468,0.1318968059742015,0.13120293434993469,0.21124776414115895,-0.37583284895821223,0.36084472384649774,0.3444743496185874,0.595595443898861,0.8460575440816576,0.17442895210723802,0.39698162424540606,0.7015358668839667,0.4308554127138532,0.6331606462901616,0.8515817608954402,0.4296996084249021,0.7135661233915308,0.9433371063342766,0.2572003153000788,0.5111358062839516,0.7687092379655754,0.4750309652577413,0.6762378250594563,0.8713468503367126,0.4416793419198355,0.7438207769551942,1.0,0.28456059664014915,0.5537016859254215,0.8127510282973204,0.3637194654298664,0.575020708255177,0.8407140196785049,0.4511778977944744,0.46270855296579483,0.4653438540631433,0.7441661306860826,0.5021556289627517,0.20118244188135867,-0.37974208667874726,-0.24759288460939655,-0.12015476197757824,-0.698103853275222,0.2995419508977382,0.32953796725522205,-0.19390926947731738,0.07766057952108822,-0.546632889372931,0.3469174347293587,0.2995419508977382,0.5954731653682913,0.39038314059578516,0.39029739457434864,-0.7957850634462659,0.8101208205302052,0.6053711773427943,0.356148572037143,-0.730666708166677,-0.6761662191976613,-0.23290822106439585,0.2486642511660628,0.1397007979251995,-0.20342236335559083,-0.3235863643965911,0.35660604065151014,0.5208753076094834,0.5757431101516812,0.6132275317668036,0.6169355369652351,0.4462561955640489,0.6356448059112014,-0.30037858756993085,-0.7692300095959637,0.03495717950240382,-0.0036206341578740153,-0.030435192108798026,0.01860560415140104,-0.09934657733664433,-0.0844843022161204,-0.10817431208414338,-0.2688133617033404
HL1_energy,-0.6902525935719931,0.6755145293786323,0.6502699010674753,0.6651236292809073,0.3123822255955564,0.26518856429714105,0.5486680326670081,0.5064383451095863,0.47350336787584196,0.6204841626210407,0.49172067293016825,0.5439435684858921,0.6012780498195125,0.021397893857497675,0.32066883816720954,0.2847727056931764,0.5455312453828114,0.5362955900738975,0.5096310314077579,0.6245893426473357,0.5018566149641538,0.5495825378956345,0.5998610429652608,0.007883022470755618,0.3009108272277068,0.2635594229886905,0.5380873495218373,0.49690434572608644,0.46373748043437013,0.598357048089262,0.4887083031770758,0.5463790365947592,0.5972362240330196,-0.02791011698799554,0.003088668772167193,0.19723624713302537,0.4877878309469577,0.4897895844473961,0.22376598127540756,0.8224796161199041,0.8201065225266306,0.41588951747237934,0.728313860078465,0.7023406845851712,0.38996781149195286,0.6161541340385335,0.5912622128155532,0.2553500393375098,0.9335081408770353,0.8853517118379279,0.44127472448415916,0.7956228714057179,0.7431566592891649,0.4067594366898592,0.7206971491742873,0.6646343981585996,0.28456059664014915,1.0,0.9145647546411887,0.4364579436918294,0.8122945235736309,0.7610011992502999,0.39268823617205906,0.6406455896613974,0.5390578268825357,0.5731839852652054,0.1933468106887166,-0.08775979040068371,-0.17658128621718536,-0.5110300361082135,-0.44247276159409255,0.28634284227935874,-0.12428993970353554,0.4678678457581771,0.3555475455368774,-0.2718254614563654,-0.10007670267619438,0.02697079597532211,0.5269740612435153,0.4678678457581771,0.7877223304305826,0.8658193099548275,0.8656148854037213,-0.4641305900326475,0.4664317076079269,0.8716803334200833,0.8684072096018024,-0.6428711222177805,-0.5541984197415879,-0.5045011518144759,0.5074529528632382,0.43422269605567404,-0.005951243987810997,-0.13386643546660887,0.8686130726532681,0.6066675883718978,0.6744104543555175,0.7370374443121391,0.7626706272036583,0.6946448231612058,0.7849806957451739,-0.4451572933731913,-0.20282580428251074,0.7190317590275767,0.7169086932648548,-0.7137344324336081,0.7064163281040821,0.0035508623877155967,-0.022293679098500163,-0.005879680472124998,0.01192103248025812
HL1_absmean,-0.7095754544099544,0.7037568769392193,0.6246510871627718,0.6822151510537877,0.22898836224709057,0.1922555460638865,0.5462062980515745,0.47050095062523767,0.4489652907413227,0.5853077483269371,0.4575576723894181,0.4945136616284154,0.5302947290736822,0.10726845435733925,0.23292767523191882,0.21195468648867163,0.5375585213896303,0.5156122394030599,0.4801760460440115,0.5879744669936168,0.46393662948415737,0.4988178677044669,0.5295795003948751,0.09901048125262031,0.21014677203669302,0.18938499316726767,0.5337132869283218,0.45251020262755065,0.4154201208550302,0.5519717264929316,0.4550795982698996,0.49732026133006535,0.5277420316334112,0.0658865437463434,-0.1314397603599401,0.277590306501673,0.44374078343519585,0.5376731274182819,0.4278055243618082,0.7343161685790421,0.8498349024587256,0.6660687810171952,0.743303651825913,0.8125946466486617,0.6519250029812508,0.5880457185114296,0.6798346669586668,0.5004890466222617,0.8519772794943199,0.9542432475608119,0.7194922516428726,0.8230430987607746,0.8745692336423084,0.6819122169780543,0.6877374534343633,0.7678384214596053,0.5537016859254215,0.9145647546411887,1.0,0.7313173953778369,0.8045599246399812,0.861043220260805,0.6634454138613535,0.6520523140130785,0.6396586406960791,0.6588420800967131,0.464172019884507,0.10644717170500159,-0.09200344272753767,-0.5807484281000554,-0.4334700333087136,0.19246323347220187,-0.37043816980937816,0.5245448350517435,0.43006216724936175,-0.30654017413504353,-0.05930199825163265,-0.17253315937138836,0.5873999608499902,0.5245448350517435,0.8804963786240947,0.840385044096261,0.8401321425330356,-0.7004526251131563,0.7122077110519278,0.9345582731395683,0.8008883257220815,-0.7971726102931526,-0.7326047767200491,-0.5172212352492668,0.5179777609944403,0.4469686927421732,-0.06418990754747689,-0.21656872214218054,0.8013053783263446,0.7155432751724763,0.7934864819191779,0.8542295411980575,0.8723368981613508,0.7607114636778659,0.8924292356073089,-0.4495471412239457,-0.455015348924468,0.5913815425671537,0.564770975116322,-0.5859975609993903,0.5756193599048399,-0.024821187205296802,-0.05602261556867934,-0.0403600571051493,-0.07656952164238041
HL1_entropy,-0.4502642615726127,0.47150061947878036,0.2946593606358347,0.4345642449669844,-0.020955432754574763,-0.034745934462543066,0.29457688311515345,0.21877245085719205,0.2060194154093684,0.2615598093361222,0.19637792074176363,0.19581409685038478,0.17653817176694658,0.22108849427084812,-0.02460869867063119,-0.024880308988737478,0.28403597772202144,0.2619014269217828,0.21639626126136252,0.25763564560213814,0.19384721610718944,0.19529595847046158,0.1781264059151963,0.2279839756669819,-0.04605974579948126,-0.042030303804860045,0.2943165205498675,0.18386801810490555,0.13746265571876093,0.2162412039724819,0.1954558090105441,0.19563613830576168,0.17723865100905623,0.2169719697370859,-0.3377054759296481,0.33742607248612244,0.1872530337036982,0.39896989904170216,0.6287967236565772,0.33298967199716023,0.5781633812244679,0.8617849440925748,0.461887593318314,0.6578538419568508,0.8525473117762384,0.29516366526228904,0.541871808874356,0.7395122896827067,0.41589563853583134,0.6945867361676241,0.9432967161353878,0.5184826165095161,0.7162511793499832,0.8906314948258474,0.33448066487102673,0.6039775664473748,0.8127510282973204,0.4364579436918294,0.7313173953778369,1.0,0.4274123684236514,0.635862153442435,0.8733169237342187,0.4347554230149223,0.5281007131414569,0.5284056843564089,0.7493689724122194,0.43635243593395645,0.13558830271461614,-0.44515465777271457,-0.2567588266922298,-0.06401795013701299,-0.6883252268194082,0.3766230049495622,0.3582960122458081,-0.21370176258571696,0.06649545588307004,-0.49421843993790787,0.41952028669471186,0.3766230049495622,0.6441411332683892,0.43748398819911005,0.43726238864354394,-0.8191620921548947,0.8471733226787107,0.6434087693347489,0.3792501283469697,-0.7419974978058725,-0.7396964673509139,-0.28855962796453655,0.29601776097645355,0.21762352856909978,-0.11967025650731682,-0.2876503373783221,0.37976519172612183,0.5914144262407282,0.6478787309485463,0.6770233612713754,0.6750157957633417,0.5322416039595822,0.6805261338919281,-0.26179253384082224,-0.7408462635450179,0.10359755001593475,0.05568335675436423,-0.09978294777057416,0.08824269637685611,-0.05634639662885896,-0.09299928092419388,-0.08154756697863276,-0.1584841304898957
HH1_energy,-0.7187205524496583,0.6734313303578325,0.774678312169578,0.6647071451767863,0.3371355872838968,0.3394372208593052,0.6991626322906581,0.5620896970224243,0.5538229384557346,0.7575066408766602,0.5647147396786849,0.5944079791019947,0.7308084972021243,-0.04345368637971673,0.3464395196098799,0.3549170477292619,0.6904332001083,0.6031928782982195,0.5825200066300017,0.7603555435888859,0.5722700135675034,0.6003569250892312,0.7368153897038474,-0.06796243849060962,0.3188131817032954,0.33313915740971656,0.6909122207280551,0.5588370977092745,0.5406113161528291,0.7355329673832418,0.5632874623218656,0.6031297507824377,0.7391073140539938,-0.11502338204897929,0.0062687625671906414,0.11388527176402492,0.4711056862764216,0.4836198984049746,0.24198459208689224,0.5384897291224323,0.581964587991147,0.3629327527331882,0.7582316030579007,0.7407854946963737,0.4342192295548074,0.6326079126519781,0.6284461781115446,0.3074285448571362,0.6679917454979364,0.6913345623336405,0.40603622141131895,0.9024547191136798,0.852784380196095,0.4842779395694849,0.7895358668839667,0.7609600032400008,0.3637194654298664,0.8122945235736309,0.8045599246399812,0.4274123684236514,1.0,0.9439449694862424,0.4914389788597447,0.500540607635152,0.6926040401231086,0.6284103302122266,0.2762478451132879,-0.2012278492877834,-0.38217382392763666,-0.6609266731913944,-0.31730038640518526,0.3494256086495974,-0.08711270120363533,0.6617892399284427,0.43071900916431116,-0.3137963644490911,-0.09016942954286056,0.18724669992667778,0.693655515913879,0.6617892399284427,0.8661854405463602,0.8964575136143784,0.8961926810481703,-0.5639797154949289,0.5738310354577588,0.8824056151014038,0.7391856257964065,-0.6862663745665937,-0.6357920918781355,-0.7196932224431906,0.6802128605532152,0.7715976128994032,-0.10305414026353507,-0.06330278182569546,0.7396687294171823,0.6592135127977883,0.7574184816386523,0.8307318793060188,0.8508963052931624,0.7897626189406547,0.8875057663764416,-0.5171320169208532,-0.19195316556027384,0.8853252664133135,0.8508061930896529,-0.8820989055247264,0.8745471326367832,0.02955812988953247,-0.021709731951856437,0.008392338601231777,-0.16084976671244167
HH1_absmean,-0.7122093013194039,0.6771593532898383,0.7253033983258496,0.6535154368788593,0.2407826431956608,0.2432736743184186,0.6527169836792459,0.5196708714177178,0.5174531103632776,0.6970438217609555,0.5226894736723684,0.5405308516327129,0.631683672420918,0.04518825906401036,0.2476485259121315,0.2593669863417466,0.6399772404943102,0.5742062455515614,0.5482173830543458,0.6983453765863441,0.527003735750934,0.5456246744061686,0.6375608613902154,0.027099330774832692,0.21636372309093077,0.23668365300966962,0.6421069875267469,0.5003719055929764,0.4815087063771766,0.6628340527085131,0.5197603284400821,0.547890487972622,0.6392418843001868,-0.01811374278522835,-0.11581749795437449,0.17784778452863906,0.4327694086923522,0.5151438177859544,0.39602253165414136,0.4936612444153111,0.6045529856382464,0.5224501876125469,0.7340461730115433,0.796719076179769,0.6279039099759774,0.6004334431083608,0.6856386529096632,0.49225767906441975,0.6262374215593554,0.7375804018951004,0.5884027360713351,0.8761263495315874,0.9234490108622527,0.6999146604786651,0.7482190795547699,0.8307674871918718,0.575020708255177,0.7610011992502999,0.861043220260805,0.635862153442435,0.9439449694862424,1.0,0.723179451794863,0.523667383916846,0.8037712182611488,0.7247757044289306,0.49671989989653925,-0.05067810316444355,-0.3326088657399973,-0.7439978875282763,-0.3376951495113715,0.3023954430757254,-0.27302146121057236,0.7367835980610964,0.5190557323478708,-0.3686312166578042,-0.07456206896294686,0.03934768392629476,0.7740245775061444,0.7367835980610964,0.9328447792111948,0.8659920334980084,0.865703887925972,-0.7326867061716765,0.7766024166506041,0.9171335187833797,0.687480704370176,-0.7745842531460633,-0.790266815600611,-0.6959853910073422,0.6628650052162514,0.7227096426774107,-0.14172757593189397,-0.14073498068374518,0.6880814545203636,0.7417735732497235,0.8450625225825291,0.9103121012607593,0.9223668854376089,0.8284154626038657,0.9511653307913327,-0.48374576454925045,-0.40582618085873,0.7151034380440233,0.6657789679440762,-0.7114781108695277,0.7014094993523748,-0.005864432966108241,-0.047423440409211474,-0.02601907626452622,-0.22059571614892903
HH1_entropy,-0.44664119632778954,0.45289226622306655,0.33706472576618146,0.40518173929543483,-0.06468968367242092,-0.06503286125821532,0.3177749624437406,0.23356342189085547,0.24273118868279717,0.31780911895227976,0.24533164183291045,0.23021589655397415,0.21529297782324447,0.18260673822016207,-0.060359445089861276,-0.047876801969200494,0.30563865290966324,0.3013260003315001,0.2682722845680711,0.3122319975579994,0.24470435217608805,0.23046999061749765,0.2203235380808845,0.19236380259095065,-0.09343607635901909,-0.07073236020961468,0.3158754024688506,0.18925487181371795,0.17064505566126392,0.2646211696552924,0.24395841098960275,0.23102626875656718,0.21945010144481916,0.17653022169875426,-0.33647461661865413,0.2429176898205166,0.21884614571153643,0.4114471028617757,0.5889691497131508,0.24019235854808962,0.4446152116538029,0.6839615189903797,0.4591456507864127,0.6477492254373064,0.820806575701644,0.3400369300092325,0.5713105608276402,0.7247113991778498,0.33347459786864947,0.5784794481198621,0.7804222128982116,0.5414929578732395,0.7460286710071677,0.9168714477178619,0.4046119911529978,0.6721517925379481,0.8407140196785049,0.39268823617205906,0.6634454138613535,0.8733169237342187,0.4914389788597447,0.723179451794863,1.0,0.40809970952492736,0.6974105554314377,0.6270948498620386,0.7958534361279328,0.30955718802882504,-0.07154822681284695,-0.6197364332668028,-0.2385240647815455,0.05436459625025559,-0.5946680116931118,0.5680810305857252,0.45731577834342485,-0.28633716258429065,0.0492721698264462,-0.319426451361666,0.6056678939169735,0.5680810305857252,0.698233652058413,0.473835611958903,0.4736435999109,-0.8330283792570948,0.9124680901170226,0.6567398616849655,0.3568663912165978,-0.689279591819898,-0.8027940887679702,-0.37491402161909815,0.36971388092847024,0.3327962376990594,-0.17085170771292693,-0.2575303963825991,0.3574764443691111,0.6494150258408178,0.7171814388143027,0.7407861950021384,0.7328789637445705,0.6045736031434008,0.7306578791644698,-0.2466201790900099,-0.737758131216192,0.136244285612163,0.07739215490608284,-0.13259571464892866,0.12142017485504371,-0.05412215853053963,-0.08830317267513424,-0.07843625113847638,-0.26335704133926036
detail_energy_ratio,-0.4494700057860527,0.48840837810209453,0.25924748581187146,0.5099547554886888,0.04590943147735787,0.009834917458729364,0.34037020459255113,0.26487130221782557,0.25959468189867047,0.3262825715706429,0.3233028148257037,0.26179999444999863,0.3542237175559294,0.060794727971480014,0.04858343714585928,0.021596646899161725,0.3384085821021455,0.30923847980961994,0.29025047456261865,0.33492818073204517,0.32673698468424617,0.26319736329934085,0.3550771097692774,0.07090013822503456,0.029133773783443447,0.004931251234662028,0.32834311458577864,0.23387160746790187,0.22013415703353925,0.3014436963609241,0.315577047894262,0.25997974099493526,0.3512333116900404,0.06334733411058878,-0.5309470597367649,0.2196226044880096,0.6920232140058035,0.7291504747876187,0.4513985442689105,0.6979649929912483,0.7288414687103671,0.4383568980892245,0.724273468068367,0.726213888053472,0.48368764892191224,0.7116008709002177,0.7250353782588446,0.4534789643697411,0.7058854854713714,0.7157455204363801,0.4439917584144365,0.6536755784188946,0.6488076572019142,0.4503674820918705,0.6462562315640579,0.6598697804674452,0.4511778977944744,0.6406455896613974,0.6520523140130785,0.4347554230149223,0.500540607635152,0.523667383916846,0.40809970952492736,1.0,0.2846597664578604,0.3176569486809896,0.355034266884411,0.3060541368158632,0.1867582432842658,-0.3218438735045244,-0.36564585472319555,-0.07883626026667795,-0.34446070149980224,0.18850030551615599,0.23837233711125316,-0.16855349263837316,-0.0006180977110803709,-0.3164176320835101,0.2406955051738763,0.18850030551615599,0.5036182589045647,0.5071530382882595,0.5069561812390453,-0.36193609848402464,0.36930023332505835,0.7148644037161009,0.7942497920624481,-0.5148971217242805,-0.4652299144460579,-0.05120940907155579,0.06263657615914404,0.010457264614316154,-0.06553287738321935,-0.28744060786015196,0.7943089610772402,0.49540082522175694,0.5221759397398009,0.5569885179148709,0.575166582007333,0.4930470857617714,0.5808789027197256,-0.2713075242803617,-0.34709807315468005,0.3365475640130963,0.3512592963282686,-0.33051475362868843,0.31927873231968307,-0.07260819615204904,-0.09795887909992351,-0.11539177839121652,-0.07887355071838768
lbp_bin_0,-0.5889125009210864,0.536749888274148,0.6806009571086277,0.5022606379606847,0.11858088219847182,0.10837468079694332,0.4599511353915449,0.4277335814190638,0.4440491590046204,0.5372387092589044,0.42988429745194523,0.4580659899862038,0.45375030641359665,0.10531131524025368,0.12967930727849075,0.11718756077932917,0.45282736197035256,0.4807278981195858,0.47763426138386667,0.5426846561243205,0.43202000072761676,0.4638773542771117,0.4589752716728864,0.09349878590279441,0.09595863258413584,0.09055058852087901,0.45461359282818997,0.38397442790372915,0.39297029072399253,0.4924948165206487,0.4263660772623199,0.46260346216532494,0.45166130995472903,0.0526744183166437,-0.16567019181311401,0.05786967606361459,0.14368801950617516,0.20348277097260614,0.20284335936659498,0.2356703661806996,0.3182505538398369,0.336473555591434,0.34583803833872706,0.4283252124531946,0.4442132215834114,0.3125770838651528,0.3866428099352197,0.3248584387632738,0.3677564516150456,0.4624398818367655,0.42331743995695575,0.5256677959519729,0.6135989691809212,0.5764663373479738,0.5082142173198914,0.5958707921669637,0.46270855296579483,0.5390578268825357,0.6396586406960791,0.5281007131414569,0.6926040401231086,0.8037712182611488,0.6974105554314377,0.2846597664578604,1.0,0.9125600548474779,0.497946521390201,-0.17806399148820884,-0.5508131290760386,-0.855274514248307,-0.3867592797175114,0.5474717171005612,-0.22487623449947483,0.9394547577106054,0.6673121409773994,-0.4997903145243118,-0.14569483805102507,0.16471589915048923,0.9722717734335449,0.9394547577106054,0.8192709859549127,0.7023635915601334,0.7021276016967993,-0.6272659834945051,0.8078457309679337,0.6511748204767248,0.3796975545997606,-0.5423448917111486,-0.8056928822523916,-0.6976648388151816,0.6731918160503875,0.6873845251164363,-0.09908355108487803,-0.02314904611733001,0.38012133780328256,0.6711395189431263,0.750027067231779,0.7742495636640605,0.7680544152711737,0.7089502687233853,0.7593304869184865,-0.2566663272065101,-0.4637169859989887,0.48183251570576563,0.4402010173617009,-0.48060979181286523,0.4761610364263503,-0.014751980584639066,-0.04084933441384943,-0.027220090832656876,-0.16050078208050483
lbp_bin_1,-0.6161451518472931,0.5707551436570465,0.6830764939036649,0.526871320135051,0.15461228179185685,0.11801426309401004,0.4214981785585529,0.41231697286962765,0.4097167771832883,0.48945363581323176,0.4175971927787281,0.43729516876593005,0.41137001643757876,0.1353343045470297,0.16209392970535888,0.12320126846058135,0.4097363911922372,0.4548229685129891,0.4381286816462203,0.4893116172484358,0.41993456884515595,0.44278863852232575,0.41430608927716206,0.12261260519200373,0.13125328938431607,0.10361082268629411,0.4077627277917532,0.37287417137384865,0.3629007410734708,0.4427009507323182,0.41415721345923745,0.4404402839508889,0.40668750570369094,0.08496245492098278,-0.18153515282541735,0.11365877189943914,0.1597224256233601,0.23034073059296323,0.25236880886291274,0.2725029755794884,0.3518132587648068,0.36092037716992975,0.29740833519255927,0.3842202928005168,0.4288647606695562,0.32999078080830074,0.4057654716305051,0.35509375801153464,0.40780131155935706,0.49388875758675616,0.44021060363617626,0.47325595342303883,0.5585918668575511,0.5389598421504395,0.5264615109480756,0.601805326573693,0.4653438540631433,0.5731839852652054,0.6588420800967131,0.5284056843564089,0.6284103302122266,0.7247757044289306,0.6270948498620386,0.3176569486809896,0.9125600548474779,1.0,0.45876030109267674,-0.14337915020066744,-0.4421519300723788,-0.790008390925873,-0.4481165772699673,0.6279334671379285,-0.2632689874213621,0.8416420195196974,0.6802997931521323,-0.5343616155524985,-0.2005028193254206,0.06379919553365226,0.9053471503146566,0.8416420195196974,0.8244702851645852,0.7259174021998303,0.7257297206142005,-0.6220896858284324,0.7916002594176352,0.6480268134122474,0.40790500660666795,-0.5572805212592497,-0.7859828744554649,-0.6747963520038986,0.6707774077922066,0.5931079408555107,-0.056034744815853514,-0.07234457625721445,0.408313004542817,0.6432093119466691,0.7121638358168266,0.7408621038239971,0.7412338775909352,0.6593603048331531,0.7369948375039103,-0.28023004106513466,-0.5029325694015953,0.4436538563334516,0.41282520378612686,-0.44162434024111463,0.4378581287727806,-0.04034831140891794,-0.04030098943266589,-0.04368589169807122,-0.07313947161988549
lbp_bin_2,-0.24223095733400804,0.2710366215692817,0.10231083051231958,0.20265489512580193,-0.14822025557916507,-0.16042427920784105,0.22266126706202505,0.08752007037266599,0.09541362998349194,0.12790303171136552,0.15340767335926575,0.10580856855543601,0.06230657589483212,0.3534375307092564,-0.13572201277862828,-0.15063003098677524,0.20779622912898393,0.15847466881902478,0.11875094286540112,0.12097574566496419,0.14811060326511438,0.10019548577669372,0.06437606035366984,0.3675266746815394,-0.15684398111649922,-0.15628127797141567,0.21098626449236352,0.060046810324846434,0.037763042558339344,0.07727886989052418,0.15150532949805903,0.0997956942931655,0.06122506966105662,0.37098948796837633,-0.421834604654162,0.3013774780301527,0.141626708477709,0.34631117828903635,0.5837753677167349,0.12135866138863485,0.33410400465852036,0.6399448743078354,0.34259798837006905,0.5301529386756149,0.7550357190352815,0.22419964171062823,0.45962474697833094,0.6758192837629768,0.17822802735745644,0.42529933592799835,0.6971823876281443,0.3848897135737254,0.5837940050087057,0.798108179694985,0.2407997734071811,0.5056509598633951,0.7441661306860826,0.1933468106887166,0.464172019884507,0.7493689724122194,0.2762478451132879,0.49671989989653925,0.7958534361279328,0.355034266884411,0.497946521390201,0.45876030109267674,1.0,0.6095566578592261,0.11297356741970661,-0.4263873473222306,0.026222367487697486,-0.12078753940289114,-0.7234606024815657,0.3622232405512206,0.5393519740307727,-0.40714433707320863,-0.08906333642341929,-0.5399688504415647,0.4018053892045954,0.3622232405512206,0.48224912894379934,0.26056092070016235,0.26039978085603654,-0.6322389303066004,0.7565913886939871,0.4603409231466674,0.1932321003717114,-0.5363178050266678,-0.6818417556795795,-0.19759626149502582,0.20462312502549432,0.14932265797310593,-0.23747201096335166,-0.38069478112336025,0.19377507818887835,0.5143354624469823,0.5442911243881925,0.5488200809911754,0.5381962840757579,0.4120288214263583,0.5316929753251889,-0.12213040180602555,-0.7753609678235288,-0.04270581058654866,-0.0699770033028037,0.04610045917843329,-0.05827597829045907,-0.06760673599078844,-0.08932707802867737,-0.08558995552733377,-0.30082900072175683
lbp_bin_3,0.13405330928428516,-0.05890477785010868,-0.374365528094409,-0.08479347016187418,-0.24404833117068775,-0.24174117045715973,-0.09400113925722711,-0.1745397488921651,-0.17261408858796118,-0.25368571894550196,-0.11424881071316119,-0.19499783368597304,-0.2328214759820722,0.2956459843300256,-0.2555883354900822,-0.24545382725765807,-0.10091221964346715,-0.1456202003146382,-0.1788681019497936,-0.2571808734051659,-0.11794429625648839,-0.20295984676110887,-0.23550177385143164,0.3205554296219658,-0.24325678834011966,-0.23207423800703472,-0.10601616527500252,-0.18197734974829327,-0.2077699212699163,-0.27064013152608873,-0.11530445115402305,-0.20653083900244457,-0.23630884177709915,0.3532787867955378,-0.3345232914552943,0.42861718266198834,0.19823998603997697,0.37608782956368514,0.5752663725863517,0.11515817784293565,0.282841324121612,0.5265730231600663,0.17165527468753652,0.3003848889482435,0.5023801378065121,0.14589156992796895,0.3315945312321708,0.5567084452453723,0.058607924726135394,0.23538720455358464,0.4938143904144221,0.046093918999973574,0.1789121007181686,0.40991041668884354,-0.004733485226821835,0.1971800668473282,0.5021556289627517,-0.08775979040068371,0.10644717170500159,0.43635243593395645,-0.2012278492877834,-0.05067810316444355,0.30955718802882504,0.3060541368158632,-0.17806399148820884,-0.14337915020066744,0.6095566578592261,1.0,0.7060146442458729,0.243679078327769,0.10013422400875753,-0.5934856018426841,-0.7279994036567065,-0.3418801233738305,0.11329175831592538,-0.11740447678104628,-0.04877668845843165,-0.8972882328441206,-0.30786777782328506,-0.3418801233738305,-0.03525581297370939,-0.1699537992269578,-0.17001540275268498,-0.21643083188692921,0.2172415694755135,0.09940420451368231,0.07958543348686778,-0.2342569173315484,-0.16087833693936562,0.3729535495195889,-0.33646618526669536,-0.45191525373111424,-0.1647344255472168,-0.4392319316842417,0.07958529473680984,0.17550356280130552,0.12315719822971058,0.09622512388318755,0.088967638188474,0.009174391581455414,0.06665787233799488,0.14362772596525186,-0.5576993766183472,-0.40001300095543996,-0.3827702400165045,0.4039920337171788,-0.4149526552946085,-0.10268546938402061,-0.10736084620735585,-0.11540718886520655,-0.15338767380852944
lbp_bin_4,0.32252514282196226,-0.24528249042201086,-0.5369486360728959,-0.2211259633918375,-0.24482368153373732,-0.2505774185177698,-0.24919675660167284,-0.29055898031721306,-0.31388557359726516,-0.3684470340407253,-0.24927355362481754,-0.3069588550097253,-0.303769335798484,0.015572016198855907,-0.2516538045921657,-0.23887412474068964,-0.24427541411850323,-0.29113622324117966,-0.3222187713586826,-0.3666798137581293,-0.25125139122088835,-0.31155069914359235,-0.3105034588279803,0.035818933794931215,-0.22360636638936895,-0.22751580340289396,-0.24997551408637086,-0.27747116512287273,-0.2990974703905005,-0.35987204220643715,-0.24803953025291375,-0.31144662836222803,-0.30764101558067686,0.076023870440203,-0.13095286771592068,0.4111635535686028,0.17566110493986573,0.28709652627371596,0.4174624645942992,0.1435122672510097,0.22964198270835282,0.3287688915827251,0.06157291930653863,0.11761818469718056,0.21998116154682285,0.04043589543636804,0.14526503352924966,0.32269978325364757,0.022686996087293475,0.10106974170989354,0.240666633621157,-0.12874502305053148,-0.07957249648116123,0.06610850067344948,-0.15990695569195898,-0.055578965500110794,0.20118244188135867,-0.17658128621718536,-0.09200344272753767,0.13558830271461614,-0.38217382392763666,-0.3326088657399973,-0.07154822681284695,0.1867582432842658,-0.5508131290760386,-0.4421519300723788,0.11297356741970661,0.7060146442458729,1.0,0.5501466882080157,-0.004293178854466374,-0.6889207054648187,-0.5422135903906015,-0.6372806684405583,-0.3621320625449494,0.3038334938178196,0.14921777749893445,-0.8333994386038267,-0.6557652971312672,-0.6372806684405583,-0.34437356953558496,-0.3691697027585196,-0.36927924479153285,0.1341555674311343,-0.21554820571084077,-0.12262462145599544,0.023893472700895365,0.01919241653411456,0.19257064301837254,0.6139492387591836,-0.5804468206821614,-0.6448825028514651,-0.019686573683041168,-0.30750160992329806,0.023566237102274738,-0.14558921598614205,-0.20845785440215783,-0.22289711459279102,-0.21872692987585135,-0.28221400380224576,-0.21632002119344665,0.13040627589899628,-0.2440097637549465,-0.4332235434752048,-0.38824655579899114,0.43657909682402585,-0.44207200697945165,-0.09912840887482435,-0.047300897308521495,-0.09135148406531043,0.019877545490595297
lbp_bin_5,0.5232351850045236,-0.4771650517044255,-0.6016954028084331,-0.45965340817823114,-0.1844514619743602,-0.14204748913209284,-0.4321895364772262,-0.3864251477285557,-0.4027419523435761,-0.5316047459384856,-0.38934438873313953,-0.4023634767133332,-0.4565278811026591,0.023555347739817403,-0.19385876096164698,-0.14082046170984203,-0.4216294713432437,-0.42290667153276024,-0.4188692063933675,-0.5349463675884212,-0.3929107404604103,-0.40738863744261666,-0.46424319375769113,0.03015622112750973,-0.16233488511349306,-0.12724993983760485,-0.4259780733397064,-0.3554911500833936,-0.35000659469602097,-0.49336514652928326,-0.3877427354319706,-0.40916704555461136,-0.45839043079050545,0.06618870180200806,0.1806433874139065,0.05090254903592837,-0.1727953854632128,-0.21918193842598555,-0.16053898255568022,-0.257015482445454,-0.30770846489017684,-0.2587990370592198,-0.4086477296259018,-0.47132447269453626,-0.42232867033385557,-0.31350656838544927,-0.3681380024354917,-0.26525707403159177,-0.36755485473481603,-0.43268818689882427,-0.3452066561736946,-0.5390833660120657,-0.6058993612551204,-0.5340923092945183,-0.46498139801172567,-0.5306421213572223,-0.37974208667874726,-0.5110300361082135,-0.5807484281000554,-0.44515465777271457,-0.6609266731913944,-0.7439978875282763,-0.6197364332668028,-0.3218438735045244,-0.855274514248307,-0.790008390925873,-0.4263873473222306,0.243679078327769,0.5501466882080157,1.0,0.3573090896224877,-0.559773101149917,0.10748854665983558,-0.8530244498200122,-0.5024015698291442,0.3341773299987752,-0.02066717325313735,-0.2761293220296194,-0.8829721186027842,-0.8530244498200122,-0.7077559828065307,-0.6208912829142155,-0.6207172363543217,0.5124148665847682,-0.6760507501459674,-0.6108950319742557,-0.3864603549906714,0.4809412430039074,0.7487783045586075,0.6064848986840503,-0.5742701351207128,-0.6425192968569559,0.08451627358416303,-0.022384270702987256,-0.3868667591305252,-0.6018783121977856,-0.6737231737226363,-0.6930902907795171,-0.689453909766875,-0.6530603254843874,-0.6724659829123594,0.21199207386076743,0.3611538944175182,-0.4790635057873799,-0.4469179758808389,0.47823641957311,-0.4745696233112737,-0.007700630649979557,0.009576147681165027,-0.007020451668545631,0.1472781124320811
lbp_bin_6,0.31117785508738477,-0.3031465130595513,-0.28839179107779694,-0.32269073736916,0.03660161277111423,0.06679636967502221,-0.1656892852260897,-0.19801024549634927,-0.18890477764494729,-0.24349036922301728,-0.1900208421121583,-0.23145936999159547,-0.22572966480954323,0.11133259908686978,0.03872642338657081,0.05806546706432525,-0.17729479868408368,-0.22246819621364175,-0.23165713461868398,-0.25386732414150875,-0.19082551012925816,-0.23580614028493907,-0.22898224139973053,0.11210208003960782,0.04290403557120916,0.07454796780934904,-0.1678623951225846,-0.15956615454121237,-0.17013003882982933,-0.2191897071068024,-0.1820836635115283,-0.23423028652225591,-0.2231417574801672,0.12233678541256243,0.07020582386602298,-0.09798089212672118,-0.3034735740197289,-0.32066712581873646,-0.18253914149768202,-0.3819334149399902,-0.39395565266578164,-0.2256290439948818,-0.26743727936190226,-0.2695938959977982,-0.16748589338063513,-0.3309396926701455,-0.3378240573442109,-0.2069780267592704,-0.413442550688551,-0.40577809401317894,-0.2288735345407003,-0.2858688914565184,-0.27824599680785517,-0.17294501863880593,-0.3727217042703139,-0.3802269388433659,-0.24759288460939655,-0.44247276159409255,-0.4334700333087136,-0.2567588266922298,-0.31730038640518526,-0.3376951495113715,-0.2385240647815455,-0.36564585472319555,-0.3867592797175114,-0.4481165772699673,0.026222367487697486,0.10013422400875753,-0.004293178854466374,0.3573090896224877,1.0,-0.1015308375058784,0.14695158449242016,-0.2999439364108987,0.045456547887656185,-0.13845556772501988,-0.24732702719396502,0.062024166643243096,-0.347898191318102,-0.2999439364108987,-0.4006642209768759,-0.40396437459763734,-0.40383556276485966,0.24432631751021863,-0.27839217490179285,-0.40923549573499196,-0.4297292679048039,0.3071218786142209,0.27401028254981413,0.17201243397900828,-0.17935731650950934,-0.11056113129935552,-0.05368859850163975,0.03409183290826675,-0.4295585910451227,-0.362848796072872,-0.38064477475461944,-0.397664589847486,-0.4071087611459647,-0.35969538539927476,-0.39791074870742554,0.15780327065169136,0.25762866928025413,-0.23765156343497357,-0.2559526879235802,0.23445578316716573,-0.23143499647593244,0.038012395927718864,0.014389980263550897,0.031239402586938265,-0.08149419737021486
lbp_bin_7,-0.383228481236999,0.3090212321469024,0.5944857962360242,0.3023266320412339,0.324718692765255,0.2893112732672849,0.21786651720559863,0.29696656910450214,0.3101868137311502,0.35247199692659964,0.2659866860758348,0.31424438626500856,0.30857816567481533,-0.07593384809031893,0.32859045795597747,0.27784227501844916,0.2082797881502504,0.2917020764656751,0.3043499965554454,0.3573180606056892,0.2710363493569787,0.3207501047760002,0.3114687526237221,-0.09566313595114992,0.30462033119095067,0.27032602447730053,0.20073587036886137,0.28093478156856816,0.29523693923752514,0.343667874513533,0.26948816783095264,0.3181222759588009,0.3046900299651459,-0.1348845867864851,0.0825577613820805,-0.1557537357549726,-0.10129495177409778,-0.16366682728800236,-0.20900513309220647,-0.007280196649198801,-0.07376937997690405,-0.17778333586390274,-0.06868732867952568,-0.09412210042870582,-0.12385283983123989,0.02533258419795863,-0.05043976103293182,-0.17549501046687954,0.10433948155016842,0.030741889159372916,-0.12444903205174962,0.09327505750412553,0.06428372397221868,-0.02383249419603847,0.2252213028921852,0.12106911443589745,-0.12015476197757824,0.28634284227935874,0.19246323347220187,-0.06401795013701299,0.3494256086495974,0.3023954430757254,0.05436459625025559,-0.07883626026667795,0.5474717171005612,0.6279334671379285,-0.12078753940289114,-0.5934856018426841,-0.6889207054648187,-0.559773101149917,-0.1015308375058784,1.0,0.309113912142909,0.6713202330058076,0.4594046784184397,-0.4309021349897088,-0.2978613269323053,0.5832954075327631,0.6578691387569267,0.6713202330058076,0.4013088414060695,0.4415417805728315,0.4418147402096525,-0.1328876301099288,0.25081277746991265,0.19844699747156377,0.0807357704688075,-0.10310916893347419,-0.3747644391218631,-0.5749988554338189,0.5614098451567027,0.545561970462955,0.04784240998100952,0.2781703296828866,0.08081026275614676,0.1586819330333354,0.21324276271790757,0.23335479426911407,0.2368126735411648,0.25420817992185823,0.2399831267915499,-0.13607275130852545,0.10951557318575285,0.40207787731732786,0.38012660994857017,-0.4047391578755157,0.4124177517244111,0.0380374870662916,0.04720468321445421,0.054934278556409206,0.07431969200274798
lbp_bin_8,0.15271239162600067,-0.19914904311961035,0.029448549703297223,-0.18990849332484916,0.19382335586479638,0.21981691917967558,-0.08283919079551363,0.014909769412769069,0.007495116969641066,0.010202071861582711,-0.028224656550024423,0.014390314741608753,0.03484724498216733,-0.1974281530016126,0.19009342763578502,0.19500933425557626,-0.07977575328611096,-0.02613840111260325,-0.00532605175493407,0.009389148843724575,-0.02523935256636675,0.02038713521756112,0.0358694743189919,-0.20755141363819146,0.19569098548018035,0.20167710277823492,-0.07871570443682487,0.030736251377594927,0.04257805402946894,0.04042666707058693,-0.028866064261368268,0.020948076152391158,0.039245034195955784,-0.21849420532577668,0.3593083536421037,-0.4854819183983494,-0.18729488271366446,-0.40027357264014346,-0.6723240402828949,-0.18918900833777885,-0.4086755951586099,-0.7161169572105397,-0.27026306455168064,-0.4421034181730777,-0.6852995453062024,-0.19455112460459617,-0.43019300999859816,-0.6980044474924677,-0.18678848179680535,-0.4200410329035217,-0.7059012881091897,-0.23291031024394798,-0.4034792356964095,-0.6399580336161741,-0.1468499891370719,-0.39698101080524434,-0.698103853275222,-0.12428993970353554,-0.37043816980937816,-0.6883252268194082,-0.08711270120363533,-0.27302146121057236,-0.5946680116931118,-0.34446070149980224,-0.22487623449947483,-0.2632689874213621,-0.7234606024815657,-0.7279994036567065,-0.5422135903906015,0.10748854665983558,0.14695158449242016,0.309113912142909,1.0,-0.084554761021875,-0.14869204728630858,0.04142370314911032,-0.1543944237500524,0.8420674583490615,-0.06331346686178753,-0.084554761021875,-0.2713226544008155,-0.0962094069509999,-0.095981631875948,0.4319356078227842,-0.5307167806211809,-0.3356393545931684,-0.19403488743449604,0.44182835858244557,0.5446610226250661,-0.0634714855626565,0.04776718198928662,0.11047872565274046,0.14354463304795706,0.2922308905400794,-0.194256450257501,-0.3793651657853472,-0.3757851448371259,-0.37127389498820496,-0.36278341617318055,-0.23027118687435683,-0.3542702652320535,0.04306752222304935,0.8131545496143596,0.1620065660669165,0.16145019306892675,-0.16555802005136813,0.1750796001887288,0.08981348809354461,0.10012350535333427,0.11387189031349018,0.1579741525524838
lbp_bin_nonuniform,-0.5307345661394107,0.46689663671183695,0.6764343256470245,0.4512791929465644,0.17712002104374666,0.16866498871390492,0.4413058924034611,0.41739481335759304,0.4375922205203269,0.5404930844179532,0.40184236686215274,0.4401087855381938,0.46927462793742153,0.00851255960058697,0.18319165914635527,0.1690239290734266,0.4352333423005742,0.4520814434413511,0.45551859999011346,0.5469697301441397,0.40367918417261167,0.44584030678702424,0.4731908756323666,-0.008070611462545334,0.15594205608182007,0.14706604455367683,0.433813366117304,0.38106133727134106,0.3961561561271477,0.5077180414174681,0.399645412191807,0.44624244190972573,0.4663474867191579,-0.053289113779824336,-0.11803670326594926,-0.009916758029569593,0.06528887667126859,0.08960447509056559,0.07245624301038234,0.16619370720985516,0.2152254109206538,0.2075498268286412,0.27555703582934093,0.3278292010288854,0.31229096403778084,0.21717232001470446,0.25204516315528075,0.1748978948657204,0.2885644052982146,0.3450188320238716,0.27966481306260077,0.4552292161518152,0.5123845758413444,0.4467427400623792,0.4167960439248935,0.45903605531337704,0.2995419508977382,0.4678678457581771,0.5245448350517435,0.3766230049495622,0.6617892399284427,0.7367835980610964,0.5680810305857252,0.18850030551615599,0.9394547577106054,0.8416420195196974,0.3622232405512206,-0.3418801233738305,-0.6372806684405583,-0.8530244498200122,-0.2999439364108987,0.6713202330058076,-0.084554761021875,1.0,0.6264930261134901,-0.48342812825600834,-0.18165691354967348,0.3455529975422533,0.9708149977199275,1.0,0.7071386112656698,0.6214608876232542,0.6212925883219019,-0.47452931329075737,0.6705158638411539,0.5437728384186881,0.29076405321938215,-0.4191943076566637,-0.7564319762687738,-0.6827231183219136,0.6432326922663761,0.7337346971308005,-0.07305931704222422,0.11288260944330637,0.2910970893209998,0.5537665941333578,0.6348974228361636,0.6560310371634944,0.6476752153647792,0.6191514914185997,0.6399949255284526,-0.20259664659424956,-0.3065423140236774,0.5062008687693661,0.46607095243445323,-0.5069818524428384,0.505618134526734,0.009741978722521272,-0.022674491069062924,-0.003923203198538582,-0.147127379892242
lbp_entropy,-0.3936981735150906,0.3700139699197582,0.43737893658678545,0.29670144475915033,0.09395128009351521,0.10278584056209421,0.32237984845763945,0.28016472360636624,0.28403566207845565,0.29864045774608494,0.3212675531783143,0.30536161293393504,0.26338693889304504,0.3460394797789292,0.08786533906518328,0.08094977407851202,0.30090809456554524,0.31744185021758464,0.2898631612918864,0.2951327278652063,0.32252094074307125,0.30512853012540214,0.26340489164755343,0.3345771285206814,0.07220722888304035,0.07402324186684534,0.29617603362720646,0.24970991445840227,0.23360012566283156,0.25962460644822927,0.3147586390437632,0.2977565615241165,0.2579311323696798,0.3067030071358063,-0.2001032107509188,0.14731599779997345,0.09857909625567554,0.16485947640033602,0.2133794576649336,0.1368989901287589,0.2105778791313699,0.2630308313036175,0.2053357025649283,0.28213485485111545,0.3571962934509192,0.23876526520992722,0.29837783393013356,0.2724667359232091,0.24212539955374096,0.31740560420848235,0.3192708330466145,0.33645560899241483,0.415424354323441,0.42664609564150074,0.3684049592656954,0.42525264254156986,0.32953796725522205,0.3555475455368774,0.43006216724936175,0.3582960122458081,0.43071900916431116,0.5190557323478708,0.45731577834342485,0.23837233711125316,0.6673121409773994,0.6802997931521323,0.5393519740307727,0.11329175831592538,-0.3621320625449494,-0.5024015698291442,0.045456547887656185,0.4594046784184397,-0.14869204728630858,0.6264930261134901,1.0,-0.9645193207149144,-0.6912283832071277,-0.009574092986870654,0.6853267818526881,0.6264930261134901,0.5959891549177765,0.5028672235325315,0.5027953000144697,-0.4790818480594291,0.6067219321130451,0.45206729652539984,0.2422617083379715,-0.41323610652391723,-0.5906199486934379,-0.5032972775792653,0.5085039129480451,0.42581027668160576,-0.13072969107949367,-0.2594568179060934,0.24256228366345348,0.46066098952898676,0.5029681917465002,0.5191567885126162,0.517641423436818,0.46689904450002256,0.5171613908721543,-0.14498015076687548,-0.31597266821712605,0.26510341717350944,0.23558657783836928,-0.26331385887469283,0.25832050987073807,-0.02346930289372869,-0.049991918110461345,-0.03143190115512314,-0.13465494981522427
lbp_uniformity,0.292550506247333,-0.2742647110661778,-0.3366469876617469,-0.19960464940116235,-0.09683041220760305,-0.10997259649314912,-0.24650052612513154,-0.21692884973221244,-0.21684676821169205,-0.20858972814743204,-0.26224476106119027,-0.24275314418828606,-0.19747128736782185,-0.3416653950444733,-0.08821276005319001,-0.08414105253526313,-0.22469701117425278,-0.2462916540729135,-0.21565293741323435,-0.20488449622112406,-0.2651804492951123,-0.24158999139749784,-0.19378839494709874,-0.33007548451887114,-0.08116133779033445,-0.0810447712915846,-0.21531261582815395,-0.1946705391676348,-0.17692874023218505,-0.17862701065675265,-0.2569761537440384,-0.23256117264029316,-0.18891488179956353,-0.3080163801196012,0.13739577734894434,-0.12587617876624826,-0.06339721884930472,-0.1055698583924646,-0.13731400112999304,-0.09476286869071718,-0.13956735339183834,-0.15996019899004973,-0.1264689136172284,-0.17639643509910877,-0.23334038983509747,-0.18065400016350003,-0.20767707541926886,-0.16593185948296488,-0.18183441495860375,-0.2211998007999502,-0.1978833712950491,-0.23402313300578326,-0.28379443244860814,-0.2772885108221277,-0.2871129972782493,-0.3038731404682851,-0.19390926947731738,-0.2718254614563654,-0.30654017413504353,-0.21370176258571696,-0.3137963644490911,-0.3686312166578042,-0.28633716258429065,-0.16855349263837316,-0.4997903145243118,-0.5343616155524985,-0.40714433707320863,-0.11740447678104628,0.3038334938178196,0.3341773299987752,-0.13845556772501988,-0.4309021349897088,0.04142370314911032,-0.48342812825600834,-0.9645193207149144,1.0,0.8370243555938208,-0.008135580604064534,-0.5368164577041145,-0.48342812825600834,-0.4585460691365173,-0.39906099376524845,-0.3990659107664777,0.35320258630064655,-0.4443274545818636,-0.3287454326863582,-0.17485883871470967,0.30151962337990584,0.4256070203464556,0.4084230542589222,-0.42098290824572704,-0.3199555474888869,0.10988284247071062,0.28053705863426465,-0.1750419812604953,-0.3315543853872621,-0.35751312176234784,-0.3696954724511397,-0.37091231161717003,-0.3389079172269793,-0.3728457152114288,0.08928064338712133,0.17898851306424896,-0.1983475659112718,-0.18031385496369914,0.19667736416934103,-0.19321082580270646,0.019255969813992455,0.041880863267331786,0.02194462974438667,0.09377571844392961
lbp_dominant_bin,0.08945689333307577,-0.07908436350731046,-0.1425934611956676,-0.01673751346586092,-0.09780306339974655,-0.11799535704541492,-0.09100206557720576,-0.08054880950741877,-0.06958896876463312,-0.04689426926439315,-0.13175127149305976,-0.12541470307912161,-0.07882492041871064,-0.24924621121104948,-0.09249442058684501,-0.09539033432579956,-0.07380239220351724,-0.0981532857693475,-0.06237654255158954,-0.04204948810990036,-0.1383170234852641,-0.12530546104181547,-0.06637071616559985,-0.23863019749221343,-0.0999432693806269,-0.09292256164290115,-0.05875867781608871,-0.07956156242027389,-0.06540810358686765,-0.038985286313475434,-0.13253141125947748,-0.11346868249955554,-0.06366307388981365,-0.228153957000135,-0.025869660584489196,-0.06924516342319054,0.01892970796449535,0.025876418086796884,0.023204085432896805,-0.01449744870087879,-0.0034131071655761113,0.03856161791879268,0.032471458339003154,0.03501864745886825,0.02324905468955227,-0.0384906806445676,-0.006199137617005522,0.05183359170117178,-0.05684659716311317,-0.028545215248191126,0.04084359383840381,-0.030642125214285887,-0.021438673321307028,0.02692507144491201,-0.1051165416472994,-0.04698295829468045,0.07766057952108822,-0.10007670267619438,-0.05930199825163265,0.06649545588307004,-0.09016942954286056,-0.07456206896294686,0.0492721698264462,-0.0006180977110803709,-0.14569483805102507,-0.2005028193254206,-0.08906333642341929,-0.04877668845843165,0.14921777749893445,-0.02066717325313735,-0.24732702719396502,-0.2978613269323053,-0.1543944237500524,-0.18165691354967348,-0.6912283832071277,0.8370243555938208,1.0,-0.06929916551337056,-0.20797639327393916,-0.18165691354967348,-0.16183835976780053,-0.17197376347904095,-0.17207160551245398,0.08228851160152705,-0.09572924369153711,-0.07316499848584729,-0.03254666761468712,0.06274929942888602,0.07757251593223935,0.20638226743193852,-0.22531071719361084,-0.12507727271388916,0.03715618718883808,0.2570294145255461,-0.032512584603047776,-0.051625447543809634,-0.05667079862432951,-0.0671131448444741,-0.07380917748351286,-0.07073324640540393,-0.0859130220892974,0.02515727286007674,-0.09009294305052527,-0.08273065778354396,-0.08426689759034604,0.08157356785737375,-0.08147271757293338,0.00897537081508917,0.031122066913198305,0.012078850879457195,0.0068820526002209914
lbp_mean_code,-0.08489011898654082,0.010688948764429374,0.32942243144687633,0.02973955894139343,0.2823752282792934,0.29371437696188074,0.10283082559462227,0.17515666979989372,0.18336340667236106,0.24623499143252467,0.11962261593739905,0.18104305457226,0.2303632510776958,-0.24265102409661524,0.28620497376976134,0.2774046372437743,0.105492520033003,0.14541659110836588,0.17575797945540744,0.2475858362818869,0.1234551799285959,0.18734440995194804,0.23344307662421568,-0.26161160340930095,0.2752725989423759,0.2738448716758218,0.11045733906702931,0.18555174373831973,0.2054572311363764,0.26680074150134175,0.12110562657094268,0.1898628926032906,0.23414310814306502,-0.2937524845818935,0.31244055730493914,-0.5036695394504107,-0.20145964610250097,-0.39272138206756746,-0.6300667894372984,-0.16756309183600462,-0.34690675096875845,-0.5937814625667308,-0.164404918269222,-0.30240635795984433,-0.523755951456383,-0.14979934324185515,-0.3502054580718866,-0.6054267365784898,-0.11446459835340675,-0.29998682808409344,-0.5549083287212572,-0.049465941043129,-0.1851291553790278,-0.42077346907253843,-0.014323272704356403,-0.22585048866058263,-0.546632889372931,0.02697079597532211,-0.17253315937138836,-0.49421843993790787,0.18724669992667778,0.03934768392629476,-0.319426451361666,-0.3164176320835101,0.16471589915048923,0.06379919553365226,-0.5399688504415647,-0.8972882328441206,-0.8333994386038267,-0.2761293220296194,0.062024166643243096,0.5832954075327631,0.8420674583490615,0.3455529975422533,-0.009574092986870654,-0.008135580604064534,-0.06929916551337056,1.0,0.32433468363105755,0.3455529975422533,-0.001513856641521174,0.12573845426910774,0.12589287255904416,0.23726032411145132,-0.23126613956120534,-0.13164690929718192,-0.12019613658572582,0.27037138742480005,0.17368608921964523,-0.3531413024635973,0.312156179731392,0.4542035269683872,0.10658005031426551,0.42448401178217754,-0.1201990368364759,-0.16190329349366675,-0.11974194776316448,-0.10864108242878076,-0.10709697748811717,0.009193911877775459,-0.10241327498663325,-0.04972968614863735,0.6211421591258192,0.3744967479946577,0.3508081487408636,-0.37916106806053124,0.3886875135243082,0.11461236489162287,0.08968992754695868,0.121122803120806,0.08027731776172131
lbp_std_code,-0.5753051670420312,0.5143107430776858,0.703419343854836,0.4827981231995308,0.17849420512355127,0.16897641624410406,0.46082388420597103,0.4420296970074242,0.45502690775672694,0.5566950011737503,0.4333212888303222,0.46625767006441754,0.47527280431820107,0.06633664660903789,0.18593272348318088,0.1670679972669993,0.45112775878193967,0.4833151553287888,0.47877043619260906,0.5598461899615474,0.43588157497039376,0.47283924570981145,0.4794766738691685,0.051655496413874104,0.15497237374309344,0.14605219631781866,0.4515487548871887,0.40410527152631787,0.4086815956703989,0.5170104977526244,0.43034656458664117,0.47185275996319,0.4725685235693441,0.0073332595860648685,-0.1296019404004851,-0.02600305626051521,0.10897170624292656,0.1374453043613261,0.09871055021465401,0.20644901011225253,0.2547318036829509,0.22523603630900907,0.30975956943989236,0.3668456657114164,0.34438907609726904,0.278630672157668,0.31582046045511514,0.21383607995902,0.34136828234207056,0.3994238783559696,0.31303340887573977,0.49775248493812124,0.5600101115025279,0.48490875572718894,0.48502355975588995,0.5303592395898099,0.3469174347293587,0.5269740612435153,0.5873999608499902,0.41952028669471186,0.693655515913879,0.7740245775061444,0.6056678939169735,0.2406955051738763,0.9722717734335449,0.9053471503146566,0.4018053892045954,-0.30786777782328506,-0.6557652971312672,-0.8829721186027842,-0.347898191318102,0.6578691387569267,-0.06331346686178753,0.9708149977199275,0.6853267818526881,-0.5368164577041145,-0.20797639327393916,0.32433468363105755,1.0,0.9708149977199275,0.783793299948325,0.694192756048189,0.6940273420068355,-0.5522618340654585,0.7316955164238791,0.6064332556083138,0.3497727529431882,-0.47590577297644326,-0.7627874473060259,-0.7207533252086138,0.6913333698333425,0.7276871914217978,-0.07874185818546454,0.03743913635978409,0.3501660335415084,0.6131527627480553,0.6943841916064419,0.7189734107825827,0.7138168284718884,0.676695556173889,0.7053938678484669,-0.24251408481040676,-0.3380290633840267,0.5209089779225854,0.47849882773358104,-0.5206289846572462,0.5178403939600985,-0.0009814472453618113,-0.024608028179691075,-0.010061480519143184,-0.14050236512559128
lbp_nonuniform_ratio,-0.5307345661394107,0.46689663671183695,0.6764343256470245,0.4512791929465644,0.17712002104374666,0.16866498871390492,0.4413058924034611,0.41739481335759304,0.4375922205203269,0.5404930844179532,0.40184236686215274,0.4401087855381938,0.46927462793742153,0.00851255960058697,0.18319165914635527,0.1690239290734266,0.4352333423005742,0.4520814434413511,0.45551859999011346,0.5469697301441397,0.40367918417261167,0.44584030678702424,0.4731908756323666,-0.008070611462545334,0.15594205608182007,0.14706604455367683,0.433813366117304,0.38106133727134106,0.3961561561271477,0.5077180414174681,0.399645412191807,0.44624244190972573,0.4663474867191579,-0.053289113779824336,-0.11803670326594926,-0.009916758029569593,0.06528887667126859,0.08960447509056559,0.07245624301038234,0.16619370720985516,0.2152254109206538,0.2075498268286412,0.27555703582934093,0.3278292010288854,0.31229096403778084,0.21717232001470446,0.25204516315528075,0.1748978948657204,0.2885644052982146,0.3450188320238716,0.27966481306260077,0.4552292161518152,0.5123845758413444,0.4467427400623792,0.4167960439248935,0.45903605531337704,0.2995419508977382,0.4678678457581771,0.5245448350517435,0.3766230049495622,0.6617892399284427,0.7367835980610964,0.5680810305857252,0.18850030551615599,0.9394547577106054,0.8416420195196974,0.3622232405512206,-0.3418801233738305,-0.6372806684405583,-0.8530244498200122,-0.2999439364108987,0.6713202330058076,-0.084554761021875,1.0,0.6264930261134901,-0.48342812825600834,-0.18165691354967348,0.3455529975422533,0.9708149977199275,1.0,0.7071386112656698,0.6214608876232542,0.6212925883219019,-0.47452931329075737,0.6705158638411539,0.5437728384186881,0.29076405321938215,-0.4191943076566637,-0.7564319762687738,-0.6827231183219136,0.6432326922663761,0.7337346971308005,-0.07305931704222422,0.11288260944330637,0.2910970893209998,0.5537665941333578,0.6348974228361636,0.6560310371634944,0.6476752153647792,0.6191514914185997,0.6399949255284526,-0.20259664659424956,-0.3065423140236774,0.5062008687693661,0.46607095243445323,-0.5069818524428384,0.505618134526734,0.009741978722521272,-0.022674491069062924,-0.003923203198538582,-0.147127379892242
mfr_absmean,-0.774097585814683,0.7372593643148411,0.7824364791091197,0.6883757500939375,0.25074724618681155,0.24685649571412394,0.5842714535678634,0.5228290472072618,0.5136846324211581,0.6466384931596233,0.5234757123689281,0.5449462452365613,0.559647211911803,0.15478379300399217,0.25851935712983926,0.2594025483506371,0.5704674571168643,0.581505107876277,0.5447908886977222,0.6452936138234034,0.5282625915656479,0.5491186057796514,0.5633344348336087,0.13979662394915598,0.2248986892246723,0.23637205568165345,0.5704825501206375,0.49473812468453116,0.46929824132456033,0.6064350826087707,0.5203804600951151,0.5484788631197158,0.5624983288355191,0.09555772792526612,-0.12072306768076692,0.19008949309365683,0.3969873497468374,0.4892843768210942,0.4119315536373627,0.4713008588252147,0.5825755246438812,0.5179778539944635,0.6060155445038862,0.6877792314448079,0.5970707287676822,0.5911845787961447,0.6834501823625456,0.513481143870286,0.6311448797862199,0.7390934267733567,0.5937330639059158,0.7726451786612947,0.838397740099435,0.6708838347209587,0.771057212264303,0.8516151224037806,0.5954731653682913,0.7877223304305826,0.8804963786240947,0.6441411332683892,0.8661854405463602,0.9328447792111948,0.698233652058413,0.5036182589045647,0.8192709859549127,0.8244702851645852,0.48224912894379934,-0.03525581297370939,-0.34437356953558496,-0.7077559828065307,-0.4006642209768759,0.4013088414060695,-0.2713226544008155,0.7071386112656698,0.5959891549177765,-0.4585460691365173,-0.16183835976780053,-0.001513856641521174,0.783793299948325,0.7071386112656698,1.0,0.9413682538420635,0.9412716823179206,-0.7952255198063799,0.8258388489597123,0.904645204161301,0.6732374463093616,-0.7974739468684867,-0.7851071770901268,-0.756095784307482,0.7515695568923892,0.6639616749904187,-0.11747693186923297,-0.16306642826660706,0.673814563953641,0.7233103461200693,0.821618073212625,0.8896512910800612,0.9065240374709559,0.7945542216385554,0.9369009467252367,-0.49859968627387136,-0.42908085993112033,0.6558548069596473,0.6118301561664117,-0.6515856248964063,0.6431199422799856,-0.03356966489241622,-0.041235695105313934,-0.036680123433785905,-0.1517539504384876
mfr_std,-0.7965194399285548,0.7527104961776241,0.8331784782946196,0.711219008304752,0.33730924082731023,0.3311466827866707,0.6018208654552164,0.5613910733477684,0.5463599910899978,0.688240756060189,0.5636592494148124,0.5928743502185876,0.6309632027408006,0.08777202172591994,0.34828478257119566,0.34329072332268085,0.5910058972514743,0.6083414570853642,0.5776221289055322,0.6877612404403101,0.5712757938189484,0.5963885120971281,0.6335073248768313,0.06845715811428953,0.3187758796939699,0.3210641048864253,0.5878185914546479,0.5461782885445722,0.5239611394902849,0.6592034413008603,0.5606240796560199,0.5945587216396804,0.6326460158987463,0.02250611063496745,-0.00951282387820597,0.13990035202755063,0.45030039007509753,0.4763007215751804,0.2750325223612678,0.5425125651281413,0.5853191753297938,0.36762998140749537,0.6224914571228642,0.6354740353685089,0.4169683867420967,0.6393342023335505,0.6438317899579475,0.34054737413684355,0.7035736788934197,0.7169255947313987,0.41557750105021685,0.7838451024612756,0.7639809214952303,0.46219944754986186,0.8286357271589317,0.7949169772292443,0.39038314059578516,0.8658193099548275,0.840385044096261,0.43748398819911005,0.8964575136143784,0.8659920334980084,0.473835611958903,0.5071530382882595,0.7023635915601334,0.7259174021998303,0.26056092070016235,-0.1699537992269578,-0.3691697027585196,-0.6208912829142155,-0.40396437459763734,0.4415417805728315,-0.0962094069509999,0.6214608876232542,0.5028672235325315,-0.39906099376524845,-0.17197376347904095,0.12573845426910774,0.694192756048189,0.6214608876232542,0.9413682538420635,1.0,0.9999939549984888,-0.6131400572850143,0.6149494027373507,0.8801549650387412,0.7469040502260126,-0.7196047964011991,-0.6350539439120426,-0.7729313332726826,0.7731130797782699,0.6673490898372725,-0.0691703827925957,-0.10109579077394769,0.7473863483465871,0.6460508444972493,0.73587410899448,0.8092749259256877,0.8345166581921083,0.754081792020448,0.8689676052419013,-0.5163527952254634,-0.22466033774933206,0.7922253078534115,0.7686311512342612,-0.7878539974634994,0.7818511849627963,-0.0054655183663795915,-0.0075077703853888384,-0.0018821622212463662,-0.07181993395498348
mfr_energy,-0.7967483017358561,0.7529426767356692,0.8333258788314697,0.7113632618408154,0.33740666585166645,0.33127227181806795,0.6015846993961749,0.5612017013004253,0.5461810980452745,0.6880769980192495,0.5634896473724118,0.5926445051611263,0.6307736176934045,0.0876970832071572,0.34840897960224493,0.34340712935178236,0.5907815631953908,0.6082226375556594,0.5774187618546904,0.6875675348918837,0.5711038397759599,0.5961593750398437,0.6333090803272701,0.06838959659739915,0.31889237122309283,0.3211964956695726,0.5875984288996072,0.546071544017886,0.5237881504470376,0.6590418972604744,0.5604388431097108,0.5943401325850332,0.6324417075975926,0.022463286374245325,-0.0095983643995911,0.13951893343205296,0.44996017949004485,0.4760338085084521,0.2750932738764785,0.5420307665076917,0.5848804207201052,0.3674741208685302,0.6221005060251265,0.6351289842822461,0.4168318192079548,0.639100335775084,0.6436420579105144,0.3405275816318954,0.703251139812785,0.7166109966527492,0.41541094850851623,0.7835428073857018,0.7636987849246962,0.46203582300895574,0.828452496113124,0.7947319821829956,0.39029739457434864,0.8656148854037213,0.8401321425330356,0.43726238864354394,0.8961926810481703,0.865703887925972,0.4736435999109,0.5069561812390453,0.7021276016967993,0.7257297206142005,0.26039978085603654,-0.17001540275268498,-0.36927924479153285,-0.6207172363543217,-0.40383556276485966,0.4418147402096525,-0.095981631875948,0.6212925883219019,0.5027953000144697,-0.3990659107664777,-0.17207160551245398,0.12589287255904416,0.6940273420068355,0.6212925883219019,0.9412716823179206,0.9999939549984888,1.0,-0.613133647783412,0.6148182622045656,0.8799060444765111,0.7465429221357305,-0.7196981789245447,-0.6349404366288134,-0.7732149143436842,0.7734494833623708,0.6673559943389986,-0.06913550628387657,-0.1011083367770842,0.7470256087564022,0.6457552746731351,0.7355877731727887,0.8090149848605075,0.8342765471319905,0.7537835244458811,0.8687721566930392,-0.516508925014613,-0.22453148021706937,0.7919875570438846,0.7683802221713407,-0.787618471904618,0.7816231534057884,-0.005457200864300216,-0.007411181611132982,-0.0017813884460151322,-0.07172594993148748
mfr_kurtosis,0.5668270666693268,-0.5615854208963552,-0.4779907584976896,-0.49385145346286335,-0.06021740405435101,-0.06924076431019108,-0.38131263982815994,-0.3113683213420803,-0.29147464736866185,-0.3677110264277566,-0.30099726024931506,-0.301356895839224,-0.27083736470934117,-0.24212747312266608,-0.06476932169233042,-0.07250187312546828,-0.36158675739668933,-0.3677704804426201,-0.312059664014916,-0.3623089700772425,-0.2999651699912925,-0.30073359618339907,-0.2752091563022891,-0.24159089889772473,-0.026795778698944676,-0.04955610115760883,-0.37169226442306613,-0.269880575970144,-0.22414338503584627,-0.3246182431545608,-0.29884200421050106,-0.2991329952832488,-0.2754070462050392,-0.21591652431009978,0.24207045651761414,-0.21239245717776148,-0.22695670623917655,-0.40948755337188836,-0.5700341132222911,-0.2276863739215935,-0.4225421061355265,-0.6367022221755555,-0.4385449366362342,-0.6038560989640247,-0.7353589538397385,-0.38534697933674483,-0.5991165792791449,-0.70178051994513,-0.36180344895086225,-0.5877418529354632,-0.7431050805549345,-0.5715788988947247,-0.7359681504920377,-0.8157775304443826,-0.495716415929104,-0.7258206419551605,-0.7957850634462659,-0.4641305900326475,-0.7004526251131563,-0.8191620921548947,-0.5639797154949289,-0.7326867061716765,-0.8330283792570948,-0.36193609848402464,-0.6272659834945051,-0.6220896858284324,-0.6322389303066004,-0.21643083188692921,0.1341555674311343,0.5124148665847682,0.24432631751021863,-0.1328876301099288,0.4319356078227842,-0.47452931329075737,-0.4790818480594291,0.35320258630064655,0.08228851160152705,0.23726032411145132,-0.5522618340654585,-0.47452931329075737,-0.7952255198063799,-0.6131400572850143,-0.613133647783412,1.0,-0.899737571934393,-0.6926583786645947,-0.3932885528221382,0.779910815977704,0.6757213453174244,0.5349676796925328,-0.540581340145335,-0.4264038781009695,0.16073558668389668,0.2772944943236236,-0.393964335991084,-0.6008062244021608,-0.6785951411532585,-0.7319590422887299,-0.7402080705795957,-0.6014139543534885,-0.7699217374804344,0.406038584064175,0.5721955102634508,-0.2714202552068464,-0.20258066904710276,0.26723540180885047,-0.2569310487327622,0.05319199329799833,0.07278814677892335,0.06513828805899888,0.22097324824331205
mfr_entropy,-0.569087297235232,0.5557109694277423,0.5145550331387583,0.49756785139196286,0.05079668019917005,0.04863694965923741,0.39258077464519364,0.32288085272021316,0.3237481169370292,0.3923523215880804,0.32382344545586134,0.3217792284448071,0.29317451829362956,0.23515991062816263,0.05046206911551728,0.05505576626394157,0.3766604231651058,0.38219989304997326,0.3429271787317947,0.38669348017337,0.3219109899777475,0.3225973901493475,0.2976494979123745,0.23429438257359564,0.01649755612438903,0.035247485075089076,0.3847773091943273,0.2789032522258131,0.25055959763989943,0.3432132693033173,0.3210310267577567,0.32186983896745974,0.29385030232276943,0.20644980068986885,-0.30499908274977067,0.23032164891678283,0.1867896331974083,0.3695993423998356,0.5549158471870552,0.22011274152818538,0.41586451696612925,0.6518982504745626,0.4003742410935603,0.5792058218014554,0.7573549023387256,0.3450380827595207,0.56247892011973,0.6934897343724336,0.34911145977786495,0.5786192631548158,0.7569680090258653,0.5411889257972314,0.7286535336633834,0.8603227655806914,0.47434299458574863,0.7148691677172919,0.8101208205302052,0.4664317076079269,0.7122077110519278,0.8471733226787107,0.5738310354577588,0.7766024166506041,0.9124680901170226,0.36930023332505835,0.8078457309679337,0.7916002594176352,0.7565913886939871,0.2172415694755135,-0.21554820571084077,-0.6760507501459674,-0.27839217490179285,0.25081277746991265,-0.5307167806211809,0.6705158638411539,0.6067219321130451,-0.4443274545818636,-0.09572924369153711,-0.23126613956120534,0.7316955164238791,0.6705158638411539,0.8258388489597123,0.6149494027373507,0.6148182622045656,-0.899737571934393,1.0,0.69771847992962,0.36858289264572314,-0.7378557689639422,-0.85643214097051,-0.5534078390594876,0.5521453230363308,0.4728802287200572,-0.15770208792552198,-0.22097752174438043,0.3692042588010647,0.6664647583660381,0.7461738938232887,0.7822337231451061,0.7799670520342507,0.6443466665866666,0.7892387933096984,-0.3221029422673128,-0.7082941278391423,0.2557825892915658,0.19779100884609546,-0.25270893017723256,0.24308880377220093,-0.06200420900105225,-0.07953548147334778,-0.07656623817027189,-0.21825624806406202
dct_ac_mean_abs,-0.7290964420475217,0.7225857261464316,0.6460148425037107,0.7068238542059635,0.24862269065567266,0.22972259143064785,0.6084424086106022,0.4986100816525204,0.48521495980373996,0.6396548859137214,0.5218575794643948,0.5171844482961121,0.5995790308947577,0.08742535738912385,0.25471885117971277,0.24680820620205154,0.5987268476817119,0.5551321252830314,0.5154499603624901,0.6416695889173972,0.5298350089587522,0.5228042087010522,0.6020570075142518,0.07559937539984385,0.22728302082075522,0.23008438635737824,0.5935066423766606,0.4838767194691799,0.4539823794955949,0.609155144288786,0.5201090665272666,0.521846783961696,0.6026009858762218,0.04035975710507419,-0.12188100047025012,0.2880145433616413,0.6367521631880408,0.7186634606658652,0.5084024255412573,0.6873625793406448,0.7855615873903968,0.5895106143776536,0.8397452489363122,0.8893371918342979,0.6605529646382412,0.7802745465686366,0.8466908566727142,0.5690531487632872,0.8031806142951535,0.8843912450978113,0.6323852633334603,0.9111856167964042,0.9382541870635468,0.6810830497707624,0.8641393305348326,0.9136744444186111,0.6053711773427943,0.8716803334200833,0.9345582731395683,0.6434087693347489,0.8824056151014038,0.9171335187833797,0.6567398616849655,0.7148644037161009,0.6511748204767248,0.6480268134122474,0.4603409231466674,0.09940420451368231,-0.12262462145599544,-0.6108950319742557,-0.40923549573499196,0.19844699747156377,-0.3356393545931684,0.5437728384186881,0.45206729652539984,-0.3287454326863582,-0.07316499848584729,-0.13164690929718192,0.6064332556083138,0.5437728384186881,0.904645204161301,0.8801549650387412,0.8799060444765111,-0.6926583786645947,0.69771847992962,1.0,0.8821926660481665,-0.8290004957501239,-0.7423393280698389,-0.5257669863889092,0.5204709491177373,0.47807714951928737,-0.12569888692472173,-0.22952542388135597,0.8826073126518281,0.7439998543079634,0.8269274880419698,0.8938071951221542,0.9156407877535623,0.802694303673576,0.9401786935446734,-0.48976735405916405,-0.43544456052443187,0.6651746737931089,0.6394781690991509,-0.6592836253209063,0.6474305683576421,-0.04184235296058824,-0.06606808584134806,-0.06215633981239358,-0.15885377471344367
dct_ac_energy,-0.5700253187200892,0.5830668872667218,0.4551769587942397,0.6005857441464361,0.2402106180526545,0.20591315447828862,0.5039264189816047,0.4276850944212736,0.40905533426383356,0.540740328185082,0.4651859647964912,0.45103829575957394,0.5583911295977824,-0.013343928340986059,0.24520787980196995,0.22865138416284603,0.5056011784002946,0.465915543978886,0.43975724443931113,0.5453447263361816,0.47891253872813466,0.45585205046301264,0.5599073449768363,-0.023826694456673615,0.2299368124842031,0.21722744663832194,0.49565009341252336,0.42415064053766016,0.40565976991494246,0.525635247908812,0.46732866133216533,0.45360100890025223,0.5591100357371752,-0.048118695797718464,-0.00672704868176217,0.2848542338203788,0.8099129594782398,0.7831422697855674,0.34444505174042983,0.8496428034107009,0.8359670689917672,0.3924410181102545,0.8613220163305041,0.8069975542493886,0.40970865492716374,0.8738535729633933,0.8083217035804259,0.3543712980928245,0.8944772146193036,0.8417746069436517,0.3964241702547016,0.8326093646523411,0.7604698766174691,0.3908600597150149,0.8642639700659925,0.7815562473890618,0.356148572037143,0.8684072096018024,0.8008883257220815,0.3792501283469697,0.7391856257964065,0.687480704370176,0.3568663912165978,0.7942497920624481,0.3796975545997606,0.40790500660666795,0.1932321003717114,0.07958543348686778,0.023893472700895365,-0.3864603549906714,-0.4297292679048039,0.0807357704688075,-0.19403488743449604,0.29076405321938215,0.2422617083379715,-0.17485883871470967,-0.03254666761468712,-0.12019613658572582,0.3497727529431882,0.29076405321938215,0.6732374463093616,0.7469040502260126,0.7465429221357305,-0.3932885528221382,0.36858289264572314,0.8821926660481665,1.0,-0.5971354627838656,-0.47395948350163924,-0.24573669902632603,0.2493352628338157,0.20645377261344316,-0.04016541104135276,-0.20298800674700168,0.9999918819979705,0.581480087556132,0.6283983935852477,0.6829755730061249,0.7106894551888724,0.640546264136566,0.7255132408783103,-0.3940248553017325,-0.2273415884206502,0.6309987807363198,0.647486038107124,-0.6246024136506034,0.6139857769964443,-0.049714629428657356,-0.0669161808043259,-0.07475715296732217,-0.04183869595967399
dct_ac_kurtosis,0.7274467078844695,-0.7361477665369416,-0.5845033596258399,-0.6800890505222627,-0.1569035312258828,-0.1635815463953866,-0.496387684096921,-0.3668459447114862,-0.3511575907893977,-0.4639882984970746,-0.3777956294489074,-0.35818023104505775,-0.41109776177444046,-0.2024751596947181,-0.1651391347847837,-0.1713222383305596,-0.4860185910046477,-0.42279728019932006,-0.3669259232314808,-0.4660628815157204,-0.3811167787791947,-0.3643957555989389,-0.413756027939007,-0.19905584576396143,-0.13668143967035992,-0.15511225783623156,-0.48692566373141594,-0.3456198204049551,-0.3082019735504934,-0.4381842975460744,-0.3740702180175545,-0.36262428815607206,-0.41512217743621516,-0.17252561669610128,0.2164835536208884,-0.30314123639898705,-0.3925501371375343,-0.5858454564613641,-0.6900055922601501,-0.3903469815867454,-0.5948425322106331,-0.7412510843127711,-0.6450915772728943,-0.7683339795834949,-0.7517389954347489,-0.57018732004683,-0.7455439263859815,-0.7250053767513441,-0.5578844594711149,-0.7399053649763413,-0.7579645582753762,-0.7422677560669391,-0.8324336606084152,-0.7444548631137158,-0.6651054852763714,-0.8128242697060675,-0.730666708166677,-0.6428711222177805,-0.7971726102931526,-0.7419974978058725,-0.6862663745665937,-0.7745842531460633,-0.689279591819898,-0.5148971217242805,-0.5423448917111486,-0.5572805212592497,-0.5363178050266678,-0.2342569173315484,0.01919241653411456,0.4809412430039074,0.3071218786142209,-0.10310916893347419,0.44182835858244557,-0.4191943076566637,-0.41323610652391723,0.30151962337990584,0.06274929942888602,0.27037138742480005,-0.47590577297644326,-0.4191943076566637,-0.7974739468684867,-0.7196047964011991,-0.7196981789245447,0.779910815977704,-0.7378557689639422,-0.8290004957501239,-0.5971354627838656,1.0,0.6807706775456165,0.5564881430807188,-0.5754736108684028,-0.4228284427071107,0.19009100352275088,0.2931276807819202,-0.5978154579538645,-0.635838580186524,-0.7100168287704635,-0.772535976213396,-0.7920413830573613,-0.654373044093261,-0.8216021054005264,0.4485532934747383,0.5161463469801416,-0.43254991604968523,-0.39356260768582385,0.4269655487413872,-0.41495298023824506,0.03699363324840831,0.05216928485101166,0.04980677072037022,0.18331930732982682
dct_sparsity_ratio,0.6020257607188017,-0.584214153778694,-0.5799954610436717,-0.575329408927685,-0.17743819219503093,-0.14223141938824815,-0.43655409180121074,-0.3944272139685672,-0.3928501382568783,-0.4800435062827369,-0.3823315224275535,-0.36105636819925213,-0.4009724636346891,-0.13421834659275297,-0.16771189759765817,-0.13941493681372288,-0.4225625414551844,-0.4296199017712266,-0.3939521503294924,-0.4792090755384573,-0.3842040547257374,-0.363524982671939,-0.4016733928398861,-0.1283405895717077,-0.14942625174453533,-0.1329036655823871,-0.42164733793725856,-0.36597416388893683,-0.3346076757063974,-0.44367758038661204,-0.3815974807126628,-0.3633556671223719,-0.39739757273716386,-0.09438891441775062,0.2959208478808285,-0.26356147200645674,-0.2761249190855703,-0.42139297011279236,-0.5163574003572634,-0.34797484261963546,-0.510734656017571,-0.6323225098624153,-0.48194175308844867,-0.6244061307948954,-0.7161294678969023,-0.4100120085310159,-0.5729921307434468,-0.6087250497042589,-0.45456983357531916,-0.6324056826367641,-0.6927668859422941,-0.5839629892051657,-0.7284495400036035,-0.7819782774241414,-0.5178466290996011,-0.6878597478709418,-0.6761662191976613,-0.5541984197415879,-0.7326047767200491,-0.7396964673509139,-0.6357920918781355,-0.790266815600611,-0.8027940887679702,-0.4652299144460579,-0.8056928822523916,-0.7859828744554649,-0.6818417556795795,-0.16087833693936562,0.19257064301837254,0.7487783045586075,0.27401028254981413,-0.3747644391218631,0.5446610226250661,-0.7564319762687738,-0.5906199486934379,0.4256070203464556,0.07757251593223935,0.17368608921964523,-0.7627874473060259,-0.7564319762687738,-0.7851071770901268,-0.6350539439120426,-0.6349404366288134,0.6757213453174244,-0.85643214097051,-0.7423393280698389,-0.47395948350163924,0.6807706775456165,1.0,0.4975787696027773,-0.4825516982670101,-0.4894092510245587,0.12564775203337952,0.08045143605215797,-0.47437176162233363,-0.6850673220672596,-0.7582936120248157,-0.77832422256316,-0.7719257262707292,-0.6737437057384704,-0.7588047383900879,0.23249819398822014,0.6541718547541255,-0.364518763849563,-0.324198063652132,0.3626367596619117,-0.35488591614285225,0.040926092231113535,0.06722267013006225,0.06220775535964834,0.17712277960269388
dct_low_freq_ratio,0.6965807594176254,-0.6260906505074466,-0.8333056163888937,-0.5399330859357464,-0.28754861174498364,-0.30625716242913703,-0.5017847426343549,-0.4356146995670304,-0.4411307326981072,-0.5671002069877144,-0.4167205643364113,-0.4805266360618565,-0.49266598535124606,-0.0762597101221223,-0.3061312163976033,-0.31388293258843925,-0.4905196273138517,-0.474150633965465,-0.46448579479563085,-0.5651856650083609,-0.41910304568292506,-0.483826711888113,-0.49674449012240174,-0.05275060545743284,-0.27257442974582285,-0.2885028085920793,-0.49871518911581547,-0.41957422130089567,-0.4226960895825334,-0.5395061985788645,-0.41353215753811395,-0.4828838754020503,-0.49704549688415833,-0.007002154755790305,-0.007531582135719877,0.07588816377895707,0.028168939802798304,-0.02124260856861812,-0.07424316361647328,-0.04453647365081959,-0.11700026404394111,-0.17709694134064669,-0.2509292173264028,-0.28590169608263716,-0.23968934251221913,-0.20383452678506964,-0.2453682531840764,-0.15898338980546622,-0.2522810484148675,-0.3096236492720212,-0.24269418310556642,-0.5091036232168197,-0.5074537000537201,-0.32412479940274663,-0.4763381160131558,-0.47784562539059844,-0.23290822106439585,-0.5045011518144759,-0.5172212352492668,-0.28855962796453655,-0.7196932224431906,-0.6959853910073422,-0.37491402161909815,-0.05120940907155579,-0.6976648388151816,-0.6747963520038986,-0.19759626149502582,0.3729535495195889,0.6139492387591836,0.6064848986840503,0.17201243397900828,-0.5749988554338189,-0.0634714855626565,-0.6827231183219136,-0.5032972775792653,0.4084230542589222,0.20638226743193852,-0.3531413024635973,-0.7207533252086138,-0.6827231183219136,-0.756095784307482,-0.7729313332726826,-0.7732149143436842,0.5349676796925328,-0.5534078390594876,-0.5257669863889092,-0.24573669902632603,0.5564881430807188,0.4975787696027773,1.0,-0.9911600699117025,-0.8839183215610498,0.08194331876655844,-0.02441971286408561,-0.24651773272187733,-0.4300807972540402,-0.5238190230976201,-0.586521166790128,-0.600662627866154,-0.5479459206919599,-0.6401960885390957,0.4370006912417986,0.09944490468580985,-0.6590930627675855,-0.6153362970263276,0.6580015789971453,-0.6581152497756056,-0.05570578544733603,-0.03911562608757996,-0.06822017685620935,0.096823664492225
dct_mid_freq_ratio,-0.7102098975688032,0.6484180261045065,0.814110196027549,0.5464663411165853,0.26871318417829604,0.2869835892458973,0.47577025694256425,0.4118208699552175,0.41755764388941097,0.5294340093585024,0.40061349865337464,0.46090629422657353,0.45737868784467195,0.12185580275964662,0.2911855687963922,0.29640032010008005,0.4647890556972639,0.455200307800077,0.44312007728001934,0.5275244893811224,0.40393963548490885,0.4634240268560067,0.4607941721985431,0.10138573184643296,0.2563034350758588,0.2705514962393309,0.4719402699850675,0.3934013843503461,0.39852626463156615,0.5001326450331612,0.3976628749157187,0.4611032607758152,0.4605936890711449,0.058913034500351014,-0.005311219327804832,-0.06310134979900045,-0.02354930388732597,0.032773523193380796,0.09848828315900389,0.04250404062601015,0.11887505821876455,0.187720567930142,0.23805366251341561,0.2776106404026601,0.2447509811877453,0.2140533100133275,0.2597442169360542,0.179942291985573,0.2603733245933311,0.3172028728007182,0.25199653509363246,0.4934970138742535,0.494524748131187,0.3215735828933957,0.48531690732922683,0.4864551451137863,0.2486642511660628,0.5074529528632382,0.5179777609944403,0.29601776097645355,0.6802128605532152,0.6628650052162514,0.36971388092847024,0.06263657615914404,0.6731918160503875,0.6707774077922066,0.20462312502549432,-0.33646618526669536,-0.5804468206821614,-0.5742701351207128,-0.17935731650950934,0.5614098451567027,0.04776718198928662,0.6432326922663761,0.5085039129480451,-0.42098290824572704,-0.22531071719361084,0.312156179731392,0.6913333698333425,0.6432326922663761,0.7515695568923892,0.7731130797782699,0.7734494833623708,-0.540581340145335,0.5521453230363308,0.5204709491177373,0.2493352628338157,-0.5754736108684028,-0.4825516982670101,-0.9911600699117025,1.0,0.8189677792419449,-0.08018532954633238,-0.012485464621366155,0.25014104653526165,0.4166098329649156,0.5059622549302996,0.5685704250690341,0.5848018599197656,0.5238802414700604,0.6237784619446155,-0.4340640450915593,-0.11384965875510832,0.6117640014204119,0.5749821249267678,-0.6099671019917755,0.6094375643593911,0.04545077036269259,0.040568098937663846,0.06390484000017431,-0.07579080544770136
dct_high_freq_ratio,-0.5569493354461899,0.4669628472407118,0.7901070955267738,0.4500743940185985,0.3308889347222337,0.3515619833904958,0.539275384318846,0.4610842407710602,0.4684667116166779,0.6313252938313234,0.4284339576084894,0.4919400929850232,0.5637953714488428,-0.08768746895475003,0.334486252121563,0.3502683935670984,0.5272645408161352,0.47577883994471,0.47815513303878326,0.6307653196913299,0.42824573456143367,0.4976458949114737,0.5695068853767213,-0.11956318189079547,0.3103762495940624,0.3313947394729579,0.5374857458714365,0.4557335339333835,0.4572292353073088,0.6151879207969801,0.42442812710703176,0.5023178590794648,0.5718357891733857,-0.17131067864191116,0.047946253486563374,-0.10852609442222089,-0.03793885398471349,-0.01633549008387252,-0.012990796002570549,0.05238766459691615,0.10302111775527945,0.12212593103148275,0.27823312105828024,0.29184190146047534,0.1992839043209761,0.14323852780963195,0.16584256746064185,0.06705335876333969,0.19866633766658442,0.24779150894787724,0.17832017514691384,0.5088161502040376,0.4937606344401586,0.2898262354565589,0.38462065665516415,0.3830061237515309,0.1397007979251995,0.43422269605567404,0.4469686927421732,0.21762352856909978,0.7715976128994032,0.7227096426774107,0.3327962376990594,0.010457264614316154,0.6873845251164363,0.5931079408555107,0.14932265797310593,-0.45191525373111424,-0.6448825028514651,-0.6425192968569559,-0.11056113129935552,0.545561970462955,0.11047872565274046,0.7337346971308005,0.42581027668160576,-0.3199555474888869,-0.12507727271388916,0.4542035269683872,0.7276871914217978,0.7337346971308005,0.6639616749904187,0.6673490898372725,0.6673559943389986,-0.4264038781009695,0.4728802287200572,0.47807714951928737,0.20645377261344316,-0.4228284427071107,-0.4894092510245587,-0.8839183215610498,0.8189677792419449,1.0,-0.07816209454052364,0.14060126465031617,0.20703232575808145,0.4218904012890181,0.5179340564277394,0.5720152614328268,0.5773560523055216,0.5623332715833179,0.6115872103968026,-0.38270995346452086,-0.02976798295315873,0.7529894387797307,0.6927937249680265,-0.7545769151442288,0.7567371106842776,0.08626206806551702,0.03289877101170387,0.07773028871172104,-0.1582742015685504
dct_anisotropy,0.012942754740542219,-0.014221346055336514,0.003953244988311247,0.005466137866534467,0.02366819391704848,0.017250352312588077,-0.10812929103232276,-0.007307119826779957,-0.030035311508827878,-0.06415977253994314,-0.0713163868290967,-0.032473253118313276,-0.0548096072024018,-0.07100561752803149,0.019748683937170983,0.009154706288676573,-0.0996069624017406,-0.041234590308647574,-0.05229399557349889,-0.05997738449434612,-0.06889534872383718,-0.02786666796666699,-0.05443241860810465,-0.07636889809222452,0.028002041500510375,0.004942126987385044,-0.08864649116162279,-0.015761241940310484,-0.018710055177513795,-0.04793631748407937,-0.07027880806970202,-0.0316004224001056,-0.05558701766759955,-0.08596630402381338,0.05435978258994565,-0.11733356787739206,-0.18407261951815487,-0.22116382179095545,-0.190014670074923,0.033157110789277695,-0.019706712426678107,-0.10409435752358938,-0.1535629283907321,-0.18641900110475026,-0.1882122875530719,-0.18812783303195826,-0.22123036930759232,-0.18836048309012077,0.014395607098901775,-0.0424120516030129,-0.10902465404704775,-0.1493975563493891,-0.1794420448605112,-0.17356630039157508,-0.1659539739884935,-0.20496375324093832,-0.20342236335559083,-0.005951243987810997,-0.06418990754747689,-0.11967025650731682,-0.10305414026353507,-0.14172757593189397,-0.17085170771292693,-0.06553287738321935,-0.09908355108487803,-0.056034744815853514,-0.23747201096335166,-0.1647344255472168,-0.019686573683041168,0.08451627358416303,-0.05368859850163975,0.04784240998100952,0.14354463304795706,-0.07305931704222422,-0.13072969107949367,0.10988284247071062,0.03715618718883808,0.10658005031426551,-0.07874185818546454,-0.07305931704222422,-0.11747693186923297,-0.0691703827925957,-0.06913550628387657,0.16073558668389668,-0.15770208792552198,-0.12569888692472173,-0.04016541104135276,0.19009100352275088,0.12564775203337952,0.08194331876655844,-0.08018532954633238,-0.07816209454052364,1.0,0.15462857665714416,-0.04030234607558652,-0.09924512038571394,-0.11751585317303173,-0.13481262305426522,-0.1366719372192363,-0.09372897993224498,-0.1541810995452749,0.10619258812779148,0.14754104569058932,-0.02596159325013391,-0.015122781792037535,0.024601675650418913,-0.018770812692703174,0.05175776643944161,0.0365883826882576,0.043033299274462304,0.6345659531414883
dct_benford_ssd,0.04169069543830787,-0.08914086428521607,0.12566165391541348,-0.011719628929907232,0.21521123530280883,0.2073814988453747,-0.07025820406455102,0.0765453236363309,0.08526794431698607,0.05265211316302829,-0.0623735315933829,-0.005742347935586984,0.033806097951524484,-0.22179767478259282,0.20136377334094333,0.19096862224215555,-0.06050078112519528,0.011649491912372979,0.04937819584454896,0.054120202530050635,-0.06891771222942805,0.0011920652980163245,0.03843016410754103,-0.23574857743714436,0.20870981067745267,0.21162835998645063,-0.06316392979098245,0.08856745014186254,0.1136285384071346,0.09435623808905952,-0.06938412684603171,0.007092175773043943,0.03435832235246496,-0.2571949056451745,0.1756090384022596,-0.2506670637607661,-0.2029866867466717,-0.30745177086294273,-0.35610646041015503,-0.18321983630495908,-0.2606168796542199,-0.2988928752232188,-0.2590152047538012,-0.3271966297991574,-0.36581455645363914,-0.232376788094197,-0.3193039593259898,-0.3450366232591558,-0.19243936660984165,-0.2657315014328754,-0.3015610280033424,-0.23042473710618427,-0.29132444933111235,-0.31857750914437727,-0.18401509900377475,-0.268056688014172,-0.3235863643965911,-0.13386643546660887,-0.21656872214218054,-0.2876503373783221,-0.06330278182569546,-0.14073498068374518,-0.2575303963825991,-0.28744060786015196,-0.02314904611733001,-0.07234457625721445,-0.38069478112336025,-0.4392319316842417,-0.30750160992329806,-0.022384270702987256,0.03409183290826675,0.2781703296828866,0.2922308905400794,0.11288260944330637,-0.2594568179060934,0.28053705863426465,0.2570294145255461,0.42448401178217754,0.03743913635978409,0.11288260944330637,-0.16306642826660706,-0.10109579077394769,-0.1011083367770842,0.2772944943236236,-0.22097752174438043,-0.22952542388135597,-0.20298800674700168,0.2931276807819202,0.08045143605215797,-0.02441971286408561,-0.012485464621366155,0.14060126465031617,0.15462857665714416,1.0,-0.20306179026544757,-0.15846820423590222,-0.16006316732581552,-0.18685145660300273,-0.20303819383568777,-0.09960170340042585,-0.22999718149929538,0.15896667611089405,0.2819473793425751,0.10831183811857648,0.08629666038888759,-0.11438109309527328,0.12341799085449771,0.05526590131647533,0.03518577508602777,0.04185082197839955,0.1215702063925516
dct_block_var_mean,-0.5707594136538882,0.583834195958549,0.4556984054246014,0.6010924022731006,0.24039429609857402,0.20606948001737,0.5043035940758985,0.4278880444720111,0.40933164333291083,0.5410316027579007,0.46526168781542193,0.4512424248106062,0.5584951066237767,-0.01284918246711406,0.24540561885140472,0.2287957051989263,0.5059500034875009,0.46617309104327276,0.4400899565224891,0.5456332529083132,0.4789708557427139,0.45605251501312877,0.55999651999913,-0.02332891483222871,0.2301120500280125,0.21732702491325387,0.4960255420063855,0.42433672008418,0.4059364824841206,0.5259296979824245,0.46739083184770797,0.45376220494055125,0.5592319145176906,-0.047650812680572224,-0.006992665748166437,0.2847815018021685,0.8097193004298251,0.7831238752809688,0.34470963605667515,0.8494754948688737,0.8360040500010125,0.39286411871602966,0.8616715344178836,0.8074519658629915,0.41020353655088415,0.8738892309723078,0.8085421106355276,0.3547310446827612,0.8944683586170896,0.842006156001539,0.3968605376139571,0.8331850287962572,0.7611142137785535,0.3913942683485671,0.864481524120381,0.7819503484875872,0.35660604065151014,0.8686130726532681,0.8013053783263446,0.37976519172612183,0.7396687294171823,0.6880814545203636,0.3574764443691111,0.7943089610772402,0.38012133780328256,0.408313004542817,0.19377507818887835,0.07958529473680984,0.023566237102274738,-0.3868667591305252,-0.4295585910451227,0.08081026275614676,-0.194256450257501,0.2910970893209998,0.24256228366345348,-0.1750419812604953,-0.032512584603047776,-0.1201990368364759,0.3501660335415084,0.2910970893209998,0.673814563953641,0.7473863483465871,0.7470256087564022,-0.393964335991084,0.3692042588010647,0.8826073126518281,0.9999918819979705,-0.5978154579538645,-0.47437176162233363,-0.24651773272187733,0.25014104653526165,0.20703232575808145,-0.04030234607558652,-0.20306179026544757,1.0,0.5818887154085954,0.6288735202042076,0.6834855543840027,0.7112027388173857,0.6409923777480945,0.726072324018081,-0.39431015762327204,-0.2276748262540846,0.6312164277908131,0.6476279538927094,-0.6248151077037769,0.6141841145460286,-0.04990294997573749,-0.06713290085874973,-0.07504057728828453,-0.04212064953016238
ela_q95_mean,-0.5689459878765613,0.5582063262202362,0.5194793157594384,0.5491373291961853,0.1914056729949725,0.16376291531355103,0.45794292607918874,0.43352046520525667,0.42807807684057775,0.5134902755076866,0.4000607608152358,0.3805777794298782,0.4517445930249567,0.07022176538444083,0.1721170121583408,0.15171178179172928,0.448709942264018,0.4417079757582749,0.4168495255250185,0.5104077814847512,0.4034197401574998,0.38600727079132313,0.4535590812299396,0.07684112376791179,0.1708885846003126,0.15031871874878824,0.44408529710438827,0.4106220782134861,0.3862609831049415,0.4768701903252002,0.39464187895645114,0.3821399098215824,0.44332939158109347,0.04625098086477757,-0.17381638433445837,0.1489437981535113,0.37403088153824354,0.45560910999398435,0.37096875915952965,0.46738700644729186,0.5759702996745526,0.5147485493231987,0.5846330185967294,0.6635379531321417,0.5806695061028787,0.49847235124194206,0.586556510329045,0.4591546541330295,0.5499277333943792,0.6617183124258669,0.5610256753875728,0.6500695015049275,0.7236040859437245,0.6312432712842503,0.5818530543996534,0.6722128490573719,0.5208753076094834,0.6066675883718978,0.7155432751724763,0.5914144262407282,0.6592135127977883,0.7417735732497235,0.6494150258408178,0.49540082522175694,0.6711395189431263,0.6432093119466691,0.5143354624469823,0.17550356280130552,-0.14558921598614205,-0.6018783121977856,-0.362848796072872,0.1586819330333354,-0.3793651657853472,0.5537665941333578,0.46066098952898676,-0.3315543853872621,-0.051625447543809634,-0.16190329349366675,0.6131527627480553,0.5537665941333578,0.7233103461200693,0.6460508444972493,0.6457552746731351,-0.6008062244021608,0.6664647583660381,0.7439998543079634,0.581480087556132,-0.635838580186524,-0.6850673220672596,-0.4300807972540402,0.4166098329649156,0.4218904012890181,-0.09924512038571394,-0.15846820423590222,0.5818887154085954,1.0,0.979552354490085,0.9306414690563295,0.9086324424303222,0.9588571511834306,0.8045235322342758,0.04042791641762098,-0.5224594109526196,0.44598643449834335,0.40420544665766983,-0.443212737885594,0.4343317719086918,-0.005062071519314433,-0.07323997994731996,-0.03042034213930842,-0.14819495965988613
ela_q90_mean,-0.6399424072155586,0.6213723288260968,0.6052175422813422,0.6082109182808086,0.20838294267387927,0.1880008978207248,0.523868952663689,0.47316216446797693,0.46712640220677293,0.5829394197034572,0.4503195849987661,0.43989526113877603,0.5112080217437085,0.07795869529814285,0.19674274775946546,0.18552500845082398,0.5140075324446359,0.49581621188998404,0.46875334536411883,0.5812092360202624,0.45444119153071333,0.4467622793581057,0.5134965678167032,0.07984476949113416,0.18615804385932022,0.17749745500748684,0.5109348251753069,0.4501769222130469,0.42469018483180504,0.543952618942137,0.44586217338274164,0.44430385374257736,0.5056576822936638,0.04474984797102438,-0.17179573301335666,0.16384135408321954,0.39711060267656717,0.48885184964628187,0.4063633161456015,0.48805596594701245,0.6069404577127171,0.5512140735102237,0.6355004011134129,0.7221010477960499,0.6314919073597863,0.540304371278707,0.6397533416782429,0.5034717278067339,0.5906944028951111,0.7141055357941736,0.6081307442387841,0.7270574210370018,0.8070618258181046,0.6943056950867884,0.6487181644228104,0.7496182351856656,0.5757431101516812,0.6744104543555175,0.7934864819191779,0.6478787309485463,0.7574184816386523,0.8450625225825291,0.7171814388143027,0.5221759397398009,0.750027067231779,0.7121638358168266,0.5442911243881925,0.12315719822971058,-0.20845785440215783,-0.6737231737226363,-0.38064477475461944,0.21324276271790757,-0.3757851448371259,0.6348974228361636,0.5029681917465002,-0.35751312176234784,-0.05667079862432951,-0.11974194776316448,0.6943841916064419,0.6348974228361636,0.821618073212625,0.73587410899448,0.7355877731727887,-0.6785951411532585,0.7461738938232887,0.8269274880419698,0.6283983935852477,-0.7100168287704635,-0.7582936120248157,-0.5238190230976201,0.5059622549302996,0.5179340564277394,-0.11751585317303173,-0.16006316732581552,0.6288735202042076,0.979552354490085,1.0,0.9822808056752673,0.96780773667779,0.9740755726341715,0.8937787780298615,-0.10660915552222418,-0.5291799689418772,0.5248299596011123,0.4749833722801994,-0.5217491063829325,0.5122565160062252,-0.009988243000806342,-0.0726782357785763,-0.03577440822043286,-0.17494194105108848
ela_q75_mean,-0.6902364060856174,0.6679717532439171,0.6588281957011701,0.6491103510144205,0.21542966851898937,0.2023018887271986,0.5739929991787446,0.4930899058922939,0.48503409087229826,0.6272486607826017,0.4874712809834237,0.4871981391649334,0.5544129595190496,0.08726109316344202,0.21387232687848595,0.210352175495808,0.5643655347646579,0.5312136919518332,0.5003960537243105,0.6259775004638582,0.4921616434095321,0.49489815559571254,0.5569638316586808,0.08609346133793543,0.194001471645869,0.19590419744644158,0.5618694456387635,0.47159814425323465,0.44500169458417493,0.5866114590928234,0.4838575820772887,0.49335964870993193,0.5515728935137428,0.05003746856565929,-0.16199348936986746,0.1943600753086739,0.43737504242179187,0.5361117669300256,0.44401739900386933,0.5192588382041536,0.6426997469069615,0.5755824985773115,0.6869973102645756,0.7739056003068293,0.6634029673482941,0.5924726423125151,0.6964529098855672,0.5401352846889227,0.6361487832643073,0.7617472077581123,0.6367548189050539,0.7954616962120203,0.8708089643553478,0.724594353192034,0.7160036920379258,0.8170834561336766,0.6132275317668036,0.7370374443121391,0.8542295411980575,0.6770233612713754,0.8307318793060188,0.9103121012607593,0.7407861950021384,0.5569885179148709,0.7742495636640605,0.7408621038239971,0.5488200809911754,0.09622512388318755,-0.22289711459279102,-0.6930902907795171,-0.397664589847486,0.23335479426911407,-0.37127389498820496,0.6560310371634944,0.5191567885126162,-0.3696954724511397,-0.0671131448444741,-0.10864108242878076,0.7189734107825827,0.6560310371634944,0.8896512910800612,0.8092749259256877,0.8090149848605075,-0.7319590422887299,0.7822337231451061,0.8938071951221542,0.6829755730061249,-0.772535976213396,-0.77832422256316,-0.586521166790128,0.5685704250690341,0.5720152614328268,-0.13481262305426522,-0.18685145660300273,0.6834855543840027,0.9306414690563295,0.9822808056752673,1.0,0.9969611721118743,0.9541013429909118,0.959985439466349,-0.2685145320314048,-0.5207422330213932,0.5952197387245569,0.5443171713957686,-0.5914138977970349,0.581359629275927,-0.01716798955487338,-0.07235783347512931,-0.04232452437874618,-0.19130064596863697
ela_q60_mean,-0.7079391875157512,0.6861147675359849,0.6726894326746167,0.6648349252080444,0.2188674982989499,0.20707242309575793,0.5887945144194265,0.4960920319590425,0.4873331697660424,0.6373724510821275,0.49820312723760796,0.5008353751466571,0.5687074738901338,0.0900172095718153,0.22126946990034352,0.21841493168563852,0.5796868053890839,0.5399756574464052,0.5078020833909467,0.636328431320731,0.503153541727068,0.5087133283690995,0.5712546987778953,0.08829723710742074,0.19831401240287086,0.2019591648912606,0.5770264294729923,0.47631836400821037,0.4497832276144756,0.5968753074426552,0.4950635942015474,0.5072497225026493,0.5668036698760203,0.05255300892766699,-0.1541496903452287,0.20612319518539118,0.46131292800122436,0.5598386189195942,0.45508262036196706,0.5380973884761336,0.6593704478398759,0.5774266453231963,0.7080333760238565,0.7911466778333495,0.6654429781102856,0.6194815228526863,0.7201847425662549,0.5477228031360968,0.6590883052692345,0.7797459714788976,0.6376329218864552,0.819190642104857,0.8876038592338162,0.7217005784457823,0.745341064364769,0.8397081864919372,0.6169355369652351,0.7626706272036583,0.8723368981613508,0.6750157957633417,0.8508963052931624,0.9223668854376089,0.7328789637445705,0.575166582007333,0.7680544152711737,0.7412338775909352,0.5381962840757579,0.088967638188474,-0.21872692987585135,-0.689453909766875,-0.4071087611459647,0.2368126735411648,-0.36278341617318055,0.6476752153647792,0.517641423436818,-0.37091231161717003,-0.07380917748351286,-0.10709697748811717,0.7138168284718884,0.6476752153647792,0.9065240374709559,0.8345166581921083,0.8342765471319905,-0.7402080705795957,0.7799670520342507,0.9156407877535623,0.7106894551888724,-0.7920413830573613,-0.7719257262707292,-0.600662627866154,0.5848018599197656,0.5773560523055216,-0.1366719372192363,-0.20303819383568777,0.7112027388173857,0.9086324424303222,0.96780773667779,0.9969611721118743,1.0,0.9409949041015991,0.9743166114445216,-0.3215388889964535,-0.5077021145563052,0.6190825462349485,0.5715098942704222,-0.6148422751911347,0.6045353766105449,-0.020411084110425186,-0.07041812896015943,-0.043974329026563,-0.1895214114514234
ela_q90_energy,-0.6462935053157364,0.619614631903658,0.6408946737236685,0.6139119244779812,0.262019488004872,0.24722039580509894,0.545529035882259,0.5137339539334885,0.5054598498649625,0.6285264491316123,0.47301252425313106,0.4737034094258524,0.562853152213288,0.03252854089433343,0.24694609073652268,0.240253380063345,0.5385874856468714,0.5211799527949882,0.5014902968725742,0.6276003024000756,0.4763953430988358,0.4808881007220252,0.5672074463018616,0.033738108934527236,0.24051611262902817,0.2344995969628366,0.5355564123891031,0.49173905393476347,0.47204306501076626,0.5942770665692666,0.4676985044246261,0.477218907804727,0.5605426688458707,-0.005424558608173861,-0.10783074895768724,0.08785319799624444,0.39478711769677943,0.4425943451485863,0.2878727220761328,0.5014983548745887,0.5799397149849288,0.4453435803358951,0.6392262248065562,0.682913831728458,0.5151149082787271,0.541994263998566,0.5887509496877374,0.3779006804751701,0.6046408136602034,0.6801642455410614,0.49929015425977236,0.7328397572099393,0.7672499263124816,0.5802670270667568,0.6584913776228444,0.7007068886767222,0.4462561955640489,0.6946448231612058,0.7607114636778659,0.5322416039595822,0.7897626189406547,0.8284154626038657,0.6045736031434008,0.4930470857617714,0.7089502687233853,0.6593603048331531,0.4120288214263583,0.009174391581455414,-0.28221400380224576,-0.6530603254843874,-0.35969538539927476,0.25420817992185823,-0.23027118687435683,0.6191514914185997,0.46689904450002256,-0.3389079172269793,-0.07073324640540393,0.009193911877775459,0.676695556173889,0.6191514914185997,0.7945542216385554,0.754081792020448,0.7537835244458811,-0.6014139543534885,0.6443466665866666,0.802694303673576,0.640546264136566,-0.654373044093261,-0.6737437057384704,-0.5479459206919599,0.5238802414700604,0.5623332715833179,-0.09372897993224498,-0.09960170340042585,0.6409923777480945,0.9588571511834306,0.9740755726341715,0.9541013429909118,0.9409949041015991,1.0,0.8628575562143891,-0.08014547384647756,-0.35107309964992733,0.6089322804614197,0.5572011864681975,-0.6063955650988913,0.597985419996355,0.013382353845588462,-0.06001471807119608,-0.013413981358525583,-0.1492917808229452
ela_slope_q90_q75,-0.7198234352257926,0.6954808708702177,0.6906329926582482,0.6672955458238865,0.20513439478359868,0.20139299184824797,0.6133380393345098,0.49036139509034876,0.4806099976524994,0.6497592379398095,0.512285264071316,0.5266519226629807,0.5810912382728096,0.10228068835852734,0.21799866649966662,0.22400042900010725,0.6037423149355787,0.5526496861624215,0.5165474416368604,0.6493757988439497,0.5164346011086502,0.5341601910400477,0.584509827627457,0.09644319911079978,0.18521486080371521,0.2004282516822235,0.6027781506945377,0.47037394409348604,0.444385344096336,0.60700392025098,0.5095195873798969,0.5340783900195976,0.5841722437621255,0.06086999499032499,-0.14378637444659362,0.23851083121714936,0.4770752527688132,0.5820138420034605,0.4802992667549289,0.5381058145264537,0.6619217989804498,0.5828653877163469,0.7266201811550453,0.8087246306811576,0.6752983553245888,0.6395290193822548,0.7445891731472933,0.5676746919186729,0.66704208026052,0.7885452756363189,0.6440524530046329,0.8513017003254251,0.9147964836991209,0.7275428343857085,0.77492587973147,0.87105168026292,0.6356448059112014,0.7849806957451739,0.8924292356073089,0.6805261338919281,0.8875057663764416,0.9511653307913327,0.7306578791644698,0.5808789027197256,0.7593304869184865,0.7369948375039103,0.5316929753251889,0.06665787233799488,-0.21632002119344665,-0.6724659829123594,-0.39791074870742554,0.2399831267915499,-0.3542702652320535,0.6399949255284526,0.5171613908721543,-0.3728457152114288,-0.0859130220892974,-0.10241327498663325,0.7053938678484669,0.6399949255284526,0.9369009467252367,0.8689676052419013,0.8687721566930392,-0.7699217374804344,0.7892387933096984,0.9401786935446734,0.7255132408783103,-0.8216021054005264,-0.7588047383900879,-0.6401960885390957,0.6237784619446155,0.6115872103968026,-0.1541810995452749,-0.22999718149929538,0.726072324018081,0.8045235322342758,0.8937787780298615,0.959985439466349,0.9743166114445216,0.8628575562143891,1.0,-0.5035765735218258,-0.48836229677371007,0.6570866012680578,0.60781080765856,-0.6522491755622939,0.6415831963957991,-0.02826949006737252,-0.06716264136621831,-0.050271131086634446,-0.20728951132237783
ela_ratio_q90_q75,0.39394043467829165,-0.37389834675501044,-0.3997573662391596,-0.3416844406773735,-0.06236568438819536,-0.08605244607765085,-0.3535491624024525,-0.17613607191612005,-0.16736127221583902,-0.3264130890980821,-0.27968130188008644,-0.31999174648793044,-0.3144102150883614,-0.05248382443000041,-0.11242552319069994,-0.14338621120409245,-0.3495609164023998,-0.2799286954421204,-0.24937764178144367,-0.32978887744456103,-0.28450845759049576,-0.3271397695302972,-0.32183649195050035,-0.034824103982144076,-0.0544579314053263,-0.10598258211487593,-0.35488949598854114,-0.17814200966910892,-0.16548445374522677,-0.3024524693399567,-0.28759009961321746,-0.33312579553129323,-0.33422688668272693,-0.02057257791628863,-0.012775395953430536,-0.1682609732545369,-0.2835876313595986,-0.3333115240778647,-0.267960525541587,-0.23622121498246965,-0.27837161480168243,-0.2185287270460783,-0.3807481974726105,-0.3937684542374399,-0.2778966651825888,-0.37274551771593856,-0.41015608359663797,-0.28336594930401177,-0.33527291256968283,-0.36471022795108965,-0.24982822323811257,-0.4877324647989155,-0.4718698670713692,-0.28148448758223527,-0.47337182869798605,-0.4858642098304506,-0.30037858756993085,-0.4451572933731913,-0.4495471412239457,-0.26179253384082224,-0.5171320169208532,-0.48374576454925045,-0.2466201790900099,-0.2713075242803617,-0.2566663272065101,-0.28023004106513466,-0.12213040180602555,0.14362772596525186,0.13040627589899628,0.21199207386076743,0.15780327065169136,-0.13607275130852545,0.04306752222304935,-0.20259664659424956,-0.14498015076687548,0.08928064338712133,0.02515727286007674,-0.04972968614863735,-0.24251408481040676,-0.20259664659424956,-0.49859968627387136,-0.5163527952254634,-0.516508925014613,0.406038584064175,-0.3221029422673128,-0.48976735405916405,-0.3940248553017325,0.4485532934747383,0.23249819398822014,0.4370006912417986,-0.4340640450915593,-0.38270995346452086,0.10619258812779148,0.15896667611089405,-0.39431015762327204,0.04042791641762098,-0.10660915552222418,-0.2685145320314048,-0.3215388889964535,-0.08014547384647756,-0.5035765735218258,1.0,0.09504387436789295,-0.4656203834289188,-0.4456750743372812,0.4609796828406555,-0.45569231726484855,0.022641686677402934,-0.005885747232472584,0.02683198123818129,0.10809396385456144
ela_q90_gini,0.24927039625455186,-0.27842110420968397,-0.10443192514714326,-0.2527613312851183,0.12800823505006184,0.1685066979398645,-0.13916695684392683,-0.06266002418850355,-0.06311860430332056,-0.07038340987224624,-0.11271787022173675,-0.05997430426606643,-0.020681393178103816,-0.20602511691079806,0.11852175717488496,0.15564185996883068,-0.12510424857297622,-0.11696577153530505,-0.07382702973444256,-0.06821009307810205,-0.10813940407540329,-0.05438100761564478,-0.018537972141444776,-0.21030097440410647,0.14171294273137805,0.1635356262565583,-0.1293609968887596,-0.03975380345335854,-0.01200980325695449,-0.03643874637335112,-0.10900394954186386,-0.058251775834788376,-0.013855956474381086,-0.21619560846104882,0.3560903916561318,-0.37443258238897004,-0.18658490571619576,-0.3994133567531192,-0.6557586954314929,-0.16557492845582272,-0.37481761509496037,-0.6718177329563649,-0.26874094328601367,-0.46365256333701055,-0.7242154430754416,-0.23080340253740192,-0.4762360094875909,-0.725431396629886,-0.20424097963683527,-0.44028116323539623,-0.7027472632138763,-0.2902993941837108,-0.48814223921861316,-0.7369666545180261,-0.23413934487263846,-0.5006306723454046,-0.7692300095959637,-0.20282580428251074,-0.455015348924468,-0.7408462635450179,-0.19195316556027384,-0.40582618085873,-0.737758131216192,-0.34709807315468005,-0.4637169859989887,-0.5029325694015953,-0.7753609678235288,-0.5576993766183472,-0.2440097637549465,0.3611538944175182,0.25762866928025413,0.10951557318575285,0.8131545496143596,-0.3065423140236774,-0.31597266821712605,0.17898851306424896,-0.09009294305052527,0.6211421591258192,-0.3380290633840267,-0.3065423140236774,-0.42908085993112033,-0.22466033774933206,-0.22453148021706937,0.5721955102634508,-0.7082941278391423,-0.43544456052443187,-0.2273415884206502,0.5161463469801416,0.6541718547541255,0.09944490468580985,-0.11384965875510832,-0.02976798295315873,0.14754104569058932,0.2819473793425751,-0.2276748262540846,-0.5224594109526196,-0.5291799689418772,-0.5207422330213932,-0.5077021145563052,-0.35107309964992733,-0.48836229677371007,0.09504387436789295,1.0,0.09966904974201422,0.11041052847684396,-0.1030802260587116,0.11196304003274615,0.08735638362185455,0.09181860659237956,0.10529651715310168,0.175293072389003
phase_corr_q90,-0.5982772447680191,0.533117144229205,0.7503515853692782,0.5571518504968945,0.4217131978364419,0.42479441685790215,0.6257820884301903,0.5436891858761799,0.5325425518353414,0.7154384128778927,0.5432487085158954,0.5874832328411145,0.7235463266579115,-0.1521073986409302,0.4318473473737796,0.4383880480114075,0.6231761430277268,0.5541235274886782,0.5549197216880253,0.7168810524890935,0.550776698900716,0.5940919029957602,0.7279283677550651,-0.1809475450547416,0.4146991495802996,0.42059992171543037,0.6213034420588494,0.5617745321542985,0.5530716829753226,0.7169703242614449,0.5413751300467982,0.5986888708967261,0.7305248649291098,-0.22611641744869168,0.16714552484906078,-0.0018231162071463889,0.38844509450694054,0.3123103141946949,-0.01721287031612723,0.46505738718874334,0.42087865387749296,0.09193789776895116,0.578509452094304,0.48578101362742127,0.11314988082990142,0.5126710051100029,0.4101219164342748,0.011495876878280173,0.566263305028175,0.4896664376002343,0.1097357112662296,0.7155154821471889,0.5815067235947459,0.14128563162439,0.6746440411640018,0.5259241114282494,0.03495717950240382,0.7190317590275767,0.5913815425671537,0.10359755001593475,0.8853252664133135,0.7151034380440233,0.136244285612163,0.3365475640130963,0.48183251570576563,0.4436538563334516,-0.04270581058654866,-0.40001300095543996,-0.4332235434752048,-0.4790635057873799,-0.23765156343497357,0.40207787731732786,0.1620065660669165,0.5062008687693661,0.26510341717350944,-0.1983475659112718,-0.08273065778354396,0.3744967479946577,0.5209089779225854,0.5062008687693661,0.6558548069596473,0.7922253078534115,0.7919875570438846,-0.2714202552068464,0.2557825892915658,0.6651746737931089,0.6309987807363198,-0.43254991604968523,-0.364518763849563,-0.6590930627675855,0.6117640014204119,0.7529894387797307,-0.02596159325013391,0.10831183811857648,0.6312164277908131,0.44598643449834335,0.5248299596011123,0.5952197387245569,0.6190825462349485,0.6089322804614197,0.6570866012680578,-0.4656203834289188,0.09966904974201422,1.0,0.9805402952381816,-0.9998369593341787,0.9991979374241836,0.08174794746764234,0.033662540466128925,0.07226897862144639,-0.04994071700390702
phase_corr_q75,-0.5658112398393476,0.5079599331209532,0.7005253644067351,0.5273178594749532,0.40306720181910083,0.39928929262179014,0.6007406661357221,0.513093746658257,0.5025292417592073,0.6795802366547443,0.5296570125614959,0.5706541070915173,0.7078292119881749,-0.1691201839703062,0.41800869806568103,0.41973668349897336,0.6016825343718954,0.5269919783932386,0.5316595595636345,0.6798019224603321,0.53869483582773,0.5760211654373072,0.7107012439583369,-0.19575868383648998,0.4029680690442433,0.3999217776803564,0.5965603428375059,0.5354103232541385,0.5323158517281998,0.6829965077613743,0.5284687752635454,0.58023860399483,0.7125815569470435,-0.2347342084476281,0.18169000105876776,0.011971183506263458,0.4141192083403915,0.32505768650821487,-0.037013026794896355,0.48678910406236786,0.42581509602313533,0.058663838709957554,0.5829846156833924,0.47226520942050126,0.06993272428563062,0.5288717811145991,0.406876925274389,-0.020242796825881305,0.5793827345302207,0.48036938445262317,0.06632978190706648,0.7071364293144596,0.552018779668709,0.08309813083685631,0.6772949245817024,0.5060630108953,-0.0036206341578740153,0.7169086932648548,0.564770975116322,0.05568335675436423,0.8508061930896529,0.6657789679440762,0.07739215490608284,0.3512592963282686,0.4402010173617009,0.41282520378612686,-0.0699770033028037,-0.3827702400165045,-0.38824655579899114,-0.4469179758808389,-0.2559526879235802,0.38012660994857017,0.16145019306892675,0.46607095243445323,0.23558657783836928,-0.18031385496369914,-0.08426689759034604,0.3508081487408636,0.47849882773358104,0.46607095243445323,0.6118301561664117,0.7686311512342612,0.7683802221713407,-0.20258066904710276,0.19779100884609546,0.6394781690991509,0.647486038107124,-0.39356260768582385,-0.324198063652132,-0.6153362970263276,0.5749821249267678,0.6927937249680265,-0.015122781792037535,0.08629666038888759,0.6476279538927094,0.40420544665766983,0.4749833722801994,0.5443171713957686,0.5715098942704222,0.5572011864681975,0.60781080765856,-0.4456750743372812,0.11041052847684396,0.9805402952381816,1.0,-0.9795412916199788,0.979099489759197,0.08319968011231979,0.03646370118429473,0.07561553948895236,-0.02417683206234064
phase_diff_energy_q90,0.5944744435915388,-0.5285149966287491,-0.7497371714342929,-0.553710943927736,-0.4227034176758544,-0.4253952748488187,-0.6231099657774914,-0.5430180442545111,-0.5323817650954413,-0.7146747661686915,-0.542102900025725,-0.5861879890469973,-0.7224843426210856,0.1557460042449058,-0.43228315057078764,-0.4384613716153429,-0.6206485641621411,-0.552262500065625,-0.5538644419661105,-0.715946215986554,-0.5495525888881472,-0.5928627372156843,-0.7269149117287279,0.1847343671835918,-0.4154569923642481,-0.42096323439866984,-0.6187559161889791,-0.5612614568153642,-0.5528197352049338,-0.7165323351330838,-0.5402820000705,-0.5976318309079577,-0.7295691656658798,0.23007808110579955,-0.1686705616676404,0.005015170255673253,-0.3829171677292919,-0.30595811698952924,0.02198162125364842,-0.4599174369793592,-0.41509730577432646,-0.0876294624073656,-0.5722246235561559,-0.47938439534609883,-0.10837299459324864,-0.5063416355854089,-0.40352171138042786,-0.006903957225989307,-0.5603786330946583,-0.4835786948946737,-0.10568232096021112,-0.7094309703577426,-0.5756408204102051,-0.1373392063348016,-0.6686723436680859,-0.5198244939561235,-0.030435192108798026,-0.7137344324336081,-0.5859975609993903,-0.09978294777057416,-0.8820989055247264,-0.7114781108695277,-0.13259571464892866,-0.33051475362868843,-0.48060979181286523,-0.44162434024111463,0.04610045917843329,0.4039920337171788,0.43657909682402585,0.47823641957311,0.23445578316716573,-0.4047391578755157,-0.16555802005136813,-0.5069818524428384,-0.26331385887469283,0.19667736416934103,0.08157356785737375,-0.37916106806053124,-0.5206289846572462,-0.5069818524428384,-0.6515856248964063,-0.7878539974634994,-0.787618471904618,0.26723540180885047,-0.25270893017723256,-0.6592836253209063,-0.6246024136506034,0.4269655487413872,0.3626367596619117,0.6580015789971453,-0.6099671019917755,-0.7545769151442288,0.024601675650418913,-0.11438109309527328,-0.6248151077037769,-0.443212737885594,-0.5217491063829325,-0.5914138977970349,-0.6148422751911347,-0.6063955650988913,-0.6522491755622939,0.4609796828406555,-0.1030802260587116,-0.9998369593341787,-0.9795412916199788,1.0,-0.9995091803772951,-0.08276786369196593,-0.035065628805856036,-0.07392540050907215,0.04870848767712192
phase_hf_stability_q90,-0.5882222297761408,0.5205258071314518,0.7499564384891096,0.5472709188177297,0.42524454431113606,0.4272454248113562,0.6157576614394153,0.5424947436236859,0.5306049006512251,0.7116658389164597,0.5405377021344255,0.5846256861564215,0.7182855490713873,-0.16387143352931016,0.43468248067062015,0.44005922751480686,0.6137709664427417,0.5502797455699364,0.5517131354282838,0.7128410097102524,0.5479300144825037,0.5913193883298471,0.722656388164097,-0.19283580020895005,0.41827951906987976,0.42272424233958217,0.6118271264567816,0.5611065982766495,0.5519439374859844,0.714320544080136,0.5385429956357489,0.596233748058437,0.7252361528310017,-0.2379603618293256,0.17343870735967684,-0.011481945624792135,0.3722075220518805,0.2932830388207597,-0.032259526326978906,0.4514669943667486,0.4040635985158996,0.07613083303270826,0.5582259210564803,0.46440112710028175,0.09616961104240276,0.4947176451794113,0.3901564980391245,-0.004268570567142642,0.5513193253298313,0.47206738151684535,0.0943033961112128,0.6960641250160312,0.5615116268779067,0.12563047190761797,0.6587036816759204,0.5074980593745149,0.01860560415140104,0.7064163281040821,0.5756193599048399,0.08824269637685611,0.8745471326367832,0.7014094993523748,0.12142017485504371,0.31927873231968307,0.4761610364263503,0.4378581287727806,-0.05827597829045907,-0.4149526552946085,-0.44207200697945165,-0.4745696233112737,-0.23143499647593244,0.4124177517244111,0.1750796001887288,0.505618134526734,0.25832050987073807,-0.19321082580270646,-0.08147271757293338,0.3886875135243082,0.5178403939600985,0.505618134526734,0.6431199422799856,0.7818511849627963,0.7816231534057884,-0.2569310487327622,0.24308880377220093,0.6474305683576421,0.6139857769964443,-0.41495298023824506,-0.35488591614285225,-0.6581152497756056,0.6094375643593911,0.7567371106842776,-0.018770812692703174,0.12341799085449771,0.6141841145460286,0.4343317719086918,0.5122565160062252,0.581359629275927,0.6045353766105449,0.597985419996355,0.6415831963957991,-0.45569231726484855,0.11196304003274615,0.9991979374241836,0.979099489759197,-0.9995091803772951,1.0,0.08473974018493505,0.037771081985262966,0.07642738163550568,-0.04299392874848219
grid_h_ratio,-0.002573858894429921,-0.006204474051118513,0.030982837745709438,0.008017797504449376,0.029586320896580223,0.021555918888979723,0.02968345492086373,0.1015663123915781,0.08257007664251916,0.02695223023805756,0.03577212144303036,0.10547031236757809,0.040438216109554025,-0.050395419617753186,0.04176094044023511,0.021899727974931994,0.029943443985860997,0.07576510594127649,0.06721181430295357,0.019823955455988865,0.03549735587433897,0.10602424450606113,0.0396363444090861,-0.05356696789174197,0.04089411272352818,0.015667674922794108,0.02345552536388134,0.09860130065032516,0.06730430582607645,0.025855483963870992,0.028200850050212514,0.09978916744729187,0.041816433719789596,-0.04951727589788795,0.037697878924469734,-0.07821633008341365,-0.11319631629907907,-0.12157555539388885,-0.10269302121176518,-0.01055796263949066,-0.030031399507849877,-0.06464139866034967,-0.005174935293733823,-0.029537516884379222,-0.08784948696237174,-0.10147604236901059,-0.10216724404181102,-0.09528392532098133,-0.007518756379689095,-0.028525732131433033,-0.06109301804616439,0.008426628606657152,-0.022751489687872422,-0.08248627312156828,-0.059620652905163225,-0.07577663344415836,-0.09934657733664433,0.0035508623877155967,-0.024821187205296802,-0.05634639662885896,0.02955812988953247,-0.005864432966108241,-0.05412215853053963,-0.07260819615204904,-0.014751980584639066,-0.04034831140891794,-0.06760673599078844,-0.10268546938402061,-0.09912840887482435,-0.007700630649979557,0.038012395927718864,0.0380374870662916,0.08981348809354461,0.009741978722521272,-0.02346930289372869,0.019255969813992455,0.00897537081508917,0.11461236489162287,-0.0009814472453618113,0.009741978722521272,-0.03356966489241622,-0.0054655183663795915,-0.005457200864300216,0.05319199329799833,-0.06200420900105225,-0.04184235296058824,-0.049714629428657356,0.03699363324840831,0.040926092231113535,-0.05570578544733603,0.04545077036269259,0.08626206806551702,0.05175776643944161,0.05526590131647533,-0.04990294997573749,-0.005062071519314433,-0.009988243000806342,-0.01716798955487338,-0.020411084110425186,0.013382353845588462,-0.02826949006737252,0.022641686677402934,0.08735638362185455,0.08174794746764234,0.08319968011231979,-0.08276786369196593,0.08473974018493505,1.0,0.10482537157427144,0.6974425348721747,0.01422646255661564
grid_v_ratio,0.029189102091059176,-0.03809538581670376,0.006866901974450759,-0.03507080980715711,0.03811250907100384,0.032026236542588654,-0.006996228256927821,0.023560416666609636,0.0489321317880816,-0.020612568676331308,0.04471755747969662,0.045802011252030074,-0.028828678239601824,-0.05617196612724948,0.04091968252595527,0.02058045291826624,-0.016933604002451304,0.01955802641150938,0.05437800465567642,-0.021013581777035724,0.04357503944278178,0.04147888266638441,-0.023094551049619133,-0.06252852145247495,0.05092047453740417,0.01208929654045808,-0.016463068884288175,0.032366092377934946,0.0755949527337825,-0.008744648945999967,0.04042939765283249,0.04112698332801369,-0.018128355809281484,-0.06301044159712606,0.05581231401586736,-0.05067353324439361,-0.05469587273550104,-0.07488600080574695,-0.06838746144944656,-0.09345741396949309,-0.09755620249880136,-0.0792358653981067,-0.06891376130596831,-0.0812312386491948,-0.08478269954105543,-0.06622579888095374,-0.07762535849366815,-0.0737873975298602,-0.0655886407209474,-0.07986166480526058,-0.08299094837222351,-0.05317579785377224,-0.07071926525937548,-0.08380387729524869,-0.04506914256798843,-0.06598274406991661,-0.0844843022161204,-0.022293679098500163,-0.05602261556867934,-0.09299928092419388,-0.021709731951856437,-0.047423440409211474,-0.08830317267513424,-0.09795887909992351,-0.04084933441384943,-0.04030098943266589,-0.08932707802867737,-0.10736084620735585,-0.047300897308521495,0.009576147681165027,0.014389980263550897,0.04720468321445421,0.10012350535333427,-0.022674491069062924,-0.049991918110461345,0.041880863267331786,0.031122066913198305,0.08968992754695868,-0.024608028179691075,-0.022674491069062924,-0.041235695105313934,-0.0075077703853888384,-0.007411181611132982,0.07278814677892335,-0.07953548147334778,-0.06606808584134806,-0.0669161808043259,0.05216928485101166,0.06722267013006225,-0.03911562608757996,0.040568098937663846,0.03289877101170387,0.0365883826882576,0.03518577508602777,-0.06713290085874973,-0.07323997994731996,-0.0726782357785763,-0.07235783347512931,-0.07041812896015943,-0.06001471807119608,-0.06716264136621831,-0.005885747232472584,0.09181860659237956,0.033662540466128925,0.03646370118429473,-0.035065628805856036,0.037771081985262966,0.10482537157427144,1.0,0.7062527488725664,0.11472480631026699
grid_strength,0.024468870885569375,-0.036321258093934994,0.017655808420573033,-0.02948955363344699,0.060208278074647625,0.03603908102328491,0.012905313981167989,0.08136970812294067,0.08438354037752892,0.016607141658013094,0.03760694141583796,0.09337458162866087,0.01165338891771725,-0.06960415745324249,0.06550204790007524,0.02975487819987763,0.0070919770256537475,0.05548393764179089,0.07666175069418583,0.004383678347563466,0.03825245982745963,0.0912140373377146,0.012607203906528678,-0.07511858855781661,0.074384579124039,0.021315781594932234,0.00033006608264029544,0.07734041836410725,0.09225225134765744,0.016177704300492715,0.03119840356130029,0.0869932425309331,0.018985070510506432,-0.07225649336831572,0.07272913295955666,-0.06188853051854903,-0.11354428567865053,-0.129552235686641,-0.10356701146942812,-0.06184944498555479,-0.07333534836133784,-0.0745507266656382,-0.04417250080968989,-0.06420118232437103,-0.09917014582972526,-0.11031356986976006,-0.11513283407638333,-0.10197474003192554,-0.04189138498855552,-0.05958171441777175,-0.07883113826690792,-0.02446560687557632,-0.051130956051913125,-0.09153934916916455,-0.06881339397915352,-0.08821936833792435,-0.10817431208414338,-0.005879680472124998,-0.0403600571051493,-0.08154756697863276,0.008392338601231777,-0.02601907626452622,-0.07843625113847638,-0.11539177839121652,-0.027220090832656876,-0.04368589169807122,-0.08558995552733377,-0.11540718886520655,-0.09135148406531043,-0.007020451668545631,0.031239402586938265,0.054934278556409206,0.11387189031349018,-0.003923203198538582,-0.03143190115512314,0.02194462974438667,0.012078850879457195,0.121122803120806,-0.010061480519143184,-0.003923203198538582,-0.036680123433785905,-0.0018821622212463662,-0.0017813884460151322,0.06513828805899888,-0.07656623817027189,-0.06215633981239358,-0.07475715296732217,0.04980677072037022,0.06220775535964834,-0.06822017685620935,0.06390484000017431,0.07773028871172104,0.043033299274462304,0.04185082197839955,-0.07504057728828453,-0.03042034213930842,-0.03577440822043286,-0.04232452437874618,-0.043974329026563,-0.013413981358525583,-0.050271131086634446,0.02683198123818129,0.10529651715310168,0.07226897862144639,0.07561553948895236,-0.07392540050907215,0.07642738163550568,0.6974425348721747,0.7062527488725664,1.0,0.11694780378080637
grid_anisotropy,0.0117481769414498,-0.010348805587201396,-0.00519400779850195,0.00944113736028434,0.04671897567974392,0.02225974156493539,-0.1269276092319023,-0.030255654063913517,-0.05051604512901128,-0.11927921381980346,-0.08554226738556685,-0.0411812967953242,-0.0716152124038031,-0.05946386163826436,0.0379226419806605,0.014029959507489876,-0.12349295187323797,-0.0722407995601999,-0.058115848028962004,-0.11859918564979641,-0.08146127336531835,-0.037624251406062854,-0.07176352494088123,-0.053710796927699235,0.04232527808131952,0.010814152957593547,-0.12375498393874598,-0.054117163529290885,-0.03791475497868874,-0.10573169343292335,-0.08501435875358969,-0.04090534022633505,-0.07525215909125933,-0.058890164744624995,0.08494424273606069,-0.09053914066873735,-0.15123217530804384,-0.21540935385233848,-0.2236619854993696,0.037164465291116326,-0.02246833011708253,-0.11985803246450812,-0.18051288312822078,-0.23115512178878045,-0.2476242844060711,-0.17766270691567673,-0.24162018940504734,-0.24429691907422976,0.025715466428866608,-0.04856482364120591,-0.13055866168862493,-0.1927062976765744,-0.2428326052081513,-0.25286143821535956,-0.1684503796125949,-0.24604467751116937,-0.2688133617033404,0.01192103248025812,-0.07656952164238041,-0.1584841304898957,-0.16084976671244167,-0.22059571614892903,-0.26335704133926036,-0.07887355071838768,-0.16050078208050483,-0.07313947161988549,-0.30082900072175683,-0.15338767380852944,0.019877545490595297,0.1472781124320811,-0.08149419737021486,0.07431969200274798,0.1579741525524838,-0.147127379892242,-0.13465494981522427,0.09377571844392961,0.0068820526002209914,0.08027731776172131,-0.14050236512559128,-0.147127379892242,-0.1517539504384876,-0.07181993395498348,-0.07172594993148748,0.22097324824331205,-0.21825624806406202,-0.15885377471344367,-0.04183869595967399,0.18331930732982682,0.17712277960269388,0.096823664492225,-0.07579080544770136,-0.1582742015685504,0.6345659531414883,0.1215702063925516,-0.04212064953016238,-0.14819495965988613,-0.17494194105108848,-0.19130064596863697,-0.1895214114514234,-0.1492917808229452,-0.20728951132237783,0.10809396385456144,0.175293072389003,-0.04994071700390702,-0.02417683206234064,0.04870848767712192,-0.04299392874848219,0.01422646255661564,0.11472480631026699,0.11694780378080637,1.0
